image_path,species,instar,days_post_hatching
frugiperda/1/0/ct_d0_001.jpg,frugiperda,1,0
frugiperda/1/0/ct_d0_002.jpg,frugiperda,1,0
frugiperda/1/0/ct_d0_003.jpg,frugiperda,1,0
frugiperda/1/0/ct_d0_004.jpg,frugiperda,1,0
frugiperda/1/0/ct_d0_005.jpg,frugiperda,1,0
frugiperda/1/0/ct_d0_006.jpg,frugiperda,1,0
frugiperda/1/0/ct_d0_007.jpg,frugiperda,1,0
frugiperda/1/0/ct_d0_008.jpg,frugiperda,1,0
frugiperda/1/0/ct_d0_009.jpg,frugiperda,1,0
frugiperda/1/0/ct_d0_010.jpg,frugiperda,1,0
frugiperda/1/0/ct_d0_011.jpg,frugiperda,1,0
frugiperda/1/0/ct_d0_012.jpg,frugiperda,1,0
frugiperda/1/0/ct_d0_013.jpg,frugiperda,1,0
frugiperda/1/0/ct_d0_014.jpg,frugiperda,1,0
frugiperda/1/0/ct_d0_015.jpg,frugiperda,1,0
frugiperda/1/0/ct_d0_016.jpg,frugiperda,1,0
frugiperda/1/0/ct_d0_017.jpg,frugiperda,1,0
frugiperda/1/0/ct_d0_018.jpg,frugiperda,1,0
frugiperda/1/0/ct_d0_019.jpg,frugiperda,1,0
frugiperda/1/0/ct_d0_020.jpg,frugiperda,1,0
frugiperda/1/0/ct_d0_021.jpg,frugiperda,1,0
frugiperda/1/0/ct_d0_022.jpg,frugiperda,1,0
frugiperda/1/0/ct_d0_023.jpg,frugiperda,1,0
frugiperda/1/0/ct_d0_024.jpg,frugiperda,1,0
frugiperda/1/0/ct_d0_025.jpg,frugiperda,1,0
frugiperda/1/0/ct_d0_026.jpg,frugiperda,1,0
frugiperda/1/0/ct_d0_027.jpg,frugiperda,1,0
frugiperda/1/0/ct_d0_028.jpg,frugiperda,1,0
frugiperda/1/0/ct_d0_029.jpg,frugiperda,1,0
frugiperda/1/0/ct_d0_030.jpg,frugiperda,1,0
frugiperda/1/0/ct_d0_031.jpg,frugiperda,1,0
frugiperda/1/0/ct_d0_032.jpg,frugiperda,1,0
frugiperda/1/0/ct_d0_033.jpg,frugiperda,1,0
frugiperda/1/0/ct_d0_034.jpg,frugiperda,1,0
frugiperda/1/0/ct_d0_035.jpg,frugiperda,1,0
frugiperda/1/0/ct_d0_036.jpg,frugiperda,1,0
frugiperda/1/0/ct_d0_037.jpg,frugiperda,1,0
frugiperda/1/0/ct_d0_038.jpg,frugiperda,1,0
frugiperda/1/0/ct_d0_039.jpg,frugiperda,1,0
frugiperda/1/0/ct_d0_040.jpg,frugiperda,1,0
frugiperda/1/0/ct_d0_041.jpg,frugiperda,1,0
frugiperda/1/0/ct_d0_042.jpg,frugiperda,1,0
frugiperda/1/0/ct_d0_043.jpg,frugiperda,1,0
frugiperda/1/0/ct_d0_044.jpg,frugiperda,1,0
frugiperda/1/0/ct_d0_045.jpg,frugiperda,1,0
frugiperda/1/0/ct_d0_046.jpg,frugiperda,1,0
frugiperda/1/0/ct_d0_047.jpg,frugiperda,1,0
frugiperda/1/0/ct_d0_048.jpg,frugiperda,1,0
frugiperda/1/0/ct_d0_049.jpg,frugiperda,1,0
frugiperda/1/0/ct_d0_050.jpg,frugiperda,1,0
frugiperda/1/0/ct_d0_051.jpg,frugiperda,1,0
frugiperda/1/0/ct_d0_052.jpg,frugiperda,1,0
frugiperda/1/0/ct_d0_053.jpg,frugiperda,1,0
frugiperda/1/0/ct_d0_054.jpg,frugiperda,1,0
frugiperda/1/0/ct_d0_055.jpg,frugiperda,1,0
frugiperda/1/0/ct_d0_056.jpg,frugiperda,1,0
frugiperda/1/0/ct_d0_057.jpg,frugiperda,1,0
frugiperda/1/0/ct_d0_058.jpg,frugiperda,1,0
frugiperda/1/0/ct_d0_059.jpg,frugiperda,1,0
frugiperda/1/0/ct_d0_060.jpg,frugiperda,1,0
frugiperda/1/0/ct_d0_061.jpg,frugiperda,1,0
frugiperda/1/0/ct_d0_062.jpg,frugiperda,1,0
frugiperda/1/0/ct_d0_063.jpg,frugiperda,1,0
frugiperda/1/0/ct_d0_064.jpg,frugiperda,1,0
frugiperda/1/0/ct_d0_065.jpg,frugiperda,1,0
frugiperda/1/0/ct_d0_066.jpg,frugiperda,1,0
frugiperda/1/0/ct_d0_067.jpg,frugiperda,1,0
frugiperda/1/0/ct_d0_068.jpg,frugiperda,1,0
frugiperda/1/0/ct_d0_069.jpg,frugiperda,1,0
frugiperda/1/0/ct_d0_070.jpg,frugiperda,1,0
frugiperda/1/0/ct_d0_071.jpg,frugiperda,1,0
frugiperda/1/0/ct_d0_072.jpg,frugiperda,1,0
frugiperda/1/0/ct_d0_073.jpg,frugiperda,1,0
frugiperda/1/0/ct_d0_074.jpg,frugiperda,1,0
frugiperda/1/0/ct_d0_075.jpg,frugiperda,1,0
frugiperda/1/0/ct_d0_076.jpg,frugiperda,1,0
frugiperda/1/0/ct_d0_077.jpg,frugiperda,1,0
frugiperda/1/0/ct_d0_078.jpg,frugiperda,1,0
frugiperda/1/0/ct_d0_079.jpg,frugiperda,1,0
frugiperda/1/0/ct_d0_080.jpg,frugiperda,1,0
frugiperda/1/0/ct_d0_081.jpg,frugiperda,1,0
frugiperda/1/0/ct_d0_082.jpg,frugiperda,1,0
frugiperda/1/0/ct_d0_083.jpg,frugiperda,1,0
frugiperda/1/0/ct_d0_084.jpg,frugiperda,1,0
frugiperda/1/0/ct_d0_085.jpg,frugiperda,1,0
frugiperda/1/0/ct_d0_086.jpg,frugiperda,1,0
frugiperda/1/0/ct_d0_087.jpg,frugiperda,1,0
frugiperda/1/0/ct_d0_088.jpg,frugiperda,1,0
frugiperda/1/0/ct_d0_089.jpg,frugiperda,1,0
frugiperda/1/0/ct_d0_090.jpg,frugiperda,1,0
frugiperda/1/0/ct_d0_091.jpg,frugiperda,1,0
frugiperda/1/0/ct_d0_092.jpg,frugiperda,1,0
frugiperda/1/0/ct_d0_093.jpg,frugiperda,1,0
frugiperda/1/0/ct_d0_094.jpg,frugiperda,1,0
frugiperda/1/0/ct_d0_095.jpg,frugiperda,1,0
frugiperda/1/0/ct_d0_096.jpg,frugiperda,1,0
frugiperda/1/0/ct_d0_097.jpg,frugiperda,1,0
frugiperda/1/0/ct_d0_098.jpg,frugiperda,1,0
frugiperda/1/0/ct_d0_099.jpg,frugiperda,1,0
frugiperda/1/0/ct_d0_100.jpg,frugiperda,1,0
frugiperda/1/0/ct_d0_101.jpg,frugiperda,1,0
frugiperda/1/0/ct_d0_102.jpg,frugiperda,1,0
frugiperda/1/0/ct_d0_103.jpg,frugiperda,1,0
frugiperda/1/0/ct_d0_104.jpg,frugiperda,1,0
frugiperda/1/0/ct_d0_105.jpg,frugiperda,1,0
frugiperda/1/0/ct_d0_106.jpg,frugiperda,1,0
frugiperda/1/0/ct_d0_107.jpg,frugiperda,1,0
frugiperda/1/0/ct_d0_108.jpg,frugiperda,1,0
frugiperda/1/0/ct_d0_109.jpg,frugiperda,1,0
frugiperda/1/0/ct_d0_110.jpg,frugiperda,1,0
frugiperda/1/0/ct_d0_111.jpg,frugiperda,1,0
frugiperda/1/0/ct_d0_112.jpg,frugiperda,1,0
frugiperda/1/0/ct_d0_113.jpg,frugiperda,1,0
frugiperda/1/0/ct_d0_114.jpg,frugiperda,1,0
frugiperda/1/0/ct_d0_115.jpg,frugiperda,1,0
frugiperda/1/0/ct_d0_116.jpg,frugiperda,1,0
frugiperda/1/0/ct_d0_117.jpg,frugiperda,1,0
frugiperda/1/0/ct_d0_118.jpg,frugiperda,1,0
frugiperda/1/0/ct_d0_119.jpg,frugiperda,1,0
frugiperda/1/0/ct_d0_120.jpg,frugiperda,1,0
frugiperda/1/0/ct_d0_121.jpg,frugiperda,1,0
frugiperda/1/0/ct_d0_122.jpg,frugiperda,1,0
frugiperda/1/0/ct_d0_123.jpg,frugiperda,1,0
frugiperda/1/0/ct_d0_124.jpg,frugiperda,1,0
frugiperda/1/0/ct_d0_125.jpg,frugiperda,1,0
frugiperda/1/0/ct_d0_126.jpg,frugiperda,1,0
frugiperda/1/0/ct_d0_127.jpg,frugiperda,1,0
frugiperda/1/0/ct_d0_128.jpg,frugiperda,1,0
frugiperda/1/0/ct_d0_129.jpg,frugiperda,1,0
frugiperda/1/0/ct_d0_130.jpg,frugiperda,1,0
frugiperda/1/0/ct_d0_131.jpg,frugiperda,1,0
frugiperda/1/0/ct_d0_132.jpg,frugiperda,1,0
frugiperda/1/0/ct_d0_133.jpg,frugiperda,1,0
frugiperda/1/0/ct_d0_134.jpg,frugiperda,1,0
frugiperda/1/0/ct_d0_135.jpg,frugiperda,1,0
frugiperda/1/0/ct_d0_136.jpg,frugiperda,1,0
frugiperda/1/0/ct_d0_137.jpg,frugiperda,1,0
frugiperda/1/0/ct_d0_138.jpg,frugiperda,1,0
frugiperda/1/0/ct_d0_139.jpg,frugiperda,1,0
frugiperda/1/0/ct_d0_140.jpg,frugiperda,1,0
frugiperda/1/0/ct_d0_141.jpg,frugiperda,1,0
frugiperda/1/0/ct_d0_142.jpg,frugiperda,1,0
frugiperda/1/0/ct_d0_143.jpg,frugiperda,1,0
frugiperda/1/0/ct_d0_144.jpg,frugiperda,1,0
frugiperda/1/0/ct_d0_145.jpg,frugiperda,1,0
frugiperda/1/0/ct_d0_146.jpg,frugiperda,1,0
frugiperda/1/0/ct_d0_147.jpg,frugiperda,1,0
frugiperda/1/0/ct_d0_148.jpg,frugiperda,1,0
frugiperda/1/0/ct_d0_149.jpg,frugiperda,1,0
frugiperda/1/0/ct_d0_150.jpg,frugiperda,1,0
frugiperda/1/0/ct_d0_151.jpg,frugiperda,1,0
frugiperda/1/0/ct_d0_152.jpg,frugiperda,1,0
frugiperda/1/0/ct_d0_153.jpg,frugiperda,1,0
frugiperda/1/0/ct_d0_154.jpg,frugiperda,1,0
frugiperda/1/0/ct_d0_155.jpg,frugiperda,1,0
frugiperda/1/0/ct_d0_156.jpg,frugiperda,1,0
frugiperda/1/0/ct_d0_157.jpg,frugiperda,1,0
frugiperda/1/0/ct_d0_158.jpg,frugiperda,1,0
frugiperda/1/0/ct_d0_159.jpg,frugiperda,1,0
frugiperda/1/0/ct_d0_160.jpg,frugiperda,1,0
frugiperda/1/0/ct_d0_161.jpg,frugiperda,1,0
frugiperda/1/0/ct_d0_162.jpg,frugiperda,1,0
frugiperda/1/0/ct_d0_163.jpg,frugiperda,1,0
frugiperda/1/0/ct_d0_164.jpg,frugiperda,1,0
frugiperda/1/0/ct_d0_165.jpg,frugiperda,1,0
frugiperda/1/0/ct_d0_166.jpg,frugiperda,1,0
frugiperda/1/0/ct_d0_167.jpg,frugiperda,1,0
frugiperda/1/0/ct_d0_168.jpg,frugiperda,1,0
frugiperda/1/0/ct_d0_169.jpg,frugiperda,1,0
frugiperda/1/0/ct_d0_170.jpg,frugiperda,1,0
frugiperda/1/0/ct_d0_171.jpg,frugiperda,1,0
frugiperda/1/0/ct_d0_172.jpg,frugiperda,1,0
frugiperda/1/0/ct_d0_173.jpg,frugiperda,1,0
frugiperda/1/0/ct_d0_174.jpg,frugiperda,1,0
frugiperda/1/0/ct_d0_175.jpg,frugiperda,1,0
frugiperda/1/0/ct_d0_176.jpg,frugiperda,1,0
frugiperda/1/0/ct_d0_177.jpg,frugiperda,1,0
frugiperda/1/0/ct_d0_178.jpg,frugiperda,1,0
frugiperda/1/0/ct_d0_179.jpg,frugiperda,1,0
frugiperda/1/0/ct_d0_180.jpg,frugiperda,1,0
frugiperda/1/0/ct_d0_181.jpg,frugiperda,1,0
frugiperda/1/0/ct_d0_182.jpg,frugiperda,1,0
frugiperda/1/0/ct_d0_183.jpg,frugiperda,1,0
frugiperda/1/0/ct_d0_184.jpg,frugiperda,1,0
frugiperda/1/0/ct_d0_185.jpg,frugiperda,1,0
frugiperda/1/0/ct_d0_186.jpg,frugiperda,1,0
frugiperda/1/0/ct_d0_187.jpg,frugiperda,1,0
frugiperda/1/0/ct_d0_188.jpg,frugiperda,1,0
frugiperda/1/0/ct_d0_189.jpg,frugiperda,1,0
frugiperda/1/0/ct_d0_190.jpg,frugiperda,1,0
frugiperda/1/0/ct_d0_191.jpg,frugiperda,1,0
frugiperda/1/0/ct_d0_192.jpg,frugiperda,1,0
frugiperda/1/0/ct_d0_193.jpg,frugiperda,1,0
frugiperda/1/0/ct_d0_194.jpg,frugiperda,1,0
frugiperda/1/0/ct_d0_195.jpg,frugiperda,1,0
frugiperda/1/0/ct_d0_196.jpg,frugiperda,1,0
frugiperda/1/0/ct_d0_197.jpg,frugiperda,1,0
frugiperda/1/0/ct_d0_198.jpg,frugiperda,1,0
frugiperda/1/0/ct_d0_199.jpg,frugiperda,1,0
frugiperda/1/0/ct_d0_200.jpg,frugiperda,1,0
frugiperda/1/0/ct_d0_201.jpg,frugiperda,1,0
frugiperda/1/0/ct_d0_202.jpg,frugiperda,1,0
frugiperda/1/0/ct_d0_203.jpg,frugiperda,1,0
frugiperda/1/0/ct_d0_204.jpg,frugiperda,1,0
frugiperda/1/0/ct_d0_205.jpg,frugiperda,1,0
frugiperda/1/0/ct_d0_206.jpg,frugiperda,1,0
frugiperda/1/0/ct_d0_207.jpg,frugiperda,1,0
frugiperda/1/0/ct_d0_208.jpg,frugiperda,1,0
frugiperda/1/0/ct_d0_209.jpg,frugiperda,1,0
frugiperda/1/0/ct_d0_210.jpg,frugiperda,1,0
frugiperda/1/0/ct_d0_211.jpg,frugiperda,1,0
frugiperda/1/0/ct_d0_212.jpg,frugiperda,1,0
frugiperda/1/0/ct_d0_213.jpg,frugiperda,1,0
frugiperda/1/0/ct_d0_214.jpg,frugiperda,1,0
frugiperda/1/0/ct_d0_215.jpg,frugiperda,1,0
frugiperda/1/0/ct_d0_216.jpg,frugiperda,1,0
frugiperda/1/0/ct_d0_217.jpg,frugiperda,1,0
frugiperda/1/0/ct_d0_218.jpg,frugiperda,1,0
frugiperda/1/0/ct_d0_219.jpg,frugiperda,1,0
frugiperda/1/0/ct_d0_220.jpg,frugiperda,1,0
frugiperda/1/0/ct_d0_221.jpg,frugiperda,1,0
frugiperda/1/0/ct_d0_222.jpg,frugiperda,1,0
frugiperda/1/0/ct_d0_223.jpg,frugiperda,1,0
frugiperda/1/0/ct_d0_224.jpg,frugiperda,1,0
frugiperda/1/0/ct_d0_225.jpg,frugiperda,1,0
frugiperda/1/0/ct_d0_226.jpg,frugiperda,1,0
frugiperda/1/0/ct_d0_227.jpg,frugiperda,1,0
frugiperda/1/0/ct_d0_228.jpg,frugiperda,1,0
frugiperda/1/0/ct_d0_229.jpg,frugiperda,1,0
frugiperda/1/0/ct_d0_230.jpg,frugiperda,1,0
frugiperda/1/0/ct_d0_231.jpg,frugiperda,1,0
frugiperda/1/0/ct_d0_232.jpg,frugiperda,1,0
frugiperda/1/0/ct_d0_233.jpg,frugiperda,1,0
frugiperda/1/0/ct_d0_234.jpg,frugiperda,1,0
frugiperda/1/0/ct_d0_235.jpg,frugiperda,1,0
frugiperda/1/0/ct_d0_236.jpg,frugiperda,1,0
frugiperda/1/0/ct_d0_237.jpg,frugiperda,1,0
frugiperda/1/0/ct_d0_238.jpg,frugiperda,1,0
frugiperda/1/0/ct_d0_239.jpg,frugiperda,1,0
frugiperda/1/0/ct_d0_240.jpg,frugiperda,1,0
frugiperda/1/0/ct_d0_241.jpg,frugiperda,1,0
frugiperda/1/0/ct_d0_242.jpg,frugiperda,1,0
frugiperda/1/0/ct_d0_243.jpg,frugiperda,1,0
frugiperda/1/0/ct_d0_244.jpg,frugiperda,1,0
frugiperda/1/0/ct_d0_245.jpg,frugiperda,1,0
frugiperda/1/0/ct_d0_246.jpg,frugiperda,1,0
frugiperda/1/0/ct_d0_247.jpg,frugiperda,1,0
frugiperda/1/0/ct_d0_248.jpg,frugiperda,1,0
frugiperda/1/0/ct_d0_249.jpg,frugiperda,1,0
frugiperda/1/0/ct_d0_250.jpg,frugiperda,1,0
frugiperda/1/0/ct_d0_251.jpg,frugiperda,1,0
frugiperda/1/0/ct_d0_252.jpg,frugiperda,1,0
frugiperda/1/0/ct_d0_253.jpg,frugiperda,1,0
frugiperda/1/0/ct_d0_254.jpg,frugiperda,1,0
frugiperda/1/0/ct_d0_255.jpg,frugiperda,1,0
frugiperda/1/1/ct_d1_001.jpg,frugiperda,1,1
frugiperda/1/1/ct_d1_002.jpg,frugiperda,1,1
frugiperda/1/1/ct_d1_003.jpg,frugiperda,1,1
frugiperda/1/1/ct_d1_004.jpg,frugiperda,1,1
frugiperda/1/1/ct_d1_005.jpg,frugiperda,1,1
frugiperda/1/1/ct_d1_006.jpg,frugiperda,1,1
frugiperda/1/1/ct_d1_007.jpg,frugiperda,1,1
frugiperda/1/1/ct_d1_008.jpg,frugiperda,1,1
frugiperda/1/1/ct_d1_009.jpg,frugiperda,1,1
frugiperda/1/1/ct_d1_010.jpg,frugiperda,1,1
frugiperda/1/1/ct_d1_011.jpg,frugiperda,1,1
frugiperda/1/1/ct_d1_012.jpg,frugiperda,1,1
frugiperda/1/1/ct_d1_013.jpg,frugiperda,1,1
frugiperda/1/1/ct_d1_014.jpg,frugiperda,1,1
frugiperda/1/1/ct_d1_015.jpg,frugiperda,1,1
frugiperda/1/1/ct_d1_016.jpg,frugiperda,1,1
frugiperda/1/1/ct_d1_017.jpg,frugiperda,1,1
frugiperda/1/1/ct_d1_018.jpg,frugiperda,1,1
frugiperda/1/1/ct_d1_019.jpg,frugiperda,1,1
frugiperda/1/1/ct_d1_020.jpg,frugiperda,1,1
frugiperda/1/1/ct_d1_021.jpg,frugiperda,1,1
frugiperda/1/1/ct_d1_022.jpg,frugiperda,1,1
frugiperda/1/1/ct_d1_023.jpg,frugiperda,1,1
frugiperda/1/1/ct_d1_024.jpg,frugiperda,1,1
frugiperda/1/1/ct_d1_025.jpg,frugiperda,1,1
frugiperda/1/1/ct_d1_026.jpg,frugiperda,1,1
frugiperda/1/1/ct_d1_027.jpg,frugiperda,1,1
frugiperda/1/1/ct_d1_028.jpg,frugiperda,1,1
frugiperda/1/1/ct_d1_029.jpg,frugiperda,1,1
frugiperda/1/1/ct_d1_030.jpg,frugiperda,1,1
frugiperda/1/1/ct_d1_031.jpg,frugiperda,1,1
frugiperda/1/1/ct_d1_032.jpg,frugiperda,1,1
frugiperda/1/1/ct_d1_033.jpg,frugiperda,1,1
frugiperda/1/1/ct_d1_034.jpg,frugiperda,1,1
frugiperda/1/1/ct_d1_035.jpg,frugiperda,1,1
frugiperda/1/1/ct_d1_036.jpg,frugiperda,1,1
frugiperda/1/1/ct_d1_037.jpg,frugiperda,1,1
frugiperda/1/1/ct_d1_038.jpg,frugiperda,1,1
frugiperda/1/1/ct_d1_039.jpg,frugiperda,1,1
frugiperda/1/1/ct_d1_040.jpg,frugiperda,1,1
frugiperda/1/1/ct_d1_041.jpg,frugiperda,1,1
frugiperda/1/1/ct_d1_042.jpg,frugiperda,1,1
frugiperda/1/1/ct_d1_043.jpg,frugiperda,1,1
frugiperda/1/1/ct_d1_044.jpg,frugiperda,1,1
frugiperda/1/1/ct_d1_045.jpg,frugiperda,1,1
frugiperda/1/1/ct_d1_046.jpg,frugiperda,1,1
frugiperda/1/1/ct_d1_047.jpg,frugiperda,1,1
frugiperda/1/1/ct_d1_048.jpg,frugiperda,1,1
frugiperda/1/1/ct_d1_049.jpg,frugiperda,1,1
frugiperda/1/1/ct_d1_050.jpg,frugiperda,1,1
frugiperda/1/1/ct_d1_051.jpg,frugiperda,1,1
frugiperda/1/1/ct_d1_052.jpg,frugiperda,1,1
frugiperda/1/1/ct_d1_053.jpg,frugiperda,1,1
frugiperda/1/1/ct_d1_054.jpg,frugiperda,1,1
frugiperda/1/1/ct_d1_055.jpg,frugiperda,1,1
frugiperda/1/1/ct_d1_056.jpg,frugiperda,1,1
frugiperda/1/1/ct_d1_057.jpg,frugiperda,1,1
frugiperda/1/1/ct_d1_058.jpg,frugiperda,1,1
frugiperda/1/1/ct_d1_059.jpg,frugiperda,1,1
frugiperda/1/1/ct_d1_060.jpg,frugiperda,1,1
frugiperda/1/1/ct_d1_061.jpg,frugiperda,1,1
frugiperda/1/1/ct_d1_062.jpg,frugiperda,1,1
frugiperda/1/1/ct_d1_063.jpg,frugiperda,1,1
frugiperda/1/1/ct_d1_064.jpg,frugiperda,1,1
frugiperda/1/1/ct_d1_065.jpg,frugiperda,1,1
frugiperda/1/1/ct_d1_066.jpg,frugiperda,1,1
frugiperda/1/1/ct_d1_067.jpg,frugiperda,1,1
frugiperda/1/1/ct_d1_068.jpg,frugiperda,1,1
frugiperda/1/1/ct_d1_069.jpg,frugiperda,1,1
frugiperda/1/1/ct_d1_070.jpg,frugiperda,1,1
frugiperda/1/1/ct_d1_071.jpg,frugiperda,1,1
frugiperda/1/1/ct_d1_072.jpg,frugiperda,1,1
frugiperda/1/1/ct_d1_073.jpg,frugiperda,1,1
frugiperda/1/1/ct_d1_074.jpg,frugiperda,1,1
frugiperda/1/1/ct_d1_075.jpg,frugiperda,1,1
frugiperda/1/1/ct_d1_076.jpg,frugiperda,1,1
frugiperda/1/1/ct_d1_077.jpg,frugiperda,1,1
frugiperda/1/1/ct_d1_078.jpg,frugiperda,1,1
frugiperda/1/1/ct_d1_079.jpg,frugiperda,1,1
frugiperda/1/1/ct_d1_080.jpg,frugiperda,1,1
frugiperda/1/1/ct_d1_081.jpg,frugiperda,1,1
frugiperda/1/1/ct_d1_082.jpg,frugiperda,1,1
frugiperda/1/1/ct_d1_083.jpg,frugiperda,1,1
frugiperda/1/1/ct_d1_084.jpg,frugiperda,1,1
frugiperda/1/1/ct_d1_085.jpg,frugiperda,1,1
frugiperda/1/1/ct_d1_086.jpg,frugiperda,1,1
frugiperda/1/1/ct_d1_087.jpg,frugiperda,1,1
frugiperda/1/1/ct_d1_088.jpg,frugiperda,1,1
frugiperda/1/1/ct_d1_089.jpg,frugiperda,1,1
frugiperda/1/1/ct_d1_090.jpg,frugiperda,1,1
frugiperda/1/1/ct_d1_091.jpg,frugiperda,1,1
frugiperda/1/1/ct_d1_092.jpg,frugiperda,1,1
frugiperda/1/1/ct_d1_093.jpg,frugiperda,1,1
frugiperda/1/1/ct_d1_094.jpg,frugiperda,1,1
frugiperda/1/1/ct_d1_095.jpg,frugiperda,1,1
frugiperda/1/1/ct_d1_096.jpg,frugiperda,1,1
frugiperda/1/1/ct_d1_097.jpg,frugiperda,1,1
frugiperda/1/1/ct_d1_098.jpg,frugiperda,1,1
frugiperda/1/1/ct_d1_099.jpg,frugiperda,1,1
frugiperda/1/1/ct_d1_100.jpg,frugiperda,1,1
frugiperda/1/1/ct_d1_101.jpg,frugiperda,1,1
frugiperda/1/1/ct_d1_102.jpg,frugiperda,1,1
frugiperda/1/1/ct_d1_103.jpg,frugiperda,1,1
frugiperda/1/1/ct_d1_104.jpg,frugiperda,1,1
frugiperda/1/1/ct_d1_105.jpg,frugiperda,1,1
frugiperda/1/1/ct_d1_106.jpg,frugiperda,1,1
frugiperda/1/1/ct_d1_107.jpg,frugiperda,1,1
frugiperda/1/1/ct_d1_108.jpg,frugiperda,1,1
frugiperda/1/1/ct_d1_109.jpg,frugiperda,1,1
frugiperda/1/1/ct_d1_110.jpg,frugiperda,1,1
frugiperda/1/1/ct_d1_111.jpg,frugiperda,1,1
frugiperda/1/1/ct_d1_112.jpg,frugiperda,1,1
frugiperda/1/1/ct_d1_113.jpg,frugiperda,1,1
frugiperda/1/1/ct_d1_114.jpg,frugiperda,1,1
frugiperda/1/1/ct_d1_115.jpg,frugiperda,1,1
frugiperda/1/1/ct_d1_116.jpg,frugiperda,1,1
frugiperda/1/1/ct_d1_117.jpg,frugiperda,1,1
frugiperda/1/1/ct_d1_118.jpg,frugiperda,1,1
frugiperda/1/1/ct_d1_119.jpg,frugiperda,1,1
frugiperda/1/1/ct_d1_120.jpg,frugiperda,1,1
frugiperda/1/1/ct_d1_121.jpg,frugiperda,1,1
frugiperda/1/1/ct_d1_122.jpg,frugiperda,1,1
frugiperda/1/1/ct_d1_123.jpg,frugiperda,1,1
frugiperda/1/1/ct_d1_124.jpg,frugiperda,1,1
frugiperda/1/1/ct_d1_125.jpg,frugiperda,1,1
frugiperda/1/1/ct_d1_126.jpg,frugiperda,1,1
frugiperda/1/1/ct_d1_127.jpg,frugiperda,1,1
frugiperda/1/1/ct_d1_128.jpg,frugiperda,1,1
frugiperda/1/1/ct_d1_129.jpg,frugiperda,1,1
frugiperda/1/1/ct_d1_130.jpg,frugiperda,1,1
frugiperda/1/1/ct_d1_131.jpg,frugiperda,1,1
frugiperda/1/1/ct_d1_132.jpg,frugiperda,1,1
frugiperda/1/1/ct_d1_133.jpg,frugiperda,1,1
frugiperda/1/1/ct_d1_134.jpg,frugiperda,1,1
frugiperda/1/1/ct_d1_135.jpg,frugiperda,1,1
frugiperda/1/1/ct_d1_136.jpg,frugiperda,1,1
frugiperda/1/1/ct_d1_137.jpg,frugiperda,1,1
frugiperda/1/1/ct_d1_138.jpg,frugiperda,1,1
frugiperda/1/1/ct_d1_139.jpg,frugiperda,1,1
frugiperda/1/1/ct_d1_140.jpg,frugiperda,1,1
frugiperda/1/1/ct_d1_141.jpg,frugiperda,1,1
frugiperda/1/1/ct_d1_142.jpg,frugiperda,1,1
frugiperda/1/1/ct_d1_143.jpg,frugiperda,1,1
frugiperda/1/1/ct_d1_144.jpg,frugiperda,1,1
frugiperda/1/1/ct_d1_145.jpg,frugiperda,1,1
frugiperda/1/1/ct_d1_146.jpg,frugiperda,1,1
frugiperda/1/1/ct_d1_147.jpg,frugiperda,1,1
frugiperda/1/1/ct_d1_148.jpg,frugiperda,1,1
frugiperda/1/1/ct_d1_149.jpg,frugiperda,1,1
frugiperda/1/1/ct_d1_150.jpg,frugiperda,1,1
frugiperda/1/1/ct_d1_151.jpg,frugiperda,1,1
frugiperda/1/1/ct_d1_152.jpg,frugiperda,1,1
frugiperda/1/1/ct_d1_153.jpg,frugiperda,1,1
frugiperda/1/1/ct_d1_154.jpg,frugiperda,1,1
frugiperda/1/1/ct_d1_155.jpg,frugiperda,1,1
frugiperda/1/1/ct_d1_156.jpg,frugiperda,1,1
frugiperda/1/1/ct_d1_157.jpg,frugiperda,1,1
frugiperda/1/1/ct_d1_158.jpg,frugiperda,1,1
frugiperda/1/1/ct_d1_159.jpg,frugiperda,1,1
frugiperda/1/1/ct_d1_160.jpg,frugiperda,1,1
frugiperda/1/1/ct_d1_161.jpg,frugiperda,1,1
frugiperda/1/1/ct_d1_162.jpg,frugiperda,1,1
frugiperda/1/1/ct_d1_163.jpg,frugiperda,1,1
frugiperda/1/1/ct_d1_164.jpg,frugiperda,1,1
frugiperda/1/1/ct_d1_165.jpg,frugiperda,1,1
frugiperda/1/1/ct_d1_166.jpg,frugiperda,1,1
frugiperda/1/1/ct_d1_167.jpg,frugiperda,1,1
frugiperda/1/1/ct_d1_168.jpg,frugiperda,1,1
frugiperda/1/1/ct_d1_169.jpg,frugiperda,1,1
frugiperda/1/1/ct_d1_170.jpg,frugiperda,1,1
frugiperda/1/1/ct_d1_171.jpg,frugiperda,1,1
frugiperda/1/1/ct_d1_172.jpg,frugiperda,1,1
frugiperda/1/1/ct_d1_173.jpg,frugiperda,1,1
frugiperda/1/1/ct_d1_174.jpg,frugiperda,1,1
frugiperda/1/1/ct_d1_175.jpg,frugiperda,1,1
frugiperda/1/1/ct_d1_176.jpg,frugiperda,1,1
frugiperda/1/1/ct_d1_177.jpg,frugiperda,1,1
frugiperda/1/1/ct_d1_178.jpg,frugiperda,1,1
frugiperda/1/1/ct_d1_179.jpg,frugiperda,1,1
frugiperda/1/1/ct_d1_180.jpg,frugiperda,1,1
frugiperda/1/1/ct_d1_181.jpg,frugiperda,1,1
frugiperda/1/1/ct_d1_182.jpg,frugiperda,1,1
frugiperda/1/1/ct_d1_183.jpg,frugiperda,1,1
frugiperda/1/1/ct_d1_184.jpg,frugiperda,1,1
frugiperda/1/1/ct_d1_185.jpg,frugiperda,1,1
frugiperda/1/1/ct_d1_186.jpg,frugiperda,1,1
frugiperda/1/1/ct_d1_187.jpg,frugiperda,1,1
frugiperda/1/1/ct_d1_188.jpg,frugiperda,1,1
frugiperda/1/1/ct_d1_189.jpg,frugiperda,1,1
frugiperda/1/1/ct_d1_190.jpg,frugiperda,1,1
frugiperda/1/1/ct_d1_191.jpg,frugiperda,1,1
frugiperda/1/1/ct_d1_192.jpg,frugiperda,1,1
frugiperda/1/1/ct_d1_193.jpg,frugiperda,1,1
frugiperda/1/1/ct_d1_194.jpg,frugiperda,1,1
frugiperda/1/1/ct_d1_195.jpg,frugiperda,1,1
frugiperda/1/1/ct_d1_196.jpg,frugiperda,1,1
frugiperda/1/1/ct_d1_197.jpg,frugiperda,1,1
frugiperda/1/1/ct_d1_198.jpg,frugiperda,1,1
frugiperda/1/1/ct_d1_199.jpg,frugiperda,1,1
frugiperda/1/1/ct_d1_200.jpg,frugiperda,1,1
frugiperda/1/1/ct_d1_201.jpg,frugiperda,1,1
frugiperda/1/1/ct_d1_202.jpg,frugiperda,1,1
frugiperda/1/1/ct_d1_203.jpg,frugiperda,1,1
frugiperda/1/1/ct_d1_204.jpg,frugiperda,1,1
frugiperda/1/1/ct_d1_205.jpg,frugiperda,1,1
frugiperda/1/1/ct_d1_206.jpg,frugiperda,1,1
frugiperda/1/1/ct_d1_207.jpg,frugiperda,1,1
frugiperda/1/1/ct_d1_208.jpg,frugiperda,1,1
frugiperda/1/1/ct_d1_209.jpg,frugiperda,1,1
frugiperda/1/1/ct_d1_210.jpg,frugiperda,1,1
frugiperda/1/1/ct_d1_211.jpg,frugiperda,1,1
frugiperda/1/1/ct_d1_212.jpg,frugiperda,1,1
frugiperda/1/1/ct_d1_213.jpg,frugiperda,1,1
frugiperda/1/1/ct_d1_214.jpg,frugiperda,1,1
frugiperda/1/1/ct_d1_215.jpg,frugiperda,1,1
frugiperda/1/1/ct_d1_216.jpg,frugiperda,1,1
frugiperda/1/1/ct_d1_217.jpg,frugiperda,1,1
frugiperda/1/1/ct_d1_218.jpg,frugiperda,1,1
frugiperda/1/1/ct_d1_219.jpg,frugiperda,1,1
frugiperda/1/1/ct_d1_220.jpg,frugiperda,1,1
frugiperda/1/1/ct_d1_221.jpg,frugiperda,1,1
frugiperda/1/1/ct_d1_222.jpg,frugiperda,1,1
frugiperda/1/1/ct_d1_223.jpg,frugiperda,1,1
frugiperda/1/1/ct_d1_224.jpg,frugiperda,1,1
frugiperda/1/1/ct_d1_225.jpg,frugiperda,1,1
frugiperda/1/1/ct_d1_226.jpg,frugiperda,1,1
frugiperda/1/1/ct_d1_227.jpg,frugiperda,1,1
frugiperda/1/1/ct_d1_228.jpg,frugiperda,1,1
frugiperda/1/1/ct_d1_229.jpg,frugiperda,1,1
frugiperda/1/1/ct_d1_230.jpg,frugiperda,1,1
frugiperda/1/1/ct_d1_231.jpg,frugiperda,1,1
frugiperda/1/1/ct_d1_232.jpg,frugiperda,1,1
frugiperda/1/1/ct_d1_233.jpg,frugiperda,1,1
frugiperda/1/1/ct_d1_234.jpg,frugiperda,1,1
frugiperda/1/1/ct_d1_235.jpg,frugiperda,1,1
frugiperda/1/1/ct_d1_236.jpg,frugiperda,1,1
frugiperda/1/1/ct_d1_237.jpg,frugiperda,1,1
frugiperda/1/1/ct_d1_238.jpg,frugiperda,1,1
frugiperda/1/1/ct_d1_239.jpg,frugiperda,1,1
frugiperda/1/1/ct_d1_240.jpg,frugiperda,1,1
frugiperda/1/1/ct_d1_241.jpg,frugiperda,1,1
frugiperda/1/1/ct_d1_242.jpg,frugiperda,1,1
frugiperda/1/2/ct_d2_001.jpg,frugiperda,1,2
frugiperda/1/2/ct_d2_002.jpg,frugiperda,1,2
frugiperda/1/2/ct_d2_003.jpg,frugiperda,1,2
frugiperda/1/2/ct_d2_004.jpg,frugiperda,1,2
frugiperda/1/2/ct_d2_005.jpg,frugiperda,1,2
frugiperda/1/2/ct_d2_006.jpg,frugiperda,1,2
frugiperda/1/2/ct_d2_007.jpg,frugiperda,1,2
frugiperda/1/2/ct_d2_008.jpg,frugiperda,1,2
frugiperda/1/2/ct_d2_009.jpg,frugiperda,1,2
frugiperda/1/2/ct_d2_010.jpg,frugiperda,1,2
frugiperda/1/2/ct_d2_011.jpg,frugiperda,1,2
frugiperda/1/2/ct_d2_012.jpg,frugiperda,1,2
frugiperda/1/2/ct_d2_013.jpg,frugiperda,1,2
frugiperda/1/2/ct_d2_014.jpg,frugiperda,1,2
frugiperda/1/2/ct_d2_015.jpg,frugiperda,1,2
frugiperda/1/2/ct_d2_016.jpg,frugiperda,1,2
frugiperda/1/2/ct_d2_017.jpg,frugiperda,1,2
frugiperda/1/2/ct_d2_018.jpg,frugiperda,1,2
frugiperda/1/2/ct_d2_019.jpg,frugiperda,1,2
frugiperda/1/2/ct_d2_020.jpg,frugiperda,1,2
frugiperda/1/2/ct_d2_021.jpg,frugiperda,1,2
frugiperda/1/2/ct_d2_022.jpg,frugiperda,1,2
frugiperda/1/2/ct_d2_023.jpg,frugiperda,1,2
frugiperda/1/2/ct_d2_024.jpg,frugiperda,1,2
frugiperda/1/2/ct_d2_025.jpg,frugiperda,1,2
frugiperda/1/2/ct_d2_026.jpg,frugiperda,1,2
frugiperda/1/2/ct_d2_027.jpg,frugiperda,1,2
frugiperda/1/2/ct_d2_028.jpg,frugiperda,1,2
frugiperda/1/2/ct_d2_029.jpg,frugiperda,1,2
frugiperda/1/2/ct_d2_030.jpg,frugiperda,1,2
frugiperda/1/2/ct_d2_031.jpg,frugiperda,1,2
frugiperda/1/2/ct_d2_032.jpg,frugiperda,1,2
frugiperda/1/2/ct_d2_033.jpg,frugiperda,1,2
frugiperda/1/2/ct_d2_034.jpg,frugiperda,1,2
frugiperda/1/2/ct_d2_035.jpg,frugiperda,1,2
frugiperda/1/2/ct_d2_036.jpg,frugiperda,1,2
frugiperda/1/2/ct_d2_037.jpg,frugiperda,1,2
frugiperda/1/2/ct_d2_038.jpg,frugiperda,1,2
frugiperda/1/2/ct_d2_039.jpg,frugiperda,1,2
frugiperda/1/2/ct_d2_040.jpg,frugiperda,1,2
frugiperda/1/2/ct_d2_041.jpg,frugiperda,1,2
frugiperda/1/2/ct_d2_042.jpg,frugiperda,1,2
frugiperda/1/2/ct_d2_043.jpg,frugiperda,1,2
frugiperda/1/2/ct_d2_044.jpg,frugiperda,1,2
frugiperda/1/2/ct_d2_045.jpg,frugiperda,1,2
frugiperda/1/2/ct_d2_046.jpg,frugiperda,1,2
frugiperda/1/2/ct_d2_047.jpg,frugiperda,1,2
frugiperda/1/2/ct_d2_048.jpg,frugiperda,1,2
frugiperda/1/2/ct_d2_049.jpg,frugiperda,1,2
frugiperda/1/2/ct_d2_050.jpg,frugiperda,1,2
frugiperda/1/2/ct_d2_051.jpg,frugiperda,1,2
frugiperda/1/2/ct_d2_052.jpg,frugiperda,1,2
frugiperda/1/2/ct_d2_053.jpg,frugiperda,1,2
frugiperda/1/2/ct_d2_054.jpg,frugiperda,1,2
frugiperda/1/2/ct_d2_055.jpg,frugiperda,1,2
frugiperda/1/2/ct_d2_056.jpg,frugiperda,1,2
frugiperda/1/2/ct_d2_057.jpg,frugiperda,1,2
frugiperda/1/2/ct_d2_058.jpg,frugiperda,1,2
frugiperda/1/2/ct_d2_059.jpg,frugiperda,1,2
frugiperda/1/2/ct_d2_060.jpg,frugiperda,1,2
frugiperda/1/2/ct_d2_061.jpg,frugiperda,1,2
frugiperda/1/2/ct_d2_062.jpg,frugiperda,1,2
frugiperda/1/2/ct_d2_063.jpg,frugiperda,1,2
frugiperda/1/2/ct_d2_064.jpg,frugiperda,1,2
frugiperda/1/2/ct_d2_065.jpg,frugiperda,1,2
frugiperda/1/2/ct_d2_066.jpg,frugiperda,1,2
frugiperda/1/2/ct_d2_067.jpg,frugiperda,1,2
frugiperda/1/2/ct_d2_068.jpg,frugiperda,1,2
frugiperda/1/2/ct_d2_069.jpg,frugiperda,1,2
frugiperda/1/2/ct_d2_070.jpg,frugiperda,1,2
frugiperda/1/2/ct_d2_071.jpg,frugiperda,1,2
frugiperda/1/2/ct_d2_072.jpg,frugiperda,1,2
frugiperda/1/2/ct_d2_073.jpg,frugiperda,1,2
frugiperda/1/2/ct_d2_074.jpg,frugiperda,1,2
frugiperda/1/2/ct_d2_075.jpg,frugiperda,1,2
frugiperda/1/2/ct_d2_076.jpg,frugiperda,1,2
frugiperda/1/2/ct_d2_077.jpg,frugiperda,1,2
frugiperda/1/2/ct_d2_078.jpg,frugiperda,1,2
frugiperda/1/2/ct_d2_079.jpg,frugiperda,1,2
frugiperda/1/2/ct_d2_080.jpg,frugiperda,1,2
frugiperda/1/2/ct_d2_081.jpg,frugiperda,1,2
frugiperda/1/2/ct_d2_082.jpg,frugiperda,1,2
frugiperda/1/2/ct_d2_083.jpg,frugiperda,1,2
frugiperda/1/2/ct_d2_084.jpg,frugiperda,1,2
frugiperda/1/2/ct_d2_085.jpg,frugiperda,1,2
frugiperda/1/2/ct_d2_086.jpg,frugiperda,1,2
frugiperda/1/2/ct_d2_087.jpg,frugiperda,1,2
frugiperda/1/2/ct_d2_088.jpg,frugiperda,1,2
frugiperda/1/2/ct_d2_089.jpg,frugiperda,1,2
frugiperda/1/2/ct_d2_090.jpg,frugiperda,1,2
frugiperda/1/2/ct_d2_091.jpg,frugiperda,1,2
frugiperda/1/2/ct_d2_092.jpg,frugiperda,1,2
frugiperda/1/2/ct_d2_093.jpg,frugiperda,1,2
frugiperda/1/2/ct_d2_094.jpg,frugiperda,1,2
frugiperda/1/2/ct_d2_095.jpg,frugiperda,1,2
frugiperda/1/2/ct_d2_096.jpg,frugiperda,1,2
frugiperda/1/2/ct_d2_097.jpg,frugiperda,1,2
frugiperda/1/2/ct_d2_098.jpg,frugiperda,1,2
frugiperda/1/2/ct_d2_099.jpg,frugiperda,1,2
frugiperda/1/2/ct_d2_100.jpg,frugiperda,1,2
frugiperda/1/2/ct_d2_101.jpg,frugiperda,1,2
frugiperda/1/2/ct_d2_102.jpg,frugiperda,1,2
frugiperda/1/2/ct_d2_103.jpg,frugiperda,1,2
frugiperda/1/2/ct_d2_104.jpg,frugiperda,1,2
frugiperda/1/2/ct_d2_105.jpg,frugiperda,1,2
frugiperda/1/2/ct_d2_106.jpg,frugiperda,1,2
frugiperda/1/2/ct_d2_107.jpg,frugiperda,1,2
frugiperda/1/2/ct_d2_108.jpg,frugiperda,1,2
frugiperda/1/2/ct_d2_109.jpg,frugiperda,1,2
frugiperda/1/2/ct_d2_110.jpg,frugiperda,1,2
frugiperda/1/2/ct_d2_111.jpg,frugiperda,1,2
frugiperda/1/2/ct_d2_112.jpg,frugiperda,1,2
frugiperda/1/2/ct_d2_113.jpg,frugiperda,1,2
frugiperda/1/2/ct_d2_114.jpg,frugiperda,1,2
frugiperda/1/2/ct_d2_115.jpg,frugiperda,1,2
frugiperda/1/2/ct_d2_116.jpg,frugiperda,1,2
frugiperda/1/2/ct_d2_117.jpg,frugiperda,1,2
frugiperda/1/2/ct_d2_118.jpg,frugiperda,1,2
frugiperda/1/2/ct_d2_119.jpg,frugiperda,1,2
frugiperda/1/2/ct_d2_120.jpg,frugiperda,1,2
frugiperda/1/2/ct_d2_121.jpg,frugiperda,1,2
frugiperda/1/2/ct_d2_122.jpg,frugiperda,1,2
frugiperda/1/2/ct_d2_123.jpg,frugiperda,1,2
frugiperda/1/2/ct_d2_124.jpg,frugiperda,1,2
frugiperda/1/2/ct_d2_125.jpg,frugiperda,1,2
frugiperda/1/2/ct_d2_126.jpg,frugiperda,1,2
frugiperda/1/2/ct_d2_127.jpg,frugiperda,1,2
frugiperda/1/2/ct_d2_128.jpg,frugiperda,1,2
frugiperda/1/2/ct_d2_129.jpg,frugiperda,1,2
frugiperda/1/2/ct_d2_130.jpg,frugiperda,1,2
frugiperda/1/2/ct_d2_131.jpg,frugiperda,1,2
frugiperda/1/2/ct_d2_132.jpg,frugiperda,1,2
frugiperda/1/2/ct_d2_133.jpg,frugiperda,1,2
frugiperda/1/2/ct_d2_134.jpg,frugiperda,1,2
frugiperda/1/2/ct_d2_135.jpg,frugiperda,1,2
frugiperda/1/2/ct_d2_136.jpg,frugiperda,1,2
frugiperda/1/2/ct_d2_137.jpg,frugiperda,1,2
frugiperda/1/2/ct_d2_138.jpg,frugiperda,1,2
frugiperda/1/2/ct_d2_139.jpg,frugiperda,1,2
frugiperda/1/2/ct_d2_140.jpg,frugiperda,1,2
frugiperda/1/2/ct_d2_141.jpg,frugiperda,1,2
frugiperda/1/2/ct_d2_142.jpg,frugiperda,1,2
frugiperda/1/2/ct_d2_143.jpg,frugiperda,1,2
frugiperda/1/2/ct_d2_144.jpg,frugiperda,1,2
frugiperda/1/2/ct_d2_145.jpg,frugiperda,1,2
frugiperda/1/2/ct_d2_146.jpg,frugiperda,1,2
frugiperda/1/2/ct_d2_147.jpg,frugiperda,1,2
frugiperda/1/2/ct_d2_148.jpg,frugiperda,1,2
frugiperda/1/2/ct_d2_149.jpg,frugiperda,1,2
frugiperda/1/2/ct_d2_150.jpg,frugiperda,1,2
frugiperda/1/2/ct_d2_151.jpg,frugiperda,1,2
frugiperda/1/2/ct_d2_152.jpg,frugiperda,1,2
frugiperda/1/2/ct_d2_153.jpg,frugiperda,1,2
frugiperda/1/2/ct_d2_154.jpg,frugiperda,1,2
frugiperda/1/2/ct_d2_155.jpg,frugiperda,1,2
frugiperda/1/2/ct_d2_156.jpg,frugiperda,1,2
frugiperda/1/2/ct_d2_157.jpg,frugiperda,1,2
frugiperda/1/2/ct_d2_158.jpg,frugiperda,1,2
frugiperda/1/2/ct_d2_159.jpg,frugiperda,1,2
frugiperda/1/2/ct_d2_160.jpg,frugiperda,1,2
frugiperda/1/2/ct_d2_161.jpg,frugiperda,1,2
frugiperda/1/2/ct_d2_162.jpg,frugiperda,1,2
frugiperda/1/2/ct_d2_163.jpg,frugiperda,1,2
frugiperda/1/2/ct_d2_164.jpg,frugiperda,1,2
frugiperda/1/2/ct_d2_165.jpg,frugiperda,1,2
frugiperda/1/2/ct_d2_166.jpg,frugiperda,1,2
frugiperda/1/2/ct_d2_167.jpg,frugiperda,1,2
frugiperda/1/2/ct_d2_168.jpg,frugiperda,1,2
frugiperda/1/2/ct_d2_169.jpg,frugiperda,1,2
frugiperda/1/2/ct_d2_170.jpg,frugiperda,1,2
frugiperda/1/2/ct_d2_171.jpg,frugiperda,1,2
frugiperda/1/2/ct_d2_172.jpg,frugiperda,1,2
frugiperda/1/2/ct_d2_173.jpg,frugiperda,1,2
frugiperda/1/2/ct_d2_174.jpg,frugiperda,1,2
frugiperda/1/2/ct_d2_175.jpg,frugiperda,1,2
frugiperda/1/2/ct_d2_176.jpg,frugiperda,1,2
frugiperda/1/2/ct_d2_177.jpg,frugiperda,1,2
frugiperda/1/2/ct_d2_178.jpg,frugiperda,1,2
frugiperda/1/2/ct_d2_179.jpg,frugiperda,1,2
frugiperda/1/2/ct_d2_180.jpg,frugiperda,1,2
frugiperda/1/2/ct_d2_181.jpg,frugiperda,1,2
frugiperda/1/2/ct_d2_182.jpg,frugiperda,1,2
frugiperda/1/2/ct_d2_183.jpg,frugiperda,1,2
frugiperda/1/2/ct_d2_184.jpg,frugiperda,1,2
frugiperda/1/2/ct_d2_185.jpg,frugiperda,1,2
frugiperda/1/2/ct_d2_186.jpg,frugiperda,1,2
frugiperda/1/2/ct_d2_187.jpg,frugiperda,1,2
frugiperda/1/2/ct_d2_188.jpg,frugiperda,1,2
frugiperda/1/2/ct_d2_189.jpg,frugiperda,1,2
frugiperda/1/2/ct_d2_190.jpg,frugiperda,1,2
frugiperda/1/2/ct_d2_191.jpg,frugiperda,1,2
frugiperda/1/2/ct_d2_192.jpg,frugiperda,1,2
frugiperda/1/2/ct_d2_193.jpg,frugiperda,1,2
frugiperda/1/2/ct_d2_194.jpg,frugiperda,1,2
frugiperda/1/2/ct_d2_195.jpg,frugiperda,1,2
frugiperda/1/2/ct_d2_196.jpg,frugiperda,1,2
frugiperda/1/2/ct_d2_197.jpg,frugiperda,1,2
frugiperda/1/2/ct_d2_198.jpg,frugiperda,1,2
frugiperda/1/2/ct_d2_199.jpg,frugiperda,1,2
frugiperda/1/2/ct_d2_200.jpg,frugiperda,1,2
frugiperda/2/3/ct_d3_001.jpg,frugiperda,2,3
frugiperda/2/3/ct_d3_002.jpg,frugiperda,2,3
frugiperda/2/3/ct_d3_003.jpg,frugiperda,2,3
frugiperda/2/3/ct_d3_004.jpg,frugiperda,2,3
frugiperda/2/3/ct_d3_005.jpg,frugiperda,2,3
frugiperda/2/3/ct_d3_006.jpg,frugiperda,2,3
frugiperda/2/3/ct_d3_007.jpg,frugiperda,2,3
frugiperda/2/3/ct_d3_008.jpg,frugiperda,2,3
frugiperda/2/3/ct_d3_009.jpg,frugiperda,2,3
frugiperda/2/3/ct_d3_010.jpg,frugiperda,2,3
frugiperda/2/3/ct_d3_011.jpg,frugiperda,2,3
frugiperda/2/3/ct_d3_012.jpg,frugiperda,2,3
frugiperda/2/3/ct_d3_013.jpg,frugiperda,2,3
frugiperda/2/3/ct_d3_014.jpg,frugiperda,2,3
frugiperda/2/3/ct_d3_015.jpg,frugiperda,2,3
frugiperda/2/3/ct_d3_016.jpg,frugiperda,2,3
frugiperda/2/3/ct_d3_017.jpg,frugiperda,2,3
frugiperda/2/3/ct_d3_018.jpg,frugiperda,2,3
frugiperda/2/3/ct_d3_019.jpg,frugiperda,2,3
frugiperda/2/3/ct_d3_020.jpg,frugiperda,2,3
frugiperda/2/3/ct_d3_021.jpg,frugiperda,2,3
frugiperda/2/3/ct_d3_022.jpg,frugiperda,2,3
frugiperda/2/3/ct_d3_023.jpg,frugiperda,2,3
frugiperda/2/3/ct_d3_024.jpg,frugiperda,2,3
frugiperda/2/3/ct_d3_025.jpg,frugiperda,2,3
frugiperda/2/3/ct_d3_026.jpg,frugiperda,2,3
frugiperda/2/3/ct_d3_027.jpg,frugiperda,2,3
frugiperda/2/3/ct_d3_028.jpg,frugiperda,2,3
frugiperda/2/3/ct_d3_029.jpg,frugiperda,2,3
frugiperda/2/3/ct_d3_030.jpg,frugiperda,2,3
frugiperda/2/3/ct_d3_031.jpg,frugiperda,2,3
frugiperda/2/3/ct_d3_032.jpg,frugiperda,2,3
frugiperda/2/3/ct_d3_033.jpg,frugiperda,2,3
frugiperda/2/3/ct_d3_034.jpg,frugiperda,2,3
frugiperda/2/3/ct_d3_035.jpg,frugiperda,2,3
frugiperda/2/3/ct_d3_036.jpg,frugiperda,2,3
frugiperda/2/3/ct_d3_037.jpg,frugiperda,2,3
frugiperda/2/3/ct_d3_038.jpg,frugiperda,2,3
frugiperda/2/3/ct_d3_039.jpg,frugiperda,2,3
frugiperda/2/3/ct_d3_040.jpg,frugiperda,2,3
frugiperda/2/3/ct_d3_041.jpg,frugiperda,2,3
frugiperda/2/3/ct_d3_042.jpg,frugiperda,2,3
frugiperda/2/3/ct_d3_043.jpg,frugiperda,2,3
frugiperda/2/3/ct_d3_044.jpg,frugiperda,2,3
frugiperda/2/3/ct_d3_045.jpg,frugiperda,2,3
frugiperda/2/3/ct_d3_046.jpg,frugiperda,2,3
frugiperda/2/3/ct_d3_047.jpg,frugiperda,2,3
frugiperda/2/3/ct_d3_048.jpg,frugiperda,2,3
frugiperda/2/3/ct_d3_049.jpg,frugiperda,2,3
frugiperda/2/3/ct_d3_050.jpg,frugiperda,2,3
frugiperda/2/3/ct_d3_051.jpg,frugiperda,2,3
frugiperda/2/3/ct_d3_052.jpg,frugiperda,2,3
frugiperda/2/3/ct_d3_053.jpg,frugiperda,2,3
frugiperda/2/3/ct_d3_054.jpg,frugiperda,2,3
frugiperda/2/3/ct_d3_055.jpg,frugiperda,2,3
frugiperda/2/3/ct_d3_056.jpg,frugiperda,2,3
frugiperda/2/3/ct_d3_057.jpg,frugiperda,2,3
frugiperda/2/3/ct_d3_058.jpg,frugiperda,2,3
frugiperda/2/3/ct_d3_059.jpg,frugiperda,2,3
frugiperda/2/3/ct_d3_060.jpg,frugiperda,2,3
frugiperda/2/3/ct_d3_061.jpg,frugiperda,2,3
frugiperda/2/3/ct_d3_062.jpg,frugiperda,2,3
frugiperda/2/3/ct_d3_063.jpg,frugiperda,2,3
frugiperda/2/3/ct_d3_064.jpg,frugiperda,2,3
frugiperda/2/3/ct_d3_065.jpg,frugiperda,2,3
frugiperda/2/3/ct_d3_066.jpg,frugiperda,2,3
frugiperda/2/3/ct_d3_067.jpg,frugiperda,2,3
frugiperda/2/3/ct_d3_068.jpg,frugiperda,2,3
frugiperda/2/3/ct_d3_069.jpg,frugiperda,2,3
frugiperda/2/3/ct_d3_070.jpg,frugiperda,2,3
frugiperda/2/3/ct_d3_071.jpg,frugiperda,2,3
frugiperda/2/3/ct_d3_072.jpg,frugiperda,2,3
frugiperda/2/3/ct_d3_073.jpg,frugiperda,2,3
frugiperda/2/3/ct_d3_074.jpg,frugiperda,2,3
frugiperda/2/3/ct_d3_075.jpg,frugiperda,2,3
frugiperda/2/3/ct_d3_076.jpg,frugiperda,2,3
frugiperda/2/3/ct_d3_077.jpg,frugiperda,2,3
frugiperda/2/3/ct_d3_078.jpg,frugiperda,2,3
frugiperda/2/3/ct_d3_079.jpg,frugiperda,2,3
frugiperda/2/3/ct_d3_080.jpg,frugiperda,2,3
frugiperda/2/3/ct_d3_081.jpg,frugiperda,2,3
frugiperda/2/3/ct_d3_082.jpg,frugiperda,2,3
frugiperda/2/3/ct_d3_083.jpg,frugiperda,2,3
frugiperda/2/3/ct_d3_084.jpg,frugiperda,2,3
frugiperda/2/3/ct_d3_085.jpg,frugiperda,2,3
frugiperda/2/3/ct_d3_086.jpg,frugiperda,2,3
frugiperda/2/3/ct_d3_087.jpg,frugiperda,2,3
frugiperda/2/3/ct_d3_088.jpg,frugiperda,2,3
frugiperda/2/3/ct_d3_089.jpg,frugiperda,2,3
frugiperda/2/3/ct_d3_090.jpg,frugiperda,2,3
frugiperda/2/3/ct_d3_091.jpg,frugiperda,2,3
frugiperda/2/3/ct_d3_092.jpg,frugiperda,2,3
frugiperda/2/3/ct_d3_093.jpg,frugiperda,2,3
frugiperda/2/3/ct_d3_094.jpg,frugiperda,2,3
frugiperda/2/3/ct_d3_095.jpg,frugiperda,2,3
frugiperda/2/3/ct_d3_096.jpg,frugiperda,2,3
frugiperda/2/3/ct_d3_097.jpg,frugiperda,2,3
frugiperda/2/3/ct_d3_098.jpg,frugiperda,2,3
frugiperda/2/3/ct_d3_099.jpg,frugiperda,2,3
frugiperda/2/3/ct_d3_100.jpg,frugiperda,2,3
frugiperda/2/3/ct_d3_101.jpg,frugiperda,2,3
frugiperda/2/3/ct_d3_102.jpg,frugiperda,2,3
frugiperda/2/3/ct_d3_103.jpg,frugiperda,2,3
frugiperda/2/3/ct_d3_104.jpg,frugiperda,2,3
frugiperda/2/3/ct_d3_105.jpg,frugiperda,2,3
frugiperda/2/3/ct_d3_106.jpg,frugiperda,2,3
frugiperda/2/3/ct_d3_107.jpg,frugiperda,2,3
frugiperda/2/3/ct_d3_108.jpg,frugiperda,2,3
frugiperda/2/3/ct_d3_109.jpg,frugiperda,2,3
frugiperda/2/3/ct_d3_110.jpg,frugiperda,2,3
frugiperda/2/3/ct_d3_111.jpg,frugiperda,2,3
frugiperda/2/3/ct_d3_112.jpg,frugiperda,2,3
frugiperda/2/3/ct_d3_113.jpg,frugiperda,2,3
frugiperda/2/3/ct_d3_114.jpg,frugiperda,2,3
frugiperda/2/3/ct_d3_115.jpg,frugiperda,2,3
frugiperda/2/3/ct_d3_116.jpg,frugiperda,2,3
frugiperda/2/3/ct_d3_117.jpg,frugiperda,2,3
frugiperda/2/3/ct_d3_118.jpg,frugiperda,2,3
frugiperda/2/3/ct_d3_119.jpg,frugiperda,2,3
frugiperda/2/3/ct_d3_120.jpg,frugiperda,2,3
frugiperda/2/3/ct_d3_121.jpg,frugiperda,2,3
frugiperda/2/3/ct_d3_122.jpg,frugiperda,2,3
frugiperda/2/3/ct_d3_123.jpg,frugiperda,2,3
frugiperda/2/3/ct_d3_124.jpg,frugiperda,2,3
frugiperda/2/3/ct_d3_125.jpg,frugiperda,2,3
frugiperda/2/3/ct_d3_126.jpg,frugiperda,2,3
frugiperda/2/3/ct_d3_127.jpg,frugiperda,2,3
frugiperda/2/3/ct_d3_128.jpg,frugiperda,2,3
frugiperda/2/3/ct_d3_129.jpg,frugiperda,2,3
frugiperda/2/3/ct_d3_130.jpg,frugiperda,2,3
frugiperda/2/3/ct_d3_131.jpg,frugiperda,2,3
frugiperda/2/3/ct_d3_132.jpg,frugiperda,2,3
frugiperda/2/3/ct_d3_133.jpg,frugiperda,2,3
frugiperda/2/3/ct_d3_134.jpg,frugiperda,2,3
frugiperda/2/3/ct_d3_135.jpg,frugiperda,2,3
frugiperda/2/3/ct_d3_136.jpg,frugiperda,2,3
frugiperda/2/3/ct_d3_137.jpg,frugiperda,2,3
frugiperda/2/3/ct_d3_138.jpg,frugiperda,2,3
frugiperda/2/3/ct_d3_139.jpg,frugiperda,2,3
frugiperda/2/3/ct_d3_140.jpg,frugiperda,2,3
frugiperda/2/3/ct_d3_141.jpg,frugiperda,2,3
frugiperda/2/3/ct_d3_142.jpg,frugiperda,2,3
frugiperda/2/3/ct_d3_143.jpg,frugiperda,2,3
frugiperda/2/3/ct_d3_144.jpg,frugiperda,2,3
frugiperda/2/3/ct_d3_145.jpg,frugiperda,2,3
frugiperda/2/3/ct_d3_146.jpg,frugiperda,2,3
frugiperda/2/3/ct_d3_147.jpg,frugiperda,2,3
frugiperda/2/3/ct_d3_148.jpg,frugiperda,2,3
frugiperda/2/3/ct_d3_149.jpg,frugiperda,2,3
frugiperda/2/3/ct_d3_150.jpg,frugiperda,2,3
frugiperda/2/3/ct_d3_151.jpg,frugiperda,2,3
frugiperda/2/3/ct_d3_152.jpg,frugiperda,2,3
frugiperda/2/3/ct_d3_153.jpg,frugiperda,2,3
frugiperda/2/3/ct_d3_154.jpg,frugiperda,2,3
frugiperda/2/3/ct_d3_155.jpg,frugiperda,2,3
frugiperda/2/3/ct_d3_156.jpg,frugiperda,2,3
frugiperda/2/3/ct_d3_157.jpg,frugiperda,2,3
frugiperda/2/3/ct_d3_158.jpg,frugiperda,2,3
frugiperda/2/3/ct_d3_159.jpg,frugiperda,2,3
frugiperda/2/3/ct_d3_160.jpg,frugiperda,2,3
frugiperda/2/3/ct_d3_161.jpg,frugiperda,2,3
frugiperda/2/3/ct_d3_162.jpg,frugiperda,2,3
frugiperda/2/3/ct_d3_163.jpg,frugiperda,2,3
frugiperda/2/3/ct_d3_164.jpg,frugiperda,2,3
frugiperda/2/3/ct_d3_165.jpg,frugiperda,2,3
frugiperda/2/3/ct_d3_166.jpg,frugiperda,2,3
frugiperda/2/3/ct_d3_167.jpg,frugiperda,2,3
frugiperda/2/3/ct_d3_168.jpg,frugiperda,2,3
frugiperda/2/3/ct_d3_169.jpg,frugiperda,2,3
frugiperda/2/3/ct_d3_170.jpg,frugiperda,2,3
frugiperda/2/3/ct_d3_171.jpg,frugiperda,2,3
frugiperda/2/3/ct_d3_172.jpg,frugiperda,2,3
frugiperda/2/3/ct_d3_173.jpg,frugiperda,2,3
frugiperda/2/3/ct_d3_174.jpg,frugiperda,2,3
frugiperda/2/3/ct_d3_175.jpg,frugiperda,2,3
frugiperda/2/3/ct_d3_176.jpg,frugiperda,2,3
frugiperda/2/3/ct_d3_177.jpg,frugiperda,2,3
frugiperda/2/3/ct_d3_178.jpg,frugiperda,2,3
frugiperda/2/3/ct_d3_179.jpg,frugiperda,2,3
frugiperda/2/3/ct_d3_180.jpg,frugiperda,2,3
frugiperda/2/3/ct_d3_181.jpg,frugiperda,2,3
frugiperda/2/3/ct_d3_182.jpg,frugiperda,2,3
frugiperda/2/3/ct_d3_183.jpg,frugiperda,2,3
frugiperda/2/3/ct_d3_184.jpg,frugiperda,2,3
frugiperda/2/3/ct_d3_185.jpg,frugiperda,2,3
frugiperda/2/3/ct_d3_186.jpg,frugiperda,2,3
frugiperda/2/3/ct_d3_187.jpg,frugiperda,2,3
frugiperda/2/3/ct_d3_188.jpg,frugiperda,2,3
frugiperda/2/3/ct_d3_189.jpg,frugiperda,2,3
frugiperda/2/3/ct_d3_190.jpg,frugiperda,2,3
frugiperda/2/3/ct_d3_191.jpg,frugiperda,2,3
frugiperda/2/3/ct_d3_192.jpg,frugiperda,2,3
frugiperda/2/3/ct_d3_193.jpg,frugiperda,2,3
frugiperda/2/3/ct_d3_194.jpg,frugiperda,2,3
frugiperda/2/3/ct_d3_195.jpg,frugiperda,2,3
frugiperda/2/3/ct_d3_196.jpg,frugiperda,2,3
frugiperda/2/3/ct_d3_197.jpg,frugiperda,2,3
frugiperda/2/3/ct_d3_198.jpg,frugiperda,2,3
frugiperda/2/3/ct_d3_199.jpg,frugiperda,2,3
frugiperda/2/3/ct_d3_200.jpg,frugiperda,2,3
frugiperda/2/4/ct_d4_001.jpg,frugiperda,2,4
frugiperda/2/4/ct_d4_002.jpg,frugiperda,2,4
frugiperda/2/4/ct_d4_003.jpg,frugiperda,2,4
frugiperda/2/4/ct_d4_004.jpg,frugiperda,2,4
frugiperda/2/4/ct_d4_005.jpg,frugiperda,2,4
frugiperda/2/4/ct_d4_006.jpg,frugiperda,2,4
frugiperda/2/4/ct_d4_007.jpg,frugiperda,2,4
frugiperda/2/4/ct_d4_008.jpg,frugiperda,2,4
frugiperda/2/4/ct_d4_009.jpg,frugiperda,2,4
frugiperda/2/4/ct_d4_010.jpg,frugiperda,2,4
frugiperda/2/4/ct_d4_011.jpg,frugiperda,2,4
frugiperda/2/4/ct_d4_012.jpg,frugiperda,2,4
frugiperda/2/4/ct_d4_013.jpg,frugiperda,2,4
frugiperda/2/4/ct_d4_014.jpg,frugiperda,2,4
frugiperda/2/4/ct_d4_015.jpg,frugiperda,2,4
frugiperda/2/4/ct_d4_016.jpg,frugiperda,2,4
frugiperda/2/4/ct_d4_017.jpg,frugiperda,2,4
frugiperda/2/4/ct_d4_018.jpg,frugiperda,2,4
frugiperda/2/4/ct_d4_019.jpg,frugiperda,2,4
frugiperda/2/4/ct_d4_020.jpg,frugiperda,2,4
frugiperda/2/4/ct_d4_021.jpg,frugiperda,2,4
frugiperda/2/4/ct_d4_022.jpg,frugiperda,2,4
frugiperda/2/4/ct_d4_023.jpg,frugiperda,2,4
frugiperda/2/4/ct_d4_024.jpg,frugiperda,2,4
frugiperda/2/4/ct_d4_025.jpg,frugiperda,2,4
frugiperda/2/4/ct_d4_026.jpg,frugiperda,2,4
frugiperda/2/4/ct_d4_027.jpg,frugiperda,2,4
frugiperda/2/4/ct_d4_028.jpg,frugiperda,2,4
frugiperda/2/4/ct_d4_029.jpg,frugiperda,2,4
frugiperda/2/4/ct_d4_030.jpg,frugiperda,2,4
frugiperda/2/4/ct_d4_031.jpg,frugiperda,2,4
frugiperda/2/4/ct_d4_032.jpg,frugiperda,2,4
frugiperda/2/4/ct_d4_033.jpg,frugiperda,2,4
frugiperda/2/4/ct_d4_034.jpg,frugiperda,2,4
frugiperda/2/4/ct_d4_035.jpg,frugiperda,2,4
frugiperda/2/4/ct_d4_036.jpg,frugiperda,2,4
frugiperda/2/4/ct_d4_037.jpg,frugiperda,2,4
frugiperda/2/4/ct_d4_038.jpg,frugiperda,2,4
frugiperda/2/4/ct_d4_039.jpg,frugiperda,2,4
frugiperda/2/4/ct_d4_040.jpg,frugiperda,2,4
frugiperda/2/4/ct_d4_041.jpg,frugiperda,2,4
frugiperda/2/4/ct_d4_042.jpg,frugiperda,2,4
frugiperda/2/4/ct_d4_043.jpg,frugiperda,2,4
frugiperda/2/4/ct_d4_044.jpg,frugiperda,2,4
frugiperda/2/4/ct_d4_045.jpg,frugiperda,2,4
frugiperda/2/4/ct_d4_046.jpg,frugiperda,2,4
frugiperda/2/4/ct_d4_047.jpg,frugiperda,2,4
frugiperda/2/4/ct_d4_048.jpg,frugiperda,2,4
frugiperda/2/4/ct_d4_049.jpg,frugiperda,2,4
frugiperda/2/4/ct_d4_050.jpg,frugiperda,2,4
frugiperda/2/4/ct_d4_051.jpg,frugiperda,2,4
frugiperda/2/4/ct_d4_052.jpg,frugiperda,2,4
frugiperda/2/4/ct_d4_053.jpg,frugiperda,2,4
frugiperda/2/4/ct_d4_054.jpg,frugiperda,2,4
frugiperda/2/4/ct_d4_055.jpg,frugiperda,2,4
frugiperda/2/4/ct_d4_056.jpg,frugiperda,2,4
frugiperda/2/4/ct_d4_057.jpg,frugiperda,2,4
frugiperda/2/4/ct_d4_058.jpg,frugiperda,2,4
frugiperda/2/4/ct_d4_059.jpg,frugiperda,2,4
frugiperda/2/4/ct_d4_060.jpg,frugiperda,2,4
frugiperda/2/4/ct_d4_061.jpg,frugiperda,2,4
frugiperda/2/4/ct_d4_062.jpg,frugiperda,2,4
frugiperda/2/4/ct_d4_063.jpg,frugiperda,2,4
frugiperda/2/4/ct_d4_064.jpg,frugiperda,2,4
frugiperda/2/4/ct_d4_065.jpg,frugiperda,2,4
frugiperda/2/4/ct_d4_066.jpg,frugiperda,2,4
frugiperda/2/4/ct_d4_067.jpg,frugiperda,2,4
frugiperda/2/4/ct_d4_068.jpg,frugiperda,2,4
frugiperda/2/4/ct_d4_069.jpg,frugiperda,2,4
frugiperda/2/4/ct_d4_070.jpg,frugiperda,2,4
frugiperda/2/4/ct_d4_071.jpg,frugiperda,2,4
frugiperda/2/4/ct_d4_072.jpg,frugiperda,2,4
frugiperda/2/4/ct_d4_073.jpg,frugiperda,2,4
frugiperda/2/4/ct_d4_074.jpg,frugiperda,2,4
frugiperda/2/4/ct_d4_075.jpg,frugiperda,2,4
frugiperda/2/4/ct_d4_076.jpg,frugiperda,2,4
frugiperda/2/4/ct_d4_077.jpg,frugiperda,2,4
frugiperda/2/4/ct_d4_078.jpg,frugiperda,2,4
frugiperda/2/4/ct_d4_079.jpg,frugiperda,2,4
frugiperda/2/4/ct_d4_080.jpg,frugiperda,2,4
frugiperda/2/4/ct_d4_081.jpg,frugiperda,2,4
frugiperda/2/4/ct_d4_082.jpg,frugiperda,2,4
frugiperda/2/4/ct_d4_083.jpg,frugiperda,2,4
frugiperda/2/4/ct_d4_084.jpg,frugiperda,2,4
frugiperda/2/4/ct_d4_085.jpg,frugiperda,2,4
frugiperda/2/4/ct_d4_086.jpg,frugiperda,2,4
frugiperda/2/4/ct_d4_087.jpg,frugiperda,2,4
frugiperda/2/4/ct_d4_088.jpg,frugiperda,2,4
frugiperda/2/4/ct_d4_089.jpg,frugiperda,2,4
frugiperda/2/4/ct_d4_090.jpg,frugiperda,2,4
frugiperda/2/4/ct_d4_091.jpg,frugiperda,2,4
frugiperda/2/4/ct_d4_092.jpg,frugiperda,2,4
frugiperda/2/4/ct_d4_093.jpg,frugiperda,2,4
frugiperda/2/4/ct_d4_094.jpg,frugiperda,2,4
frugiperda/2/4/ct_d4_095.jpg,frugiperda,2,4
frugiperda/2/4/ct_d4_096.jpg,frugiperda,2,4
frugiperda/2/4/ct_d4_097.jpg,frugiperda,2,4
frugiperda/2/4/ct_d4_098.jpg,frugiperda,2,4
frugiperda/2/4/ct_d4_099.jpg,frugiperda,2,4
frugiperda/2/4/ct_d4_100.jpg,frugiperda,2,4
frugiperda/2/4/ct_d4_101.jpg,frugiperda,2,4
frugiperda/2/4/ct_d4_102.jpg,frugiperda,2,4
frugiperda/2/4/ct_d4_103.jpg,frugiperda,2,4
frugiperda/2/4/ct_d4_104.jpg,frugiperda,2,4
frugiperda/2/4/ct_d4_105.jpg,frugiperda,2,4
frugiperda/2/4/ct_d4_106.jpg,frugiperda,2,4
frugiperda/2/4/ct_d4_107.jpg,frugiperda,2,4
frugiperda/2/4/ct_d4_108.jpg,frugiperda,2,4
frugiperda/2/4/ct_d4_109.jpg,frugiperda,2,4
frugiperda/2/4/ct_d4_110.jpg,frugiperda,2,4
frugiperda/2/4/ct_d4_111.jpg,frugiperda,2,4
frugiperda/2/4/ct_d4_112.jpg,frugiperda,2,4
frugiperda/2/4/ct_d4_113.jpg,frugiperda,2,4
frugiperda/2/4/ct_d4_114.jpg,frugiperda,2,4
frugiperda/2/4/ct_d4_115.jpg,frugiperda,2,4
frugiperda/2/4/ct_d4_116.jpg,frugiperda,2,4
frugiperda/2/4/ct_d4_117.jpg,frugiperda,2,4
frugiperda/2/4/ct_d4_118.jpg,frugiperda,2,4
frugiperda/2/4/ct_d4_119.jpg,frugiperda,2,4
frugiperda/2/4/ct_d4_120.jpg,frugiperda,2,4
frugiperda/2/4/ct_d4_121.jpg,frugiperda,2,4
frugiperda/2/4/ct_d4_122.jpg,frugiperda,2,4
frugiperda/2/4/ct_d4_123.jpg,frugiperda,2,4
frugiperda/2/4/ct_d4_124.jpg,frugiperda,2,4
frugiperda/2/4/ct_d4_125.jpg,frugiperda,2,4
frugiperda/2/4/ct_d4_126.jpg,frugiperda,2,4
frugiperda/2/4/ct_d4_127.jpg,frugiperda,2,4
frugiperda/2/4/ct_d4_128.jpg,frugiperda,2,4
frugiperda/2/4/ct_d4_129.jpg,frugiperda,2,4
frugiperda/2/4/ct_d4_130.jpg,frugiperda,2,4
frugiperda/2/4/ct_d4_131.jpg,frugiperda,2,4
frugiperda/2/4/ct_d4_132.jpg,frugiperda,2,4
frugiperda/2/4/ct_d4_133.jpg,frugiperda,2,4
frugiperda/2/4/ct_d4_134.jpg,frugiperda,2,4
frugiperda/2/4/ct_d4_135.jpg,frugiperda,2,4
frugiperda/2/4/ct_d4_136.jpg,frugiperda,2,4
frugiperda/2/4/ct_d4_137.jpg,frugiperda,2,4
frugiperda/2/4/ct_d4_138.jpg,frugiperda,2,4
frugiperda/2/4/ct_d4_139.jpg,frugiperda,2,4
frugiperda/2/4/ct_d4_140.jpg,frugiperda,2,4
frugiperda/2/4/ct_d4_141.jpg,frugiperda,2,4
frugiperda/2/4/ct_d4_142.jpg,frugiperda,2,4
frugiperda/2/4/ct_d4_143.jpg,frugiperda,2,4
frugiperda/2/4/ct_d4_144.jpg,frugiperda,2,4
frugiperda/2/4/ct_d4_145.jpg,frugiperda,2,4
frugiperda/2/4/ct_d4_146.jpg,frugiperda,2,4
frugiperda/2/4/ct_d4_147.jpg,frugiperda,2,4
frugiperda/2/4/ct_d4_148.jpg,frugiperda,2,4
frugiperda/2/4/ct_d4_149.jpg,frugiperda,2,4
frugiperda/2/4/ct_d4_150.jpg,frugiperda,2,4
frugiperda/2/4/ct_d4_151.jpg,frugiperda,2,4
frugiperda/2/4/ct_d4_152.jpg,frugiperda,2,4
frugiperda/2/4/ct_d4_153.jpg,frugiperda,2,4
frugiperda/2/4/ct_d4_154.jpg,frugiperda,2,4
frugiperda/2/4/ct_d4_155.jpg,frugiperda,2,4
frugiperda/2/4/ct_d4_156.jpg,frugiperda,2,4
frugiperda/2/4/ct_d4_157.jpg,frugiperda,2,4
frugiperda/2/4/ct_d4_158.jpg,frugiperda,2,4
frugiperda/2/4/ct_d4_159.jpg,frugiperda,2,4
frugiperda/2/4/ct_d4_160.jpg,frugiperda,2,4
frugiperda/2/4/ct_d4_161.jpg,frugiperda,2,4
frugiperda/2/4/ct_d4_162.jpg,frugiperda,2,4
frugiperda/2/4/ct_d4_163.jpg,frugiperda,2,4
frugiperda/2/4/ct_d4_164.jpg,frugiperda,2,4
frugiperda/2/4/ct_d4_165.jpg,frugiperda,2,4
frugiperda/2/4/ct_d4_166.jpg,frugiperda,2,4
frugiperda/2/4/ct_d4_167.jpg,frugiperda,2,4
frugiperda/2/4/ct_d4_168.jpg,frugiperda,2,4
frugiperda/2/4/ct_d4_169.jpg,frugiperda,2,4
frugiperda/2/4/ct_d4_170.jpg,frugiperda,2,4
frugiperda/2/4/ct_d4_171.jpg,frugiperda,2,4
frugiperda/2/4/ct_d4_172.jpg,frugiperda,2,4
frugiperda/2/4/ct_d4_173.jpg,frugiperda,2,4
frugiperda/2/4/ct_d4_174.jpg,frugiperda,2,4
frugiperda/2/4/ct_d4_175.jpg,frugiperda,2,4
frugiperda/2/4/ct_d4_176.jpg,frugiperda,2,4
frugiperda/2/4/ct_d4_177.jpg,frugiperda,2,4
frugiperda/2/4/ct_d4_178.jpg,frugiperda,2,4
frugiperda/2/4/ct_d4_179.jpg,frugiperda,2,4
frugiperda/2/4/ct_d4_180.jpg,frugiperda,2,4
frugiperda/2/4/ct_d4_181.jpg,frugiperda,2,4
frugiperda/2/4/ct_d4_182.jpg,frugiperda,2,4
frugiperda/2/4/ct_d4_183.jpg,frugiperda,2,4
frugiperda/2/4/ct_d4_184.jpg,frugiperda,2,4
frugiperda/2/4/ct_d4_185.jpg,frugiperda,2,4
frugiperda/2/4/ct_d4_186.jpg,frugiperda,2,4
frugiperda/2/4/ct_d4_187.jpg,frugiperda,2,4
frugiperda/2/4/ct_d4_188.jpg,frugiperda,2,4
frugiperda/2/4/ct_d4_189.jpg,frugiperda,2,4
frugiperda/2/4/ct_d4_190.jpg,frugiperda,2,4
frugiperda/2/4/ct_d4_191.jpg,frugiperda,2,4
frugiperda/2/4/ct_d4_192.jpg,frugiperda,2,4
frugiperda/2/4/ct_d4_193.jpg,frugiperda,2,4
frugiperda/2/4/ct_d4_194.jpg,frugiperda,2,4
frugiperda/2/4/ct_d4_195.jpg,frugiperda,2,4
frugiperda/2/4/ct_d4_196.jpg,frugiperda,2,4
frugiperda/2/4/ct_d4_197.jpg,frugiperda,2,4
frugiperda/2/4/ct_d4_198.jpg,frugiperda,2,4
frugiperda/2/4/ct_d4_199.jpg,frugiperda,2,4
frugiperda/2/4/ct_d4_200.jpg,frugiperda,2,4
frugiperda/2/4/ct_d4_201.jpg,frugiperda,2,4
frugiperda/2/4/ct_d4_202.jpg,frugiperda,2,4
frugiperda/2/4/ct_d4_203.jpg,frugiperda,2,4
frugiperda/2/4/ct_d4_204.jpg,frugiperda,2,4
frugiperda/2/4/ct_d4_205.jpg,frugiperda,2,4
frugiperda/2/4/ct_d4_206.jpg,frugiperda,2,4
frugiperda/2/4/ct_d4_207.jpg,frugiperda,2,4
frugiperda/2/4/ct_d4_208.jpg,frugiperda,2,4
frugiperda/2/4/ct_d4_209.jpg,frugiperda,2,4
frugiperda/2/4/ct_d4_210.jpg,frugiperda,2,4
frugiperda/2/4/ct_d4_211.jpg,frugiperda,2,4
frugiperda/2/4/ct_d4_212.jpg,frugiperda,2,4
frugiperda/3/5/ct_d5_001.jpg,frugiperda,3,5
frugiperda/3/5/ct_d5_002.jpg,frugiperda,3,5
frugiperda/3/5/ct_d5_003.jpg,frugiperda,3,5
frugiperda/3/5/ct_d5_004.jpg,frugiperda,3,5
frugiperda/3/5/ct_d5_005.jpg,frugiperda,3,5
frugiperda/3/5/ct_d5_006.jpg,frugiperda,3,5
frugiperda/3/5/ct_d5_007.jpg,frugiperda,3,5
frugiperda/3/5/ct_d5_008.jpg,frugiperda,3,5
frugiperda/3/5/ct_d5_009.jpg,frugiperda,3,5
frugiperda/3/5/ct_d5_010.jpg,frugiperda,3,5
frugiperda/3/5/ct_d5_011.jpg,frugiperda,3,5
frugiperda/3/5/ct_d5_012.jpg,frugiperda,3,5
frugiperda/3/5/ct_d5_013.jpg,frugiperda,3,5
frugiperda/3/5/ct_d5_014.jpg,frugiperda,3,5
frugiperda/3/5/ct_d5_015.jpg,frugiperda,3,5
frugiperda/3/5/ct_d5_016.jpg,frugiperda,3,5
frugiperda/3/5/ct_d5_017.jpg,frugiperda,3,5
frugiperda/3/5/ct_d5_018.jpg,frugiperda,3,5
frugiperda/3/5/ct_d5_019.jpg,frugiperda,3,5
frugiperda/3/5/ct_d5_020.jpg,frugiperda,3,5
frugiperda/3/5/ct_d5_021.jpg,frugiperda,3,5
frugiperda/3/5/ct_d5_022.jpg,frugiperda,3,5
frugiperda/3/5/ct_d5_023.jpg,frugiperda,3,5
frugiperda/3/5/ct_d5_024.jpg,frugiperda,3,5
frugiperda/3/5/ct_d5_025.jpg,frugiperda,3,5
frugiperda/3/5/ct_d5_026.jpg,frugiperda,3,5
frugiperda/3/5/ct_d5_027.jpg,frugiperda,3,5
frugiperda/3/5/ct_d5_028.jpg,frugiperda,3,5
frugiperda/3/5/ct_d5_029.jpg,frugiperda,3,5
frugiperda/3/5/ct_d5_030.jpg,frugiperda,3,5
frugiperda/3/5/ct_d5_031.jpg,frugiperda,3,5
frugiperda/3/5/ct_d5_032.jpg,frugiperda,3,5
frugiperda/3/5/ct_d5_033.jpg,frugiperda,3,5
frugiperda/3/5/ct_d5_034.jpg,frugiperda,3,5
frugiperda/3/5/ct_d5_035.jpg,frugiperda,3,5
frugiperda/3/5/ct_d5_036.jpg,frugiperda,3,5
frugiperda/3/5/ct_d5_037.jpg,frugiperda,3,5
frugiperda/3/5/ct_d5_038.jpg,frugiperda,3,5
frugiperda/3/5/ct_d5_039.jpg,frugiperda,3,5
frugiperda/3/5/ct_d5_040.jpg,frugiperda,3,5
frugiperda/3/5/ct_d5_041.jpg,frugiperda,3,5
frugiperda/3/5/ct_d5_042.jpg,frugiperda,3,5
frugiperda/3/5/ct_d5_043.jpg,frugiperda,3,5
frugiperda/3/5/ct_d5_044.jpg,frugiperda,3,5
frugiperda/3/5/ct_d5_045.jpg,frugiperda,3,5
frugiperda/3/5/ct_d5_046.jpg,frugiperda,3,5
frugiperda/3/5/ct_d5_047.jpg,frugiperda,3,5
frugiperda/3/5/ct_d5_048.jpg,frugiperda,3,5
frugiperda/3/5/ct_d5_049.jpg,frugiperda,3,5
frugiperda/3/5/ct_d5_050.jpg,frugiperda,3,5
frugiperda/3/5/ct_d5_051.jpg,frugiperda,3,5
frugiperda/3/5/ct_d5_052.jpg,frugiperda,3,5
frugiperda/3/5/ct_d5_053.jpg,frugiperda,3,5
frugiperda/3/5/ct_d5_054.jpg,frugiperda,3,5
frugiperda/3/5/ct_d5_055.jpg,frugiperda,3,5
frugiperda/3/5/ct_d5_056.jpg,frugiperda,3,5
frugiperda/3/5/ct_d5_057.jpg,frugiperda,3,5
frugiperda/3/5/ct_d5_058.jpg,frugiperda,3,5
frugiperda/3/5/ct_d5_059.jpg,frugiperda,3,5
frugiperda/3/5/ct_d5_060.jpg,frugiperda,3,5
frugiperda/3/5/ct_d5_061.jpg,frugiperda,3,5
frugiperda/3/5/ct_d5_062.jpg,frugiperda,3,5
frugiperda/3/5/ct_d5_063.jpg,frugiperda,3,5
frugiperda/3/5/ct_d5_064.jpg,frugiperda,3,5
frugiperda/3/5/ct_d5_065.jpg,frugiperda,3,5
frugiperda/3/5/ct_d5_066.jpg,frugiperda,3,5
frugiperda/3/5/ct_d5_067.jpg,frugiperda,3,5
frugiperda/3/5/ct_d5_068.jpg,frugiperda,3,5
frugiperda/3/5/ct_d5_069.jpg,frugiperda,3,5
frugiperda/3/5/ct_d5_070.jpg,frugiperda,3,5
frugiperda/3/5/ct_d5_071.jpg,frugiperda,3,5
frugiperda/3/5/ct_d5_072.jpg,frugiperda,3,5
frugiperda/3/5/ct_d5_073.jpg,frugiperda,3,5
frugiperda/3/5/ct_d5_074.jpg,frugiperda,3,5
frugiperda/3/5/ct_d5_075.jpg,frugiperda,3,5
frugiperda/3/5/ct_d5_076.jpg,frugiperda,3,5
frugiperda/3/5/ct_d5_077.jpg,frugiperda,3,5
frugiperda/3/5/ct_d5_078.jpg,frugiperda,3,5
frugiperda/3/5/ct_d5_079.jpg,frugiperda,3,5
frugiperda/3/5/ct_d5_080.jpg,frugiperda,3,5
frugiperda/3/5/ct_d5_081.jpg,frugiperda,3,5
frugiperda/3/5/ct_d5_082.jpg,frugiperda,3,5
frugiperda/3/5/ct_d5_083.jpg,frugiperda,3,5
frugiperda/3/5/ct_d5_084.jpg,frugiperda,3,5
frugiperda/3/5/ct_d5_085.jpg,frugiperda,3,5
frugiperda/3/5/ct_d5_086.jpg,frugiperda,3,5
frugiperda/3/5/ct_d5_087.jpg,frugiperda,3,5
frugiperda/3/5/ct_d5_088.jpg,frugiperda,3,5
frugiperda/3/5/ct_d5_089.jpg,frugiperda,3,5
frugiperda/3/5/ct_d5_090.jpg,frugiperda,3,5
frugiperda/3/5/ct_d5_091.jpg,frugiperda,3,5
frugiperda/3/5/ct_d5_092.jpg,frugiperda,3,5
frugiperda/3/5/ct_d5_093.jpg,frugiperda,3,5
frugiperda/3/5/ct_d5_094.jpg,frugiperda,3,5
frugiperda/3/5/ct_d5_095.jpg,frugiperda,3,5
frugiperda/3/5/ct_d5_096.jpg,frugiperda,3,5
frugiperda/3/5/ct_d5_097.jpg,frugiperda,3,5
frugiperda/3/5/ct_d5_098.jpg,frugiperda,3,5
frugiperda/3/5/ct_d5_099.jpg,frugiperda,3,5
frugiperda/3/5/ct_d5_100.jpg,frugiperda,3,5
frugiperda/3/5/ct_d5_101.jpg,frugiperda,3,5
frugiperda/3/5/ct_d5_102.jpg,frugiperda,3,5
frugiperda/3/5/ct_d5_103.jpg,frugiperda,3,5
frugiperda/3/5/ct_d5_104.jpg,frugiperda,3,5
frugiperda/3/5/ct_d5_105.jpg,frugiperda,3,5
frugiperda/3/5/ct_d5_106.jpg,frugiperda,3,5
frugiperda/3/5/ct_d5_107.jpg,frugiperda,3,5
frugiperda/3/5/ct_d5_108.jpg,frugiperda,3,5
frugiperda/3/5/ct_d5_109.jpg,frugiperda,3,5
frugiperda/3/5/ct_d5_110.jpg,frugiperda,3,5
frugiperda/3/5/ct_d5_111.jpg,frugiperda,3,5
frugiperda/3/5/ct_d5_112.jpg,frugiperda,3,5
frugiperda/3/5/ct_d5_113.jpg,frugiperda,3,5
frugiperda/3/5/ct_d5_114.jpg,frugiperda,3,5
frugiperda/3/5/ct_d5_115.jpg,frugiperda,3,5
frugiperda/3/5/ct_d5_116.jpg,frugiperda,3,5
frugiperda/3/5/ct_d5_117.jpg,frugiperda,3,5
frugiperda/3/5/ct_d5_118.jpg,frugiperda,3,5
frugiperda/3/5/ct_d5_119.jpg,frugiperda,3,5
frugiperda/3/5/ct_d5_120.jpg,frugiperda,3,5
frugiperda/3/5/ct_d5_121.jpg,frugiperda,3,5
frugiperda/3/5/ct_d5_122.jpg,frugiperda,3,5
frugiperda/3/5/ct_d5_123.jpg,frugiperda,3,5
frugiperda/3/5/ct_d5_124.jpg,frugiperda,3,5
frugiperda/3/5/ct_d5_125.jpg,frugiperda,3,5
frugiperda/3/5/ct_d5_126.jpg,frugiperda,3,5
frugiperda/3/5/ct_d5_127.jpg,frugiperda,3,5
frugiperda/3/5/ct_d5_128.jpg,frugiperda,3,5
frugiperda/3/5/ct_d5_129.jpg,frugiperda,3,5
frugiperda/3/5/ct_d5_130.jpg,frugiperda,3,5
frugiperda/3/5/ct_d5_131.jpg,frugiperda,3,5
frugiperda/3/5/ct_d5_132.jpg,frugiperda,3,5
frugiperda/3/5/ct_d5_133.jpg,frugiperda,3,5
frugiperda/3/5/ct_d5_134.jpg,frugiperda,3,5
frugiperda/3/5/ct_d5_135.jpg,frugiperda,3,5
frugiperda/3/5/ct_d5_136.jpg,frugiperda,3,5
frugiperda/3/5/ct_d5_137.jpg,frugiperda,3,5
frugiperda/3/5/ct_d5_138.jpg,frugiperda,3,5
frugiperda/3/5/ct_d5_139.jpg,frugiperda,3,5
frugiperda/3/5/ct_d5_140.jpg,frugiperda,3,5
frugiperda/3/5/ct_d5_141.jpg,frugiperda,3,5
frugiperda/3/5/ct_d5_142.jpg,frugiperda,3,5
frugiperda/3/5/ct_d5_143.jpg,frugiperda,3,5
frugiperda/3/5/ct_d5_144.jpg,frugiperda,3,5
frugiperda/3/5/ct_d5_145.jpg,frugiperda,3,5
frugiperda/3/5/ct_d5_146.jpg,frugiperda,3,5
frugiperda/3/5/ct_d5_147.jpg,frugiperda,3,5
frugiperda/3/5/ct_d5_148.jpg,frugiperda,3,5
frugiperda/3/5/ct_d5_149.jpg,frugiperda,3,5
frugiperda/3/5/ct_d5_150.jpg,frugiperda,3,5
frugiperda/3/5/ct_d5_151.jpg,frugiperda,3,5
frugiperda/3/5/ct_d5_152.jpg,frugiperda,3,5
frugiperda/3/5/ct_d5_153.jpg,frugiperda,3,5
frugiperda/3/5/ct_d5_154.jpg,frugiperda,3,5
frugiperda/3/5/ct_d5_155.jpg,frugiperda,3,5
frugiperda/3/5/ct_d5_156.jpg,frugiperda,3,5
frugiperda/3/5/ct_d5_157.jpg,frugiperda,3,5
frugiperda/3/5/ct_d5_158.jpg,frugiperda,3,5
frugiperda/3/5/ct_d5_159.jpg,frugiperda,3,5
frugiperda/3/5/ct_d5_160.jpg,frugiperda,3,5
frugiperda/3/5/ct_d5_161.jpg,frugiperda,3,5
frugiperda/3/5/ct_d5_162.jpg,frugiperda,3,5
frugiperda/3/5/ct_d5_163.jpg,frugiperda,3,5
frugiperda/3/5/ct_d5_164.jpg,frugiperda,3,5
frugiperda/3/5/ct_d5_165.jpg,frugiperda,3,5
frugiperda/3/5/ct_d5_166.jpg,frugiperda,3,5
frugiperda/3/5/ct_d5_167.jpg,frugiperda,3,5
frugiperda/3/5/ct_d5_168.jpg,frugiperda,3,5
frugiperda/3/5/ct_d5_169.jpg,frugiperda,3,5
frugiperda/3/5/ct_d5_170.jpg,frugiperda,3,5
frugiperda/3/5/ct_d5_171.jpg,frugiperda,3,5
frugiperda/3/5/ct_d5_172.jpg,frugiperda,3,5
frugiperda/3/5/ct_d5_173.jpg,frugiperda,3,5
frugiperda/3/5/ct_d5_174.jpg,frugiperda,3,5
frugiperda/3/5/ct_d5_175.jpg,frugiperda,3,5
frugiperda/3/5/ct_d5_176.jpg,frugiperda,3,5
frugiperda/3/5/ct_d5_177.jpg,frugiperda,3,5
frugiperda/3/5/ct_d5_178.jpg,frugiperda,3,5
frugiperda/3/5/ct_d5_179.jpg,frugiperda,3,5
frugiperda/3/5/ct_d5_180.jpg,frugiperda,3,5
frugiperda/3/5/ct_d5_181.jpg,frugiperda,3,5
frugiperda/3/5/ct_d5_182.jpg,frugiperda,3,5
frugiperda/3/5/ct_d5_183.jpg,frugiperda,3,5
frugiperda/3/5/ct_d5_184.jpg,frugiperda,3,5
frugiperda/3/5/ct_d5_185.jpg,frugiperda,3,5
frugiperda/3/5/ct_d5_186.jpg,frugiperda,3,5
frugiperda/3/5/ct_d5_187.jpg,frugiperda,3,5
frugiperda/3/5/ct_d5_188.jpg,frugiperda,3,5
frugiperda/3/5/ct_d5_189.jpg,frugiperda,3,5
frugiperda/3/5/ct_d5_190.jpg,frugiperda,3,5
frugiperda/3/5/ct_d5_191.jpg,frugiperda,3,5
frugiperda/3/5/ct_d5_192.jpg,frugiperda,3,5
frugiperda/3/5/ct_d5_193.jpg,frugiperda,3,5
frugiperda/3/5/ct_d5_194.jpg,frugiperda,3,5
frugiperda/3/5/ct_d5_195.jpg,frugiperda,3,5
frugiperda/3/5/ct_d5_196.jpg,frugiperda,3,5
frugiperda/3/5/ct_d5_197.jpg,frugiperda,3,5
frugiperda/3/5/ct_d5_198.jpg,frugiperda,3,5
frugiperda/3/5/ct_d5_199.jpg,frugiperda,3,5
frugiperda/3/5/ct_d5_200.jpg,frugiperda,3,5
frugiperda/3/5/ct_d5_201.jpg,frugiperda,3,5
frugiperda/3/5/ct_d5_202.jpg,frugiperda,3,5
frugiperda/3/5/ct_d5_203.jpg,frugiperda,3,5
frugiperda/3/5/ct_d5_204.jpg,frugiperda,3,5
frugiperda/3/5/ct_d5_205.jpg,frugiperda,3,5
frugiperda/3/5/ct_d5_206.jpg,frugiperda,3,5
frugiperda/3/5/ct_d5_207.jpg,frugiperda,3,5
frugiperda/3/5/ct_d5_208.jpg,frugiperda,3,5
frugiperda/3/5/ct_d5_209.jpg,frugiperda,3,5
frugiperda/3/5/ct_d5_210.jpg,frugiperda,3,5
frugiperda/3/5/ct_d5_211.jpg,frugiperda,3,5
frugiperda/3/5/ct_d5_212.jpg,frugiperda,3,5
frugiperda/3/5/ct_d5_213.jpg,frugiperda,3,5
frugiperda/3/5/ct_d5_214.jpg,frugiperda,3,5
frugiperda/3/5/ct_d5_215.jpg,frugiperda,3,5
frugiperda/3/5/ct_d5_216.jpg,frugiperda,3,5
frugiperda/3/5/ct_d5_217.jpg,frugiperda,3,5
frugiperda/3/5/ct_d5_218.jpg,frugiperda,3,5
frugiperda/3/5/ct_d5_219.jpg,frugiperda,3,5
frugiperda/3/5/ct_d5_220.jpg,frugiperda,3,5
frugiperda/3/5/ct_d5_221.jpg,frugiperda,3,5
frugiperda/3/6/ct_d6_001.jpg,frugiperda,3,6
frugiperda/3/6/ct_d6_002.jpg,frugiperda,3,6
frugiperda/3/6/ct_d6_003.jpg,frugiperda,3,6
frugiperda/3/6/ct_d6_004.jpg,frugiperda,3,6
frugiperda/3/6/ct_d6_005.jpg,frugiperda,3,6
frugiperda/3/6/ct_d6_006.jpg,frugiperda,3,6
frugiperda/3/6/ct_d6_007.jpg,frugiperda,3,6
frugiperda/3/6/ct_d6_008.jpg,frugiperda,3,6
frugiperda/3/6/ct_d6_009.jpg,frugiperda,3,6
frugiperda/3/6/ct_d6_010.jpg,frugiperda,3,6
frugiperda/3/6/ct_d6_011.jpg,frugiperda,3,6
frugiperda/3/6/ct_d6_012.jpg,frugiperda,3,6
frugiperda/3/6/ct_d6_013.jpg,frugiperda,3,6
frugiperda/3/6/ct_d6_014.jpg,frugiperda,3,6
frugiperda/3/6/ct_d6_015.jpg,frugiperda,3,6
frugiperda/3/6/ct_d6_016.jpg,frugiperda,3,6
frugiperda/3/6/ct_d6_017.jpg,frugiperda,3,6
frugiperda/3/6/ct_d6_018.jpg,frugiperda,3,6
frugiperda/3/6/ct_d6_019.jpg,frugiperda,3,6
frugiperda/3/6/ct_d6_020.jpg,frugiperda,3,6
frugiperda/3/6/ct_d6_021.jpg,frugiperda,3,6
frugiperda/3/6/ct_d6_022.jpg,frugiperda,3,6
frugiperda/3/6/ct_d6_023.jpg,frugiperda,3,6
frugiperda/3/6/ct_d6_024.jpg,frugiperda,3,6
frugiperda/3/6/ct_d6_025.jpg,frugiperda,3,6
frugiperda/3/6/ct_d6_026.jpg,frugiperda,3,6
frugiperda/3/6/ct_d6_027.jpg,frugiperda,3,6
frugiperda/3/6/ct_d6_028.jpg,frugiperda,3,6
frugiperda/3/6/ct_d6_029.jpg,frugiperda,3,6
frugiperda/3/6/ct_d6_030.jpg,frugiperda,3,6
frugiperda/3/6/ct_d6_031.jpg,frugiperda,3,6
frugiperda/3/6/ct_d6_032.jpg,frugiperda,3,6
frugiperda/3/6/ct_d6_033.jpg,frugiperda,3,6
frugiperda/3/6/ct_d6_034.jpg,frugiperda,3,6
frugiperda/3/6/ct_d6_035.jpg,frugiperda,3,6
frugiperda/3/6/ct_d6_036.jpg,frugiperda,3,6
frugiperda/3/6/ct_d6_037.jpg,frugiperda,3,6
frugiperda/3/6/ct_d6_038.jpg,frugiperda,3,6
frugiperda/3/6/ct_d6_039.jpg,frugiperda,3,6
frugiperda/3/6/ct_d6_040.jpg,frugiperda,3,6
frugiperda/3/6/ct_d6_041.jpg,frugiperda,3,6
frugiperda/3/6/ct_d6_042.jpg,frugiperda,3,6
frugiperda/3/6/ct_d6_043.jpg,frugiperda,3,6
frugiperda/3/6/ct_d6_044.jpg,frugiperda,3,6
frugiperda/3/6/ct_d6_045.jpg,frugiperda,3,6
frugiperda/3/6/ct_d6_046.jpg,frugiperda,3,6
frugiperda/3/6/ct_d6_047.jpg,frugiperda,3,6
frugiperda/3/6/ct_d6_048.jpg,frugiperda,3,6
frugiperda/3/6/ct_d6_049.jpg,frugiperda,3,6
frugiperda/3/6/ct_d6_050.jpg,frugiperda,3,6
frugiperda/3/6/ct_d6_051.jpg,frugiperda,3,6
frugiperda/3/6/ct_d6_052.jpg,frugiperda,3,6
frugiperda/3/6/ct_d6_053.jpg,frugiperda,3,6
frugiperda/3/6/ct_d6_054.jpg,frugiperda,3,6
frugiperda/3/6/ct_d6_055.jpg,frugiperda,3,6
frugiperda/3/6/ct_d6_056.jpg,frugiperda,3,6
frugiperda/3/6/ct_d6_057.jpg,frugiperda,3,6
frugiperda/3/6/ct_d6_058.jpg,frugiperda,3,6
frugiperda/3/6/ct_d6_059.jpg,frugiperda,3,6
frugiperda/3/6/ct_d6_060.jpg,frugiperda,3,6
frugiperda/3/6/ct_d6_061.jpg,frugiperda,3,6
frugiperda/3/6/ct_d6_062.jpg,frugiperda,3,6
frugiperda/3/6/ct_d6_063.jpg,frugiperda,3,6
frugiperda/3/6/ct_d6_064.jpg,frugiperda,3,6
frugiperda/3/6/ct_d6_065.jpg,frugiperda,3,6
frugiperda/3/6/ct_d6_066.jpg,frugiperda,3,6
frugiperda/3/6/ct_d6_067.jpg,frugiperda,3,6
frugiperda/3/6/ct_d6_068.jpg,frugiperda,3,6
frugiperda/3/6/ct_d6_069.jpg,frugiperda,3,6
frugiperda/3/6/ct_d6_070.jpg,frugiperda,3,6
frugiperda/3/6/ct_d6_071.jpg,frugiperda,3,6
frugiperda/3/6/ct_d6_072.jpg,frugiperda,3,6
frugiperda/3/6/ct_d6_073.jpg,frugiperda,3,6
frugiperda/3/6/ct_d6_074.jpg,frugiperda,3,6
frugiperda/3/6/ct_d6_075.jpg,frugiperda,3,6
frugiperda/3/6/ct_d6_076.jpg,frugiperda,3,6
frugiperda/3/6/ct_d6_077.jpg,frugiperda,3,6
frugiperda/3/6/ct_d6_078.jpg,frugiperda,3,6
frugiperda/3/6/ct_d6_079.jpg,frugiperda,3,6
frugiperda/3/6/ct_d6_080.jpg,frugiperda,3,6
frugiperda/3/6/ct_d6_081.jpg,frugiperda,3,6
frugiperda/3/6/ct_d6_082.jpg,frugiperda,3,6
frugiperda/3/6/ct_d6_083.jpg,frugiperda,3,6
frugiperda/3/6/ct_d6_084.jpg,frugiperda,3,6
frugiperda/3/6/ct_d6_085.jpg,frugiperda,3,6
frugiperda/3/6/ct_d6_086.jpg,frugiperda,3,6
frugiperda/3/6/ct_d6_087.jpg,frugiperda,3,6
frugiperda/3/6/ct_d6_088.jpg,frugiperda,3,6
frugiperda/3/6/ct_d6_089.jpg,frugiperda,3,6
frugiperda/3/6/ct_d6_090.jpg,frugiperda,3,6
frugiperda/3/6/ct_d6_091.jpg,frugiperda,3,6
frugiperda/3/6/ct_d6_092.jpg,frugiperda,3,6
frugiperda/3/6/ct_d6_093.jpg,frugiperda,3,6
frugiperda/3/6/ct_d6_094.jpg,frugiperda,3,6
frugiperda/3/6/ct_d6_095.jpg,frugiperda,3,6
frugiperda/3/6/ct_d6_096.jpg,frugiperda,3,6
frugiperda/3/6/ct_d6_097.jpg,frugiperda,3,6
frugiperda/3/6/ct_d6_098.jpg,frugiperda,3,6
frugiperda/3/6/ct_d6_099.jpg,frugiperda,3,6
frugiperda/3/6/ct_d6_100.jpg,frugiperda,3,6
frugiperda/3/6/ct_d6_101.jpg,frugiperda,3,6
frugiperda/3/6/ct_d6_102.jpg,frugiperda,3,6
frugiperda/3/6/ct_d6_103.jpg,frugiperda,3,6
frugiperda/3/6/ct_d6_104.jpg,frugiperda,3,6
frugiperda/3/6/ct_d6_105.jpg,frugiperda,3,6
frugiperda/3/6/ct_d6_106.jpg,frugiperda,3,6
frugiperda/3/6/ct_d6_107.jpg,frugiperda,3,6
frugiperda/3/6/ct_d6_108.jpg,frugiperda,3,6
frugiperda/3/6/ct_d6_109.jpg,frugiperda,3,6
frugiperda/3/6/ct_d6_110.jpg,frugiperda,3,6
frugiperda/3/6/ct_d6_111.jpg,frugiperda,3,6
frugiperda/3/6/ct_d6_112.jpg,frugiperda,3,6
frugiperda/3/6/ct_d6_113.jpg,frugiperda,3,6
frugiperda/3/6/ct_d6_114.jpg,frugiperda,3,6
frugiperda/3/6/ct_d6_115.jpg,frugiperda,3,6
frugiperda/3/6/ct_d6_116.jpg,frugiperda,3,6
frugiperda/3/6/ct_d6_117.jpg,frugiperda,3,6
frugiperda/3/6/ct_d6_118.jpg,frugiperda,3,6
frugiperda/3/6/ct_d6_119.jpg,frugiperda,3,6
frugiperda/3/6/ct_d6_120.jpg,frugiperda,3,6
frugiperda/3/6/ct_d6_121.jpg,frugiperda,3,6
frugiperda/3/6/ct_d6_122.jpg,frugiperda,3,6
frugiperda/3/6/ct_d6_123.jpg,frugiperda,3,6
frugiperda/3/6/ct_d6_124.jpg,frugiperda,3,6
frugiperda/3/6/ct_d6_125.jpg,frugiperda,3,6
frugiperda/3/6/ct_d6_126.jpg,frugiperda,3,6
frugiperda/3/6/ct_d6_127.jpg,frugiperda,3,6
frugiperda/3/6/ct_d6_128.jpg,frugiperda,3,6
frugiperda/3/6/ct_d6_129.jpg,frugiperda,3,6
frugiperda/3/6/ct_d6_130.jpg,frugiperda,3,6
frugiperda/3/6/ct_d6_131.jpg,frugiperda,3,6
frugiperda/3/6/ct_d6_132.jpg,frugiperda,3,6
frugiperda/3/6/ct_d6_133.jpg,frugiperda,3,6
frugiperda/3/6/ct_d6_134.jpg,frugiperda,3,6
frugiperda/3/6/ct_d6_135.jpg,frugiperda,3,6
frugiperda/3/6/ct_d6_136.jpg,frugiperda,3,6
frugiperda/3/6/ct_d6_137.jpg,frugiperda,3,6
frugiperda/3/6/ct_d6_138.jpg,frugiperda,3,6
frugiperda/3/6/ct_d6_139.jpg,frugiperda,3,6
frugiperda/3/6/ct_d6_140.jpg,frugiperda,3,6
frugiperda/3/6/ct_d6_141.jpg,frugiperda,3,6
frugiperda/3/6/ct_d6_142.jpg,frugiperda,3,6
frugiperda/3/6/ct_d6_143.jpg,frugiperda,3,6
frugiperda/3/6/ct_d6_144.jpg,frugiperda,3,6
frugiperda/3/6/ct_d6_145.jpg,frugiperda,3,6
frugiperda/3/6/ct_d6_146.jpg,frugiperda,3,6
frugiperda/3/6/ct_d6_147.jpg,frugiperda,3,6
frugiperda/3/6/ct_d6_148.jpg,frugiperda,3,6
frugiperda/3/6/ct_d6_149.jpg,frugiperda,3,6
frugiperda/3/6/ct_d6_150.jpg,frugiperda,3,6
frugiperda/3/6/ct_d6_151.jpg,frugiperda,3,6
frugiperda/3/6/ct_d6_152.jpg,frugiperda,3,6
frugiperda/3/6/ct_d6_153.jpg,frugiperda,3,6
frugiperda/3/6/ct_d6_154.jpg,frugiperda,3,6
frugiperda/3/6/ct_d6_155.jpg,frugiperda,3,6
frugiperda/3/6/ct_d6_156.jpg,frugiperda,3,6
frugiperda/3/6/ct_d6_157.jpg,frugiperda,3,6
frugiperda/3/6/ct_d6_158.jpg,frugiperda,3,6
frugiperda/3/6/ct_d6_159.jpg,frugiperda,3,6
frugiperda/3/6/ct_d6_160.jpg,frugiperda,3,6
frugiperda/3/6/ct_d6_161.jpg,frugiperda,3,6
frugiperda/3/6/ct_d6_162.jpg,frugiperda,3,6
frugiperda/3/6/ct_d6_163.jpg,frugiperda,3,6
frugiperda/3/6/ct_d6_164.jpg,frugiperda,3,6
frugiperda/3/6/ct_d6_165.jpg,frugiperda,3,6
frugiperda/3/6/ct_d6_166.jpg,frugiperda,3,6
frugiperda/3/6/ct_d6_167.jpg,frugiperda,3,6
frugiperda/3/6/ct_d6_168.jpg,frugiperda,3,6
frugiperda/3/6/ct_d6_169.jpg,frugiperda,3,6
frugiperda/3/6/ct_d6_170.jpg,frugiperda,3,6
frugiperda/3/6/ct_d6_171.jpg,frugiperda,3,6
frugiperda/3/6/ct_d6_172.jpg,frugiperda,3,6
frugiperda/3/6/ct_d6_173.jpg,frugiperda,3,6
frugiperda/3/6/ct_d6_174.jpg,frugiperda,3,6
frugiperda/3/6/ct_d6_175.jpg,frugiperda,3,6
frugiperda/3/6/ct_d6_176.jpg,frugiperda,3,6
frugiperda/3/6/ct_d6_177.jpg,frugiperda,3,6
frugiperda/3/6/ct_d6_178.jpg,frugiperda,3,6
frugiperda/3/6/ct_d6_179.jpg,frugiperda,3,6
frugiperda/3/6/ct_d6_180.jpg,frugiperda,3,6
frugiperda/3/6/ct_d6_181.jpg,frugiperda,3,6
frugiperda/3/6/ct_d6_182.jpg,frugiperda,3,6
frugiperda/3/6/ct_d6_183.jpg,frugiperda,3,6
frugiperda/3/6/ct_d6_184.jpg,frugiperda,3,6
frugiperda/3/6/ct_d6_185.jpg,frugiperda,3,6
frugiperda/3/6/ct_d6_186.jpg,frugiperda,3,6
frugiperda/3/6/ct_d6_187.jpg,frugiperda,3,6
frugiperda/3/6/ct_d6_188.jpg,frugiperda,3,6
frugiperda/3/6/ct_d6_189.jpg,frugiperda,3,6
frugiperda/3/6/ct_d6_190.jpg,frugiperda,3,6
frugiperda/3/6/ct_d6_191.jpg,frugiperda,3,6
frugiperda/3/6/ct_d6_192.jpg,frugiperda,3,6
frugiperda/3/6/ct_d6_193.jpg,frugiperda,3,6
frugiperda/3/6/ct_d6_194.jpg,frugiperda,3,6
frugiperda/3/6/ct_d6_195.jpg,frugiperda,3,6
frugiperda/3/6/ct_d6_196.jpg,frugiperda,3,6
frugiperda/3/6/ct_d6_197.jpg,frugiperda,3,6
frugiperda/3/6/ct_d6_198.jpg,frugiperda,3,6
frugiperda/3/6/ct_d6_199.jpg,frugiperda,3,6
frugiperda/3/6/ct_d6_200.jpg,frugiperda,3,6
frugiperda/3/6/ct_d6_201.jpg,frugiperda,3,6
frugiperda/3/6/ct_d6_202.jpg,frugiperda,3,6
frugiperda/3/6/ct_d6_203.jpg,frugiperda,3,6
frugiperda/3/6/ct_d6_204.jpg,frugiperda,3,6
frugiperda/3/6/ct_d6_205.jpg,frugiperda,3,6
frugiperda/3/6/ct_d6_206.jpg,frugiperda,3,6
frugiperda/3/6/ct_d6_207.jpg,frugiperda,3,6
frugiperda/3/6/ct_d6_208.jpg,frugiperda,3,6
frugiperda/3/6/ct_d6_209.jpg,frugiperda,3,6
frugiperda/3/6/ct_d6_210.jpg,frugiperda,3,6
frugiperda/3/6/ct_d6_211.jpg,frugiperda,3,6
frugiperda/3/6/ct_d6_212.jpg,frugiperda,3,6
frugiperda/3/6/ct_d6_213.jpg,frugiperda,3,6
frugiperda/3/6/ct_d6_214.jpg,frugiperda,3,6
frugiperda/3/6/ct_d6_215.jpg,frugiperda,3,6
frugiperda/3/6/ct_d6_216.jpg,frugiperda,3,6
frugiperda/3/6/ct_d6_217.jpg,frugiperda,3,6
frugiperda/3/6/ct_d6_218.jpg,frugiperda,3,6
frugiperda/3/6/ct_d6_219.jpg,frugiperda,3,6
frugiperda/3/6/ct_d6_220.jpg,frugiperda,3,6
frugiperda/3/6/ct_d6_221.jpg,frugiperda,3,6
frugiperda/3/6/ct_d6_222.jpg,frugiperda,3,6
frugiperda/3/6/ct_d6_223.jpg,frugiperda,3,6
frugiperda/3/6/ct_d6_224.jpg,frugiperda,3,6
frugiperda/3/6/ct_d6_225.jpg,frugiperda,3,6
frugiperda/3/6/ct_d6_226.jpg,frugiperda,3,6
frugiperda/4/7/ct_d7_001.jpg,frugiperda,4,7
frugiperda/4/7/ct_d7_002.jpg,frugiperda,4,7
frugiperda/4/7/ct_d7_003.jpg,frugiperda,4,7
frugiperda/4/7/ct_d7_004.jpg,frugiperda,4,7
frugiperda/4/7/ct_d7_005.jpg,frugiperda,4,7
frugiperda/4/7/ct_d7_006.jpg,frugiperda,4,7
frugiperda/4/7/ct_d7_007.jpg,frugiperda,4,7
frugiperda/4/7/ct_d7_008.jpg,frugiperda,4,7
frugiperda/4/7/ct_d7_009.jpg,frugiperda,4,7
frugiperda/4/7/ct_d7_010.jpg,frugiperda,4,7
frugiperda/4/7/ct_d7_011.jpg,frugiperda,4,7
frugiperda/4/7/ct_d7_012.jpg,frugiperda,4,7
frugiperda/4/7/ct_d7_013.jpg,frugiperda,4,7
frugiperda/4/7/ct_d7_014.jpg,frugiperda,4,7
frugiperda/4/7/ct_d7_015.jpg,frugiperda,4,7
frugiperda/4/7/ct_d7_016.jpg,frugiperda,4,7
frugiperda/4/7/ct_d7_017.jpg,frugiperda,4,7
frugiperda/4/7/ct_d7_018.jpg,frugiperda,4,7
frugiperda/4/7/ct_d7_019.jpg,frugiperda,4,7
frugiperda/4/7/ct_d7_020.jpg,frugiperda,4,7
frugiperda/4/7/ct_d7_021.jpg,frugiperda,4,7
frugiperda/4/7/ct_d7_022.jpg,frugiperda,4,7
frugiperda/4/7/ct_d7_023.jpg,frugiperda,4,7
frugiperda/4/7/ct_d7_024.jpg,frugiperda,4,7
frugiperda/4/7/ct_d7_025.jpg,frugiperda,4,7
frugiperda/4/7/ct_d7_026.jpg,frugiperda,4,7
frugiperda/4/7/ct_d7_027.jpg,frugiperda,4,7
frugiperda/4/7/ct_d7_028.jpg,frugiperda,4,7
frugiperda/4/7/ct_d7_029.jpg,frugiperda,4,7
frugiperda/4/7/ct_d7_030.jpg,frugiperda,4,7
frugiperda/4/7/ct_d7_031.jpg,frugiperda,4,7
frugiperda/4/7/ct_d7_032.jpg,frugiperda,4,7
frugiperda/4/7/ct_d7_033.jpg,frugiperda,4,7
frugiperda/4/7/ct_d7_034.jpg,frugiperda,4,7
frugiperda/4/7/ct_d7_035.jpg,frugiperda,4,7
frugiperda/4/7/ct_d7_036.jpg,frugiperda,4,7
frugiperda/4/7/ct_d7_037.jpg,frugiperda,4,7
frugiperda/4/7/ct_d7_038.jpg,frugiperda,4,7
frugiperda/4/7/ct_d7_039.jpg,frugiperda,4,7
frugiperda/4/7/ct_d7_040.jpg,frugiperda,4,7
frugiperda/4/7/ct_d7_041.jpg,frugiperda,4,7
frugiperda/4/7/ct_d7_042.jpg,frugiperda,4,7
frugiperda/4/7/ct_d7_043.jpg,frugiperda,4,7
frugiperda/4/7/ct_d7_044.jpg,frugiperda,4,7
frugiperda/4/7/ct_d7_045.jpg,frugiperda,4,7
frugiperda/4/7/ct_d7_046.jpg,frugiperda,4,7
frugiperda/4/7/ct_d7_047.jpg,frugiperda,4,7
frugiperda/4/7/ct_d7_048.jpg,frugiperda,4,7
frugiperda/4/7/ct_d7_049.jpg,frugiperda,4,7
frugiperda/4/7/ct_d7_050.jpg,frugiperda,4,7
frugiperda/4/7/ct_d7_051.jpg,frugiperda,4,7
frugiperda/4/7/ct_d7_052.jpg,frugiperda,4,7
frugiperda/4/7/ct_d7_053.jpg,frugiperda,4,7
frugiperda/4/7/ct_d7_054.jpg,frugiperda,4,7
frugiperda/4/7/ct_d7_055.jpg,frugiperda,4,7
frugiperda/4/7/ct_d7_056.jpg,frugiperda,4,7
frugiperda/4/7/ct_d7_057.jpg,frugiperda,4,7
frugiperda/4/7/ct_d7_058.jpg,frugiperda,4,7
frugiperda/4/7/ct_d7_059.jpg,frugiperda,4,7
frugiperda/4/7/ct_d7_060.jpg,frugiperda,4,7
frugiperda/4/7/ct_d7_061.jpg,frugiperda,4,7
frugiperda/4/7/ct_d7_062.jpg,frugiperda,4,7
frugiperda/4/7/ct_d7_063.jpg,frugiperda,4,7
frugiperda/4/7/ct_d7_064.jpg,frugiperda,4,7
frugiperda/4/7/ct_d7_065.jpg,frugiperda,4,7
frugiperda/4/7/ct_d7_066.jpg,frugiperda,4,7
frugiperda/4/7/ct_d7_067.jpg,frugiperda,4,7
frugiperda/4/7/ct_d7_068.jpg,frugiperda,4,7
frugiperda/4/7/ct_d7_069.jpg,frugiperda,4,7
frugiperda/4/7/ct_d7_070.jpg,frugiperda,4,7
frugiperda/4/7/ct_d7_071.jpg,frugiperda,4,7
frugiperda/4/7/ct_d7_072.jpg,frugiperda,4,7
frugiperda/4/7/ct_d7_073.jpg,frugiperda,4,7
frugiperda/4/7/ct_d7_074.jpg,frugiperda,4,7
frugiperda/4/7/ct_d7_075.jpg,frugiperda,4,7
frugiperda/4/7/ct_d7_076.jpg,frugiperda,4,7
frugiperda/4/7/ct_d7_077.jpg,frugiperda,4,7
frugiperda/4/7/ct_d7_078.jpg,frugiperda,4,7
frugiperda/4/7/ct_d7_079.jpg,frugiperda,4,7
frugiperda/4/7/ct_d7_080.jpg,frugiperda,4,7
frugiperda/4/7/ct_d7_081.jpg,frugiperda,4,7
frugiperda/4/7/ct_d7_082.jpg,frugiperda,4,7
frugiperda/4/7/ct_d7_083.jpg,frugiperda,4,7
frugiperda/4/7/ct_d7_084.jpg,frugiperda,4,7
frugiperda/4/7/ct_d7_085.jpg,frugiperda,4,7
frugiperda/4/7/ct_d7_086.jpg,frugiperda,4,7
frugiperda/4/7/ct_d7_087.jpg,frugiperda,4,7
frugiperda/4/7/ct_d7_088.jpg,frugiperda,4,7
frugiperda/4/7/ct_d7_089.jpg,frugiperda,4,7
frugiperda/4/7/ct_d7_090.jpg,frugiperda,4,7
frugiperda/4/7/ct_d7_091.jpg,frugiperda,4,7
frugiperda/4/7/ct_d7_092.jpg,frugiperda,4,7
frugiperda/4/7/ct_d7_093.jpg,frugiperda,4,7
frugiperda/4/7/ct_d7_094.jpg,frugiperda,4,7
frugiperda/4/7/ct_d7_095.jpg,frugiperda,4,7
frugiperda/4/7/ct_d7_096.jpg,frugiperda,4,7
frugiperda/4/7/ct_d7_097.jpg,frugiperda,4,7
frugiperda/4/7/ct_d7_098.jpg,frugiperda,4,7
frugiperda/4/7/ct_d7_099.jpg,frugiperda,4,7
frugiperda/4/7/ct_d7_100.jpg,frugiperda,4,7
frugiperda/4/7/ct_d7_101.jpg,frugiperda,4,7
frugiperda/4/7/ct_d7_102.jpg,frugiperda,4,7
frugiperda/4/7/ct_d7_103.jpg,frugiperda,4,7
frugiperda/4/7/ct_d7_104.jpg,frugiperda,4,7
frugiperda/4/7/ct_d7_105.jpg,frugiperda,4,7
frugiperda/4/7/ct_d7_106.jpg,frugiperda,4,7
frugiperda/4/7/ct_d7_107.jpg,frugiperda,4,7
frugiperda/4/7/ct_d7_108.jpg,frugiperda,4,7
frugiperda/4/7/ct_d7_109.jpg,frugiperda,4,7
frugiperda/4/7/ct_d7_110.jpg,frugiperda,4,7
frugiperda/4/7/ct_d7_111.jpg,frugiperda,4,7
frugiperda/4/7/ct_d7_112.jpg,frugiperda,4,7
frugiperda/4/7/ct_d7_113.jpg,frugiperda,4,7
frugiperda/4/7/ct_d7_114.jpg,frugiperda,4,7
frugiperda/4/7/ct_d7_115.jpg,frugiperda,4,7
frugiperda/4/7/ct_d7_116.jpg,frugiperda,4,7
frugiperda/4/7/ct_d7_117.jpg,frugiperda,4,7
frugiperda/4/7/ct_d7_118.jpg,frugiperda,4,7
frugiperda/4/7/ct_d7_119.jpg,frugiperda,4,7
frugiperda/4/7/ct_d7_120.jpg,frugiperda,4,7
frugiperda/4/7/ct_d7_121.jpg,frugiperda,4,7
frugiperda/4/7/ct_d7_122.jpg,frugiperda,4,7
frugiperda/4/7/ct_d7_123.jpg,frugiperda,4,7
frugiperda/4/7/ct_d7_124.jpg,frugiperda,4,7
frugiperda/4/7/ct_d7_125.jpg,frugiperda,4,7
frugiperda/4/7/ct_d7_126.jpg,frugiperda,4,7
frugiperda/4/7/ct_d7_127.jpg,frugiperda,4,7
frugiperda/4/7/ct_d7_128.jpg,frugiperda,4,7
frugiperda/4/7/ct_d7_129.jpg,frugiperda,4,7
frugiperda/4/7/ct_d7_130.jpg,frugiperda,4,7
frugiperda/4/7/ct_d7_131.jpg,frugiperda,4,7
frugiperda/4/7/ct_d7_132.jpg,frugiperda,4,7
frugiperda/4/7/ct_d7_133.jpg,frugiperda,4,7
frugiperda/4/7/ct_d7_134.jpg,frugiperda,4,7
frugiperda/4/7/ct_d7_135.jpg,frugiperda,4,7
frugiperda/4/7/ct_d7_136.jpg,frugiperda,4,7
frugiperda/4/7/ct_d7_137.jpg,frugiperda,4,7
frugiperda/4/7/ct_d7_138.jpg,frugiperda,4,7
frugiperda/4/7/ct_d7_139.jpg,frugiperda,4,7
frugiperda/4/7/ct_d7_140.jpg,frugiperda,4,7
frugiperda/4/7/ct_d7_141.jpg,frugiperda,4,7
frugiperda/4/7/ct_d7_142.jpg,frugiperda,4,7
frugiperda/4/7/ct_d7_143.jpg,frugiperda,4,7
frugiperda/4/7/ct_d7_144.jpg,frugiperda,4,7
frugiperda/4/7/ct_d7_145.jpg,frugiperda,4,7
frugiperda/4/7/ct_d7_146.jpg,frugiperda,4,7
frugiperda/4/7/ct_d7_147.jpg,frugiperda,4,7
frugiperda/4/7/ct_d7_148.jpg,frugiperda,4,7
frugiperda/4/7/ct_d7_149.jpg,frugiperda,4,7
frugiperda/4/7/ct_d7_150.jpg,frugiperda,4,7
frugiperda/4/7/ct_d7_151.jpg,frugiperda,4,7
frugiperda/4/7/ct_d7_152.jpg,frugiperda,4,7
frugiperda/4/7/ct_d7_153.jpg,frugiperda,4,7
frugiperda/4/7/ct_d7_154.jpg,frugiperda,4,7
frugiperda/4/7/ct_d7_155.jpg,frugiperda,4,7
frugiperda/4/7/ct_d7_156.jpg,frugiperda,4,7
frugiperda/4/7/ct_d7_157.jpg,frugiperda,4,7
frugiperda/4/7/ct_d7_158.jpg,frugiperda,4,7
frugiperda/4/7/ct_d7_159.jpg,frugiperda,4,7
frugiperda/4/7/ct_d7_160.jpg,frugiperda,4,7
frugiperda/4/7/ct_d7_161.jpg,frugiperda,4,7
frugiperda/4/7/ct_d7_162.jpg,frugiperda,4,7
frugiperda/4/7/ct_d7_163.jpg,frugiperda,4,7
frugiperda/4/7/ct_d7_164.jpg,frugiperda,4,7
frugiperda/4/7/ct_d7_165.jpg,frugiperda,4,7
frugiperda/4/7/ct_d7_166.jpg,frugiperda,4,7
frugiperda/4/7/ct_d7_167.jpg,frugiperda,4,7
frugiperda/4/7/ct_d7_168.jpg,frugiperda,4,7
frugiperda/4/7/ct_d7_169.jpg,frugiperda,4,7
frugiperda/4/7/ct_d7_170.jpg,frugiperda,4,7
frugiperda/4/7/ct_d7_171.jpg,frugiperda,4,7
frugiperda/4/7/ct_d7_172.jpg,frugiperda,4,7
frugiperda/4/7/ct_d7_173.jpg,frugiperda,4,7
frugiperda/4/7/ct_d7_174.jpg,frugiperda,4,7
frugiperda/4/7/ct_d7_175.jpg,frugiperda,4,7
frugiperda/4/7/ct_d7_176.jpg,frugiperda,4,7
frugiperda/4/7/ct_d7_177.jpg,frugiperda,4,7
frugiperda/4/7/ct_d7_178.jpg,frugiperda,4,7
frugiperda/4/7/ct_d7_179.jpg,frugiperda,4,7
frugiperda/4/7/ct_d7_180.jpg,frugiperda,4,7
frugiperda/4/7/ct_d7_181.jpg,frugiperda,4,7
frugiperda/4/7/ct_d7_182.jpg,frugiperda,4,7
frugiperda/4/7/ct_d7_183.jpg,frugiperda,4,7
frugiperda/4/7/ct_d7_184.jpg,frugiperda,4,7
frugiperda/4/7/ct_d7_185.jpg,frugiperda,4,7
frugiperda/4/7/ct_d7_186.jpg,frugiperda,4,7
frugiperda/4/7/ct_d7_187.jpg,frugiperda,4,7
frugiperda/4/7/ct_d7_188.jpg,frugiperda,4,7
frugiperda/4/7/ct_d7_189.jpg,frugiperda,4,7
frugiperda/4/7/ct_d7_190.jpg,frugiperda,4,7
frugiperda/4/7/ct_d7_191.jpg,frugiperda,4,7
frugiperda/4/7/ct_d7_192.jpg,frugiperda,4,7
frugiperda/4/7/ct_d7_193.jpg,frugiperda,4,7
frugiperda/4/7/ct_d7_194.jpg,frugiperda,4,7
frugiperda/4/7/ct_d7_195.jpg,frugiperda,4,7
frugiperda/4/7/ct_d7_196.jpg,frugiperda,4,7
frugiperda/4/7/ct_d7_197.jpg,frugiperda,4,7
frugiperda/4/7/ct_d7_198.jpg,frugiperda,4,7
frugiperda/4/7/ct_d7_199.jpg,frugiperda,4,7
frugiperda/4/7/ct_d7_200.jpg,frugiperda,4,7
frugiperda/4/7/ct_d7_201.jpg,frugiperda,4,7
frugiperda/4/8/ct_d8_001.jpg,frugiperda,4,8
frugiperda/4/8/ct_d8_002.jpg,frugiperda,4,8
frugiperda/4/8/ct_d8_003.jpg,frugiperda,4,8
frugiperda/4/8/ct_d8_004.jpg,frugiperda,4,8
frugiperda/4/8/ct_d8_005.jpg,frugiperda,4,8
frugiperda/4/8/ct_d8_006.jpg,frugiperda,4,8
frugiperda/4/8/ct_d8_007.jpg,frugiperda,4,8
frugiperda/4/8/ct_d8_008.jpg,frugiperda,4,8
frugiperda/4/8/ct_d8_009.jpg,frugiperda,4,8
frugiperda/4/8/ct_d8_010.jpg,frugiperda,4,8
frugiperda/4/8/ct_d8_011.jpg,frugiperda,4,8
frugiperda/4/8/ct_d8_012.jpg,frugiperda,4,8
frugiperda/4/8/ct_d8_013.jpg,frugiperda,4,8
frugiperda/4/8/ct_d8_014.jpg,frugiperda,4,8
frugiperda/4/8/ct_d8_015.jpg,frugiperda,4,8
frugiperda/4/8/ct_d8_016.jpg,frugiperda,4,8
frugiperda/4/8/ct_d8_017.jpg,frugiperda,4,8
frugiperda/4/8/ct_d8_018.jpg,frugiperda,4,8
frugiperda/4/8/ct_d8_019.jpg,frugiperda,4,8
frugiperda/4/8/ct_d8_020.jpg,frugiperda,4,8
frugiperda/4/8/ct_d8_021.jpg,frugiperda,4,8
frugiperda/4/8/ct_d8_022.jpg,frugiperda,4,8
frugiperda/4/8/ct_d8_023.jpg,frugiperda,4,8
frugiperda/4/8/ct_d8_024.jpg,frugiperda,4,8
frugiperda/4/8/ct_d8_025.jpg,frugiperda,4,8
frugiperda/4/8/ct_d8_026.jpg,frugiperda,4,8
frugiperda/4/8/ct_d8_027.jpg,frugiperda,4,8
frugiperda/4/8/ct_d8_028.jpg,frugiperda,4,8
frugiperda/4/8/ct_d8_029.jpg,frugiperda,4,8
frugiperda/4/8/ct_d8_030.jpg,frugiperda,4,8
frugiperda/4/8/ct_d8_031.jpg,frugiperda,4,8
frugiperda/4/8/ct_d8_032.jpg,frugiperda,4,8
frugiperda/4/8/ct_d8_033.jpg,frugiperda,4,8
frugiperda/4/8/ct_d8_034.jpg,frugiperda,4,8
frugiperda/4/8/ct_d8_035.jpg,frugiperda,4,8
frugiperda/4/8/ct_d8_036.jpg,frugiperda,4,8
frugiperda/4/8/ct_d8_037.jpg,frugiperda,4,8
frugiperda/4/8/ct_d8_038.jpg,frugiperda,4,8
frugiperda/4/8/ct_d8_039.jpg,frugiperda,4,8
frugiperda/4/8/ct_d8_040.jpg,frugiperda,4,8
frugiperda/4/8/ct_d8_041.jpg,frugiperda,4,8
frugiperda/4/8/ct_d8_042.jpg,frugiperda,4,8
frugiperda/4/8/ct_d8_043.jpg,frugiperda,4,8
frugiperda/4/8/ct_d8_044.jpg,frugiperda,4,8
frugiperda/4/8/ct_d8_045.jpg,frugiperda,4,8
frugiperda/4/8/ct_d8_046.jpg,frugiperda,4,8
frugiperda/4/8/ct_d8_047.jpg,frugiperda,4,8
frugiperda/4/8/ct_d8_048.jpg,frugiperda,4,8
frugiperda/4/8/ct_d8_049.jpg,frugiperda,4,8
frugiperda/4/8/ct_d8_050.jpg,frugiperda,4,8
frugiperda/4/8/ct_d8_051.jpg,frugiperda,4,8
frugiperda/4/8/ct_d8_052.jpg,frugiperda,4,8
frugiperda/4/8/ct_d8_053.jpg,frugiperda,4,8
frugiperda/4/8/ct_d8_054.jpg,frugiperda,4,8
frugiperda/4/8/ct_d8_055.jpg,frugiperda,4,8
frugiperda/4/8/ct_d8_056.jpg,frugiperda,4,8
frugiperda/4/8/ct_d8_057.jpg,frugiperda,4,8
frugiperda/4/8/ct_d8_058.jpg,frugiperda,4,8
frugiperda/4/8/ct_d8_059.jpg,frugiperda,4,8
frugiperda/4/8/ct_d8_060.jpg,frugiperda,4,8
frugiperda/4/8/ct_d8_061.jpg,frugiperda,4,8
frugiperda/4/8/ct_d8_062.jpg,frugiperda,4,8
frugiperda/4/8/ct_d8_063.jpg,frugiperda,4,8
frugiperda/4/8/ct_d8_064.jpg,frugiperda,4,8
frugiperda/4/8/ct_d8_065.jpg,frugiperda,4,8
frugiperda/4/8/ct_d8_066.jpg,frugiperda,4,8
frugiperda/4/8/ct_d8_067.jpg,frugiperda,4,8
frugiperda/4/8/ct_d8_068.jpg,frugiperda,4,8
frugiperda/4/8/ct_d8_069.jpg,frugiperda,4,8
frugiperda/4/8/ct_d8_070.jpg,frugiperda,4,8
frugiperda/4/8/ct_d8_071.jpg,frugiperda,4,8
frugiperda/4/8/ct_d8_072.jpg,frugiperda,4,8
frugiperda/4/8/ct_d8_073.jpg,frugiperda,4,8
frugiperda/4/8/ct_d8_074.jpg,frugiperda,4,8
frugiperda/4/8/ct_d8_075.jpg,frugiperda,4,8
frugiperda/4/8/ct_d8_076.jpg,frugiperda,4,8
frugiperda/4/8/ct_d8_077.jpg,frugiperda,4,8
frugiperda/4/8/ct_d8_078.jpg,frugiperda,4,8
frugiperda/4/8/ct_d8_079.jpg,frugiperda,4,8
frugiperda/4/8/ct_d8_080.jpg,frugiperda,4,8
frugiperda/4/8/ct_d8_081.jpg,frugiperda,4,8
frugiperda/4/8/ct_d8_082.jpg,frugiperda,4,8
frugiperda/4/8/ct_d8_083.jpg,frugiperda,4,8
frugiperda/4/8/ct_d8_084.jpg,frugiperda,4,8
frugiperda/4/8/ct_d8_085.jpg,frugiperda,4,8
frugiperda/4/8/ct_d8_086.jpg,frugiperda,4,8
frugiperda/4/8/ct_d8_087.jpg,frugiperda,4,8
frugiperda/4/8/ct_d8_088.jpg,frugiperda,4,8
frugiperda/4/8/ct_d8_089.jpg,frugiperda,4,8
frugiperda/4/8/ct_d8_090.jpg,frugiperda,4,8
frugiperda/4/8/ct_d8_091.jpg,frugiperda,4,8
frugiperda/4/8/ct_d8_092.jpg,frugiperda,4,8
frugiperda/4/8/ct_d8_093.jpg,frugiperda,4,8
frugiperda/4/8/ct_d8_094.jpg,frugiperda,4,8
frugiperda/4/8/ct_d8_095.jpg,frugiperda,4,8
frugiperda/4/8/ct_d8_096.jpg,frugiperda,4,8
frugiperda/4/8/ct_d8_097.jpg,frugiperda,4,8
frugiperda/4/8/ct_d8_098.jpg,frugiperda,4,8
frugiperda/4/8/ct_d8_099.jpg,frugiperda,4,8
frugiperda/4/8/ct_d8_100.jpg,frugiperda,4,8
frugiperda/4/8/ct_d8_101.jpg,frugiperda,4,8
frugiperda/4/8/ct_d8_102.jpg,frugiperda,4,8
frugiperda/4/8/ct_d8_103.jpg,frugiperda,4,8
frugiperda/4/8/ct_d8_104.jpg,frugiperda,4,8
frugiperda/4/8/ct_d8_105.jpg,frugiperda,4,8
frugiperda/4/8/ct_d8_106.jpg,frugiperda,4,8
frugiperda/4/8/ct_d8_107.jpg,frugiperda,4,8
frugiperda/4/8/ct_d8_108.jpg,frugiperda,4,8
frugiperda/4/8/ct_d8_109.jpg,frugiperda,4,8
frugiperda/4/8/ct_d8_110.jpg,frugiperda,4,8
frugiperda/4/8/ct_d8_111.jpg,frugiperda,4,8
frugiperda/4/8/ct_d8_112.jpg,frugiperda,4,8
frugiperda/4/8/ct_d8_113.jpg,frugiperda,4,8
frugiperda/4/8/ct_d8_114.jpg,frugiperda,4,8
frugiperda/4/8/ct_d8_115.jpg,frugiperda,4,8
frugiperda/4/8/ct_d8_116.jpg,frugiperda,4,8
frugiperda/4/8/ct_d8_117.jpg,frugiperda,4,8
frugiperda/4/8/ct_d8_118.jpg,frugiperda,4,8
frugiperda/4/8/ct_d8_119.jpg,frugiperda,4,8
frugiperda/4/8/ct_d8_120.jpg,frugiperda,4,8
frugiperda/4/8/ct_d8_121.jpg,frugiperda,4,8
frugiperda/4/8/ct_d8_122.jpg,frugiperda,4,8
frugiperda/4/8/ct_d8_123.jpg,frugiperda,4,8
frugiperda/4/8/ct_d8_124.jpg,frugiperda,4,8
frugiperda/4/8/ct_d8_125.jpg,frugiperda,4,8
frugiperda/4/8/ct_d8_126.jpg,frugiperda,4,8
frugiperda/4/8/ct_d8_127.jpg,frugiperda,4,8
frugiperda/4/8/ct_d8_128.jpg,frugiperda,4,8
frugiperda/4/8/ct_d8_129.jpg,frugiperda,4,8
frugiperda/4/8/ct_d8_130.jpg,frugiperda,4,8
frugiperda/4/8/ct_d8_131.jpg,frugiperda,4,8
frugiperda/4/8/ct_d8_132.jpg,frugiperda,4,8
frugiperda/4/8/ct_d8_133.jpg,frugiperda,4,8
frugiperda/4/8/ct_d8_134.jpg,frugiperda,4,8
frugiperda/4/8/ct_d8_135.jpg,frugiperda,4,8
frugiperda/4/8/ct_d8_136.jpg,frugiperda,4,8
frugiperda/4/8/ct_d8_137.jpg,frugiperda,4,8
frugiperda/4/8/ct_d8_138.jpg,frugiperda,4,8
frugiperda/4/8/ct_d8_139.jpg,frugiperda,4,8
frugiperda/4/8/ct_d8_140.jpg,frugiperda,4,8
frugiperda/4/8/ct_d8_141.jpg,frugiperda,4,8
frugiperda/4/8/ct_d8_142.jpg,frugiperda,4,8
frugiperda/4/8/ct_d8_143.jpg,frugiperda,4,8
frugiperda/4/8/ct_d8_144.jpg,frugiperda,4,8
frugiperda/4/8/ct_d8_145.jpg,frugiperda,4,8
frugiperda/4/8/ct_d8_146.jpg,frugiperda,4,8
frugiperda/4/8/ct_d8_147.jpg,frugiperda,4,8
frugiperda/4/8/ct_d8_148.jpg,frugiperda,4,8
frugiperda/4/8/ct_d8_149.jpg,frugiperda,4,8
frugiperda/4/8/ct_d8_150.jpg,frugiperda,4,8
frugiperda/4/8/ct_d8_151.jpg,frugiperda,4,8
frugiperda/4/8/ct_d8_152.jpg,frugiperda,4,8
frugiperda/4/8/ct_d8_153.jpg,frugiperda,4,8
frugiperda/4/8/ct_d8_154.jpg,frugiperda,4,8
frugiperda/4/8/ct_d8_155.jpg,frugiperda,4,8
frugiperda/4/8/ct_d8_156.jpg,frugiperda,4,8
frugiperda/4/8/ct_d8_157.jpg,frugiperda,4,8
frugiperda/4/8/ct_d8_158.jpg,frugiperda,4,8
frugiperda/4/8/ct_d8_159.jpg,frugiperda,4,8
frugiperda/4/8/ct_d8_160.jpg,frugiperda,4,8
frugiperda/4/8/ct_d8_161.jpg,frugiperda,4,8
frugiperda/4/8/ct_d8_162.jpg,frugiperda,4,8
frugiperda/4/8/ct_d8_163.jpg,frugiperda,4,8
frugiperda/4/8/ct_d8_164.jpg,frugiperda,4,8
frugiperda/4/8/ct_d8_165.jpg,frugiperda,4,8
frugiperda/4/8/ct_d8_166.jpg,frugiperda,4,8
frugiperda/4/8/ct_d8_167.jpg,frugiperda,4,8
frugiperda/4/8/ct_d8_168.jpg,frugiperda,4,8
frugiperda/4/8/ct_d8_169.jpg,frugiperda,4,8
frugiperda/4/8/ct_d8_170.jpg,frugiperda,4,8
frugiperda/4/8/ct_d8_171.jpg,frugiperda,4,8
frugiperda/4/8/ct_d8_172.jpg,frugiperda,4,8
frugiperda/4/8/ct_d8_173.jpg,frugiperda,4,8
frugiperda/4/8/ct_d8_174.jpg,frugiperda,4,8
frugiperda/4/8/ct_d8_175.jpg,frugiperda,4,8
frugiperda/4/8/ct_d8_176.jpg,frugiperda,4,8
frugiperda/4/8/ct_d8_177.jpg,frugiperda,4,8
frugiperda/4/8/ct_d8_178.jpg,frugiperda,4,8
frugiperda/4/8/ct_d8_179.jpg,frugiperda,4,8
frugiperda/4/8/ct_d8_180.jpg,frugiperda,4,8
frugiperda/4/8/ct_d8_181.jpg,frugiperda,4,8
frugiperda/4/8/ct_d8_182.jpg,frugiperda,4,8
frugiperda/4/8/ct_d8_183.jpg,frugiperda,4,8
frugiperda/4/8/ct_d8_184.jpg,frugiperda,4,8
frugiperda/4/8/ct_d8_185.jpg,frugiperda,4,8
frugiperda/4/8/ct_d8_186.jpg,frugiperda,4,8
frugiperda/4/8/ct_d8_187.jpg,frugiperda,4,8
frugiperda/4/8/ct_d8_188.jpg,frugiperda,4,8
frugiperda/4/8/ct_d8_189.jpg,frugiperda,4,8
frugiperda/4/8/ct_d8_190.jpg,frugiperda,4,8
frugiperda/4/8/ct_d8_191.jpg,frugiperda,4,8
frugiperda/4/8/ct_d8_192.jpg,frugiperda,4,8
frugiperda/4/8/ct_d8_193.jpg,frugiperda,4,8
frugiperda/4/8/ct_d8_194.jpg,frugiperda,4,8
frugiperda/4/8/ct_d8_195.jpg,frugiperda,4,8
frugiperda/4/8/ct_d8_196.jpg,frugiperda,4,8
frugiperda/4/8/ct_d8_197.jpg,frugiperda,4,8
frugiperda/4/8/ct_d8_198.jpg,frugiperda,4,8
frugiperda/4/8/ct_d8_199.jpg,frugiperda,4,8
frugiperda/4/8/ct_d8_200.jpg,frugiperda,4,8
frugiperda/4/8/ct_d8_201.jpg,frugiperda,4,8
frugiperda/4/8/ct_d8_202.jpg,frugiperda,4,8
frugiperda/4/8/ct_d8_203.jpg,frugiperda,4,8
frugiperda/4/8/ct_d8_204.jpg,frugiperda,4,8
frugiperda/4/8/ct_d8_205.jpg,frugiperda,4,8
frugiperda/4/8/ct_d8_206.jpg,frugiperda,4,8
frugiperda/4/8/ct_d8_207.jpg,frugiperda,4,8
frugiperda/4/8/ct_d8_208.jpg,frugiperda,4,8
frugiperda/5/10/ct_d10_001.jpg,frugiperda,5,10
frugiperda/5/10/ct_d10_002.jpg,frugiperda,5,10
frugiperda/5/10/ct_d10_003.jpg,frugiperda,5,10
frugiperda/5/10/ct_d10_004.jpg,frugiperda,5,10
frugiperda/5/10/ct_d10_005.jpg,frugiperda,5,10
frugiperda/5/10/ct_d10_006.jpg,frugiperda,5,10
frugiperda/5/10/ct_d10_007.jpg,frugiperda,5,10
frugiperda/5/10/ct_d10_008.jpg,frugiperda,5,10
frugiperda/5/10/ct_d10_009.jpg,frugiperda,5,10
frugiperda/5/10/ct_d10_010.jpg,frugiperda,5,10
frugiperda/5/10/ct_d10_011.jpg,frugiperda,5,10
frugiperda/5/10/ct_d10_012.jpg,frugiperda,5,10
frugiperda/5/10/ct_d10_013.jpg,frugiperda,5,10
frugiperda/5/10/ct_d10_014.jpg,frugiperda,5,10
frugiperda/5/10/ct_d10_015.jpg,frugiperda,5,10
frugiperda/5/10/ct_d10_016.jpg,frugiperda,5,10
frugiperda/5/10/ct_d10_017.jpg,frugiperda,5,10
frugiperda/5/10/ct_d10_018.jpg,frugiperda,5,10
frugiperda/5/10/ct_d10_019.jpg,frugiperda,5,10
frugiperda/5/10/ct_d10_020.jpg,frugiperda,5,10
frugiperda/5/10/ct_d10_021.jpg,frugiperda,5,10
frugiperda/5/10/ct_d10_022.jpg,frugiperda,5,10
frugiperda/5/10/ct_d10_023.jpg,frugiperda,5,10
frugiperda/5/10/ct_d10_024.jpg,frugiperda,5,10
frugiperda/5/10/ct_d10_025.jpg,frugiperda,5,10
frugiperda/5/10/ct_d10_026.jpg,frugiperda,5,10
frugiperda/5/10/ct_d10_027.jpg,frugiperda,5,10
frugiperda/5/10/ct_d10_028.jpg,frugiperda,5,10
frugiperda/5/10/ct_d10_029.jpg,frugiperda,5,10
frugiperda/5/10/ct_d10_030.jpg,frugiperda,5,10
frugiperda/5/10/ct_d10_031.jpg,frugiperda,5,10
frugiperda/5/10/ct_d10_032.jpg,frugiperda,5,10
frugiperda/5/10/ct_d10_033.jpg,frugiperda,5,10
frugiperda/5/10/ct_d10_034.jpg,frugiperda,5,10
frugiperda/5/10/ct_d10_035.jpg,frugiperda,5,10
frugiperda/5/10/ct_d10_036.jpg,frugiperda,5,10
frugiperda/5/10/ct_d10_037.jpg,frugiperda,5,10
frugiperda/5/10/ct_d10_038.jpg,frugiperda,5,10
frugiperda/5/10/ct_d10_039.jpg,frugiperda,5,10
frugiperda/5/10/ct_d10_040.jpg,frugiperda,5,10
frugiperda/5/10/ct_d10_041.jpg,frugiperda,5,10
frugiperda/5/10/ct_d10_042.jpg,frugiperda,5,10
frugiperda/5/10/ct_d10_043.jpg,frugiperda,5,10
frugiperda/5/10/ct_d10_044.jpg,frugiperda,5,10
frugiperda/5/10/ct_d10_045.jpg,frugiperda,5,10
frugiperda/5/10/ct_d10_046.jpg,frugiperda,5,10
frugiperda/5/10/ct_d10_047.jpg,frugiperda,5,10
frugiperda/5/10/ct_d10_048.jpg,frugiperda,5,10
frugiperda/5/10/ct_d10_049.jpg,frugiperda,5,10
frugiperda/5/10/ct_d10_050.jpg,frugiperda,5,10
frugiperda/5/10/ct_d10_051.jpg,frugiperda,5,10
frugiperda/5/10/ct_d10_052.jpg,frugiperda,5,10
frugiperda/5/10/ct_d10_053.jpg,frugiperda,5,10
frugiperda/5/10/ct_d10_054.jpg,frugiperda,5,10
frugiperda/5/10/ct_d10_055.jpg,frugiperda,5,10
frugiperda/5/10/ct_d10_056.jpg,frugiperda,5,10
frugiperda/5/10/ct_d10_057.jpg,frugiperda,5,10
frugiperda/5/10/ct_d10_058.jpg,frugiperda,5,10
frugiperda/5/10/ct_d10_059.jpg,frugiperda,5,10
frugiperda/5/10/ct_d10_060.jpg,frugiperda,5,10
frugiperda/5/10/ct_d10_061.jpg,frugiperda,5,10
frugiperda/5/10/ct_d10_062.jpg,frugiperda,5,10
frugiperda/5/10/ct_d10_063.jpg,frugiperda,5,10
frugiperda/5/10/ct_d10_064.jpg,frugiperda,5,10
frugiperda/5/10/ct_d10_065.jpg,frugiperda,5,10
frugiperda/5/10/ct_d10_066.jpg,frugiperda,5,10
frugiperda/5/10/ct_d10_067.jpg,frugiperda,5,10
frugiperda/5/10/ct_d10_068.jpg,frugiperda,5,10
frugiperda/5/10/ct_d10_069.jpg,frugiperda,5,10
frugiperda/5/10/ct_d10_070.jpg,frugiperda,5,10
frugiperda/5/10/ct_d10_071.jpg,frugiperda,5,10
frugiperda/5/10/ct_d10_072.jpg,frugiperda,5,10
frugiperda/5/10/ct_d10_073.jpg,frugiperda,5,10
frugiperda/5/10/ct_d10_074.jpg,frugiperda,5,10
frugiperda/5/10/ct_d10_075.jpg,frugiperda,5,10
frugiperda/5/10/ct_d10_076.jpg,frugiperda,5,10
frugiperda/5/10/ct_d10_077.jpg,frugiperda,5,10
frugiperda/5/10/ct_d10_078.jpg,frugiperda,5,10
frugiperda/5/10/ct_d10_079.jpg,frugiperda,5,10
frugiperda/5/10/ct_d10_080.jpg,frugiperda,5,10
frugiperda/5/10/ct_d10_081.jpg,frugiperda,5,10
frugiperda/5/10/ct_d10_082.jpg,frugiperda,5,10
frugiperda/5/10/ct_d10_083.jpg,frugiperda,5,10
frugiperda/5/10/ct_d10_084.jpg,frugiperda,5,10
frugiperda/5/10/ct_d10_085.jpg,frugiperda,5,10
frugiperda/5/10/ct_d10_086.jpg,frugiperda,5,10
frugiperda/5/10/ct_d10_087.jpg,frugiperda,5,10
frugiperda/5/10/ct_d10_088.jpg,frugiperda,5,10
frugiperda/5/10/ct_d10_089.jpg,frugiperda,5,10
frugiperda/5/10/ct_d10_090.jpg,frugiperda,5,10
frugiperda/5/10/ct_d10_091.jpg,frugiperda,5,10
frugiperda/5/10/ct_d10_092.jpg,frugiperda,5,10
frugiperda/5/10/ct_d10_093.jpg,frugiperda,5,10
frugiperda/5/10/ct_d10_094.jpg,frugiperda,5,10
frugiperda/5/10/ct_d10_095.jpg,frugiperda,5,10
frugiperda/5/10/ct_d10_096.jpg,frugiperda,5,10
frugiperda/5/10/ct_d10_097.jpg,frugiperda,5,10
frugiperda/5/10/ct_d10_098.jpg,frugiperda,5,10
frugiperda/5/10/ct_d10_099.jpg,frugiperda,5,10
frugiperda/5/10/ct_d10_100.jpg,frugiperda,5,10
frugiperda/5/10/ct_d10_101.jpg,frugiperda,5,10
frugiperda/5/10/ct_d10_102.jpg,frugiperda,5,10
frugiperda/5/10/ct_d10_103.jpg,frugiperda,5,10
frugiperda/5/10/ct_d10_104.jpg,frugiperda,5,10
frugiperda/5/10/ct_d10_105.jpg,frugiperda,5,10
frugiperda/5/10/ct_d10_106.jpg,frugiperda,5,10
frugiperda/5/10/ct_d10_107.jpg,frugiperda,5,10
frugiperda/5/10/ct_d10_108.jpg,frugiperda,5,10
frugiperda/5/10/ct_d10_109.jpg,frugiperda,5,10
frugiperda/5/10/ct_d10_110.jpg,frugiperda,5,10
frugiperda/5/10/ct_d10_111.jpg,frugiperda,5,10
frugiperda/5/10/ct_d10_112.jpg,frugiperda,5,10
frugiperda/5/10/ct_d10_113.jpg,frugiperda,5,10
frugiperda/5/10/ct_d10_114.jpg,frugiperda,5,10
frugiperda/5/10/ct_d10_115.jpg,frugiperda,5,10
frugiperda/5/10/ct_d10_116.jpg,frugiperda,5,10
frugiperda/5/10/ct_d10_117.jpg,frugiperda,5,10
frugiperda/5/10/ct_d10_118.jpg,frugiperda,5,10
frugiperda/5/10/ct_d10_119.jpg,frugiperda,5,10
frugiperda/5/10/ct_d10_120.jpg,frugiperda,5,10
frugiperda/5/10/ct_d10_121.jpg,frugiperda,5,10
frugiperda/5/10/ct_d10_122.jpg,frugiperda,5,10
frugiperda/5/10/ct_d10_123.jpg,frugiperda,5,10
frugiperda/5/10/ct_d10_124.jpg,frugiperda,5,10
frugiperda/5/10/ct_d10_125.jpg,frugiperda,5,10
frugiperda/5/10/ct_d10_126.jpg,frugiperda,5,10
frugiperda/5/10/ct_d10_127.jpg,frugiperda,5,10
frugiperda/5/10/ct_d10_128.jpg,frugiperda,5,10
frugiperda/5/10/ct_d10_129.jpg,frugiperda,5,10
frugiperda/5/10/ct_d10_130.jpg,frugiperda,5,10
frugiperda/5/10/ct_d10_131.jpg,frugiperda,5,10
frugiperda/5/10/ct_d10_132.jpg,frugiperda,5,10
frugiperda/5/10/ct_d10_133.jpg,frugiperda,5,10
frugiperda/5/10/ct_d10_134.jpg,frugiperda,5,10
frugiperda/5/10/ct_d10_135.jpg,frugiperda,5,10
frugiperda/5/10/ct_d10_136.jpg,frugiperda,5,10
frugiperda/5/10/ct_d10_137.jpg,frugiperda,5,10
frugiperda/5/10/ct_d10_138.jpg,frugiperda,5,10
frugiperda/5/10/ct_d10_139.jpg,frugiperda,5,10
frugiperda/5/10/ct_d10_140.jpg,frugiperda,5,10
frugiperda/5/10/ct_d10_141.jpg,frugiperda,5,10
frugiperda/5/10/ct_d10_142.jpg,frugiperda,5,10
frugiperda/5/10/ct_d10_143.jpg,frugiperda,5,10
frugiperda/5/10/ct_d10_144.jpg,frugiperda,5,10
frugiperda/5/10/ct_d10_145.jpg,frugiperda,5,10
frugiperda/5/10/ct_d10_146.jpg,frugiperda,5,10
frugiperda/5/10/ct_d10_147.jpg,frugiperda,5,10
frugiperda/5/10/ct_d10_148.jpg,frugiperda,5,10
frugiperda/5/10/ct_d10_149.jpg,frugiperda,5,10
frugiperda/5/10/ct_d10_150.jpg,frugiperda,5,10
frugiperda/5/10/ct_d10_151.jpg,frugiperda,5,10
frugiperda/5/10/ct_d10_152.jpg,frugiperda,5,10
frugiperda/5/10/ct_d10_153.jpg,frugiperda,5,10
frugiperda/5/10/ct_d10_154.jpg,frugiperda,5,10
frugiperda/5/10/ct_d10_155.jpg,frugiperda,5,10
frugiperda/5/10/ct_d10_156.jpg,frugiperda,5,10
frugiperda/5/10/ct_d10_157.jpg,frugiperda,5,10
frugiperda/5/10/ct_d10_158.jpg,frugiperda,5,10
frugiperda/5/10/ct_d10_159.jpg,frugiperda,5,10
frugiperda/5/10/ct_d10_160.jpg,frugiperda,5,10
frugiperda/5/10/ct_d10_161.jpg,frugiperda,5,10
frugiperda/5/10/ct_d10_162.jpg,frugiperda,5,10
frugiperda/5/10/ct_d10_163.jpg,frugiperda,5,10
frugiperda/5/10/ct_d10_164.jpg,frugiperda,5,10
frugiperda/5/10/ct_d10_165.jpg,frugiperda,5,10
frugiperda/5/10/ct_d10_166.jpg,frugiperda,5,10
frugiperda/5/10/ct_d10_167.jpg,frugiperda,5,10
frugiperda/5/10/ct_d10_168.jpg,frugiperda,5,10
frugiperda/5/10/ct_d10_169.jpg,frugiperda,5,10
frugiperda/5/10/ct_d10_170.jpg,frugiperda,5,10
frugiperda/5/10/ct_d10_171.jpg,frugiperda,5,10
frugiperda/5/10/ct_d10_172.jpg,frugiperda,5,10
frugiperda/5/10/ct_d10_173.jpg,frugiperda,5,10
frugiperda/5/10/ct_d10_174.jpg,frugiperda,5,10
frugiperda/5/10/ct_d10_175.jpg,frugiperda,5,10
frugiperda/5/10/ct_d10_176.jpg,frugiperda,5,10
frugiperda/5/10/ct_d10_177.jpg,frugiperda,5,10
frugiperda/5/10/ct_d10_178.jpg,frugiperda,5,10
frugiperda/5/10/ct_d10_179.jpg,frugiperda,5,10
frugiperda/5/10/ct_d10_180.jpg,frugiperda,5,10
frugiperda/5/10/ct_d10_181.jpg,frugiperda,5,10
frugiperda/5/10/ct_d10_182.jpg,frugiperda,5,10
frugiperda/5/10/ct_d10_183.jpg,frugiperda,5,10
frugiperda/5/10/ct_d10_184.jpg,frugiperda,5,10
frugiperda/5/10/ct_d10_185.jpg,frugiperda,5,10
frugiperda/5/10/ct_d10_186.jpg,frugiperda,5,10
frugiperda/5/10/ct_d10_187.jpg,frugiperda,5,10
frugiperda/5/10/ct_d10_188.jpg,frugiperda,5,10
frugiperda/5/10/ct_d10_189.jpg,frugiperda,5,10
frugiperda/5/10/ct_d10_190.jpg,frugiperda,5,10
frugiperda/5/10/ct_d10_191.jpg,frugiperda,5,10
frugiperda/5/10/ct_d10_192.jpg,frugiperda,5,10
frugiperda/5/10/ct_d10_193.jpg,frugiperda,5,10
frugiperda/5/10/ct_d10_194.jpg,frugiperda,5,10
frugiperda/5/10/ct_d10_195.jpg,frugiperda,5,10
frugiperda/5/10/ct_d10_196.jpg,frugiperda,5,10
frugiperda/5/10/ct_d10_197.jpg,frugiperda,5,10
frugiperda/5/10/ct_d10_198.jpg,frugiperda,5,10
frugiperda/5/10/ct_d10_199.jpg,frugiperda,5,10
frugiperda/5/10/ct_d10_200.jpg,frugiperda,5,10
frugiperda/5/9/ct_d9_001.jpg,frugiperda,5,9
frugiperda/5/9/ct_d9_002.jpg,frugiperda,5,9
frugiperda/5/9/ct_d9_003.jpg,frugiperda,5,9
frugiperda/5/9/ct_d9_004.jpg,frugiperda,5,9
frugiperda/5/9/ct_d9_005.jpg,frugiperda,5,9
frugiperda/5/9/ct_d9_006.jpg,frugiperda,5,9
frugiperda/5/9/ct_d9_007.jpg,frugiperda,5,9
frugiperda/5/9/ct_d9_008.jpg,frugiperda,5,9
frugiperda/5/9/ct_d9_009.jpg,frugiperda,5,9
frugiperda/5/9/ct_d9_010.jpg,frugiperda,5,9
frugiperda/5/9/ct_d9_011.jpg,frugiperda,5,9
frugiperda/5/9/ct_d9_012.jpg,frugiperda,5,9
frugiperda/5/9/ct_d9_013.jpg,frugiperda,5,9
frugiperda/5/9/ct_d9_014.jpg,frugiperda,5,9
frugiperda/5/9/ct_d9_015.jpg,frugiperda,5,9
frugiperda/5/9/ct_d9_016.jpg,frugiperda,5,9
frugiperda/5/9/ct_d9_017.jpg,frugiperda,5,9
frugiperda/5/9/ct_d9_018.jpg,frugiperda,5,9
frugiperda/5/9/ct_d9_019.jpg,frugiperda,5,9
frugiperda/5/9/ct_d9_020.jpg,frugiperda,5,9
frugiperda/5/9/ct_d9_021.jpg,frugiperda,5,9
frugiperda/5/9/ct_d9_022.jpg,frugiperda,5,9
frugiperda/5/9/ct_d9_023.jpg,frugiperda,5,9
frugiperda/5/9/ct_d9_024.jpg,frugiperda,5,9
frugiperda/5/9/ct_d9_025.jpg,frugiperda,5,9
frugiperda/5/9/ct_d9_026.jpg,frugiperda,5,9
frugiperda/5/9/ct_d9_027.jpg,frugiperda,5,9
frugiperda/5/9/ct_d9_028.jpg,frugiperda,5,9
frugiperda/5/9/ct_d9_029.jpg,frugiperda,5,9
frugiperda/5/9/ct_d9_030.jpg,frugiperda,5,9
frugiperda/5/9/ct_d9_031.jpg,frugiperda,5,9
frugiperda/5/9/ct_d9_032.jpg,frugiperda,5,9
frugiperda/5/9/ct_d9_033.jpg,frugiperda,5,9
frugiperda/5/9/ct_d9_034.jpg,frugiperda,5,9
frugiperda/5/9/ct_d9_035.jpg,frugiperda,5,9
frugiperda/5/9/ct_d9_036.jpg,frugiperda,5,9
frugiperda/5/9/ct_d9_037.jpg,frugiperda,5,9
frugiperda/5/9/ct_d9_038.jpg,frugiperda,5,9
frugiperda/5/9/ct_d9_039.jpg,frugiperda,5,9
frugiperda/5/9/ct_d9_040.jpg,frugiperda,5,9
frugiperda/5/9/ct_d9_041.jpg,frugiperda,5,9
frugiperda/5/9/ct_d9_042.jpg,frugiperda,5,9
frugiperda/5/9/ct_d9_043.jpg,frugiperda,5,9
frugiperda/5/9/ct_d9_044.jpg,frugiperda,5,9
frugiperda/5/9/ct_d9_045.jpg,frugiperda,5,9
frugiperda/5/9/ct_d9_046.jpg,frugiperda,5,9
frugiperda/5/9/ct_d9_047.jpg,frugiperda,5,9
frugiperda/5/9/ct_d9_048.jpg,frugiperda,5,9
frugiperda/5/9/ct_d9_049.jpg,frugiperda,5,9
frugiperda/5/9/ct_d9_050.jpg,frugiperda,5,9
frugiperda/5/9/ct_d9_051.jpg,frugiperda,5,9
frugiperda/5/9/ct_d9_052.jpg,frugiperda,5,9
frugiperda/5/9/ct_d9_053.jpg,frugiperda,5,9
frugiperda/5/9/ct_d9_054.jpg,frugiperda,5,9
frugiperda/5/9/ct_d9_055.jpg,frugiperda,5,9
frugiperda/5/9/ct_d9_056.jpg,frugiperda,5,9
frugiperda/5/9/ct_d9_057.jpg,frugiperda,5,9
frugiperda/5/9/ct_d9_058.jpg,frugiperda,5,9
frugiperda/5/9/ct_d9_059.jpg,frugiperda,5,9
frugiperda/5/9/ct_d9_060.jpg,frugiperda,5,9
frugiperda/5/9/ct_d9_061.jpg,frugiperda,5,9
frugiperda/5/9/ct_d9_062.jpg,frugiperda,5,9
frugiperda/5/9/ct_d9_063.jpg,frugiperda,5,9
frugiperda/5/9/ct_d9_064.jpg,frugiperda,5,9
frugiperda/5/9/ct_d9_065.jpg,frugiperda,5,9
frugiperda/5/9/ct_d9_066.jpg,frugiperda,5,9
frugiperda/5/9/ct_d9_067.jpg,frugiperda,5,9
frugiperda/5/9/ct_d9_068.jpg,frugiperda,5,9
frugiperda/5/9/ct_d9_069.jpg,frugiperda,5,9
frugiperda/5/9/ct_d9_070.jpg,frugiperda,5,9
frugiperda/5/9/ct_d9_071.jpg,frugiperda,5,9
frugiperda/5/9/ct_d9_072.jpg,frugiperda,5,9
frugiperda/5/9/ct_d9_073.jpg,frugiperda,5,9
frugiperda/5/9/ct_d9_074.jpg,frugiperda,5,9
frugiperda/5/9/ct_d9_075.jpg,frugiperda,5,9
frugiperda/5/9/ct_d9_076.jpg,frugiperda,5,9
frugiperda/5/9/ct_d9_077.jpg,frugiperda,5,9
frugiperda/5/9/ct_d9_078.jpg,frugiperda,5,9
frugiperda/5/9/ct_d9_079.jpg,frugiperda,5,9
frugiperda/5/9/ct_d9_080.jpg,frugiperda,5,9
frugiperda/5/9/ct_d9_081.jpg,frugiperda,5,9
frugiperda/5/9/ct_d9_082.jpg,frugiperda,5,9
frugiperda/5/9/ct_d9_083.jpg,frugiperda,5,9
frugiperda/5/9/ct_d9_084.jpg,frugiperda,5,9
frugiperda/5/9/ct_d9_085.jpg,frugiperda,5,9
frugiperda/5/9/ct_d9_086.jpg,frugiperda,5,9
frugiperda/5/9/ct_d9_087.jpg,frugiperda,5,9
frugiperda/5/9/ct_d9_088.jpg,frugiperda,5,9
frugiperda/5/9/ct_d9_089.jpg,frugiperda,5,9
frugiperda/5/9/ct_d9_090.jpg,frugiperda,5,9
frugiperda/5/9/ct_d9_091.jpg,frugiperda,5,9
frugiperda/5/9/ct_d9_092.jpg,frugiperda,5,9
frugiperda/5/9/ct_d9_093.jpg,frugiperda,5,9
frugiperda/5/9/ct_d9_094.jpg,frugiperda,5,9
frugiperda/5/9/ct_d9_095.jpg,frugiperda,5,9
frugiperda/5/9/ct_d9_096.jpg,frugiperda,5,9
frugiperda/5/9/ct_d9_097.jpg,frugiperda,5,9
frugiperda/5/9/ct_d9_098.jpg,frugiperda,5,9
frugiperda/5/9/ct_d9_099.jpg,frugiperda,5,9
frugiperda/5/9/ct_d9_100.jpg,frugiperda,5,9
frugiperda/5/9/ct_d9_101.jpg,frugiperda,5,9
frugiperda/5/9/ct_d9_102.jpg,frugiperda,5,9
frugiperda/5/9/ct_d9_103.jpg,frugiperda,5,9
frugiperda/5/9/ct_d9_104.jpg,frugiperda,5,9
frugiperda/5/9/ct_d9_105.jpg,frugiperda,5,9
frugiperda/5/9/ct_d9_106.jpg,frugiperda,5,9
frugiperda/5/9/ct_d9_107.jpg,frugiperda,5,9
frugiperda/5/9/ct_d9_108.jpg,frugiperda,5,9
frugiperda/5/9/ct_d9_109.jpg,frugiperda,5,9
frugiperda/5/9/ct_d9_110.jpg,frugiperda,5,9
frugiperda/5/9/ct_d9_111.jpg,frugiperda,5,9
frugiperda/5/9/ct_d9_112.jpg,frugiperda,5,9
frugiperda/5/9/ct_d9_113.jpg,frugiperda,5,9
frugiperda/5/9/ct_d9_114.jpg,frugiperda,5,9
frugiperda/5/9/ct_d9_115.jpg,frugiperda,5,9
frugiperda/5/9/ct_d9_116.jpg,frugiperda,5,9
frugiperda/5/9/ct_d9_117.jpg,frugiperda,5,9
frugiperda/5/9/ct_d9_118.jpg,frugiperda,5,9
frugiperda/5/9/ct_d9_119.jpg,frugiperda,5,9
frugiperda/5/9/ct_d9_120.jpg,frugiperda,5,9
frugiperda/5/9/ct_d9_121.jpg,frugiperda,5,9
frugiperda/5/9/ct_d9_122.jpg,frugiperda,5,9
frugiperda/5/9/ct_d9_123.jpg,frugiperda,5,9
frugiperda/5/9/ct_d9_124.jpg,frugiperda,5,9
frugiperda/5/9/ct_d9_125.jpg,frugiperda,5,9
frugiperda/5/9/ct_d9_126.jpg,frugiperda,5,9
frugiperda/5/9/ct_d9_127.jpg,frugiperda,5,9
frugiperda/5/9/ct_d9_128.jpg,frugiperda,5,9
frugiperda/5/9/ct_d9_129.jpg,frugiperda,5,9
frugiperda/5/9/ct_d9_130.jpg,frugiperda,5,9
frugiperda/5/9/ct_d9_131.jpg,frugiperda,5,9
frugiperda/5/9/ct_d9_132.jpg,frugiperda,5,9
frugiperda/5/9/ct_d9_133.jpg,frugiperda,5,9
frugiperda/5/9/ct_d9_134.jpg,frugiperda,5,9
frugiperda/5/9/ct_d9_135.jpg,frugiperda,5,9
frugiperda/5/9/ct_d9_136.jpg,frugiperda,5,9
frugiperda/5/9/ct_d9_137.jpg,frugiperda,5,9
frugiperda/5/9/ct_d9_138.jpg,frugiperda,5,9
frugiperda/5/9/ct_d9_139.jpg,frugiperda,5,9
frugiperda/5/9/ct_d9_140.jpg,frugiperda,5,9
frugiperda/5/9/ct_d9_141.jpg,frugiperda,5,9
frugiperda/5/9/ct_d9_142.jpg,frugiperda,5,9
frugiperda/5/9/ct_d9_143.jpg,frugiperda,5,9
frugiperda/5/9/ct_d9_144.jpg,frugiperda,5,9
frugiperda/5/9/ct_d9_145.jpg,frugiperda,5,9
frugiperda/5/9/ct_d9_146.jpg,frugiperda,5,9
frugiperda/5/9/ct_d9_147.jpg,frugiperda,5,9
frugiperda/5/9/ct_d9_148.jpg,frugiperda,5,9
frugiperda/5/9/ct_d9_149.jpg,frugiperda,5,9
frugiperda/5/9/ct_d9_150.jpg,frugiperda,5,9
frugiperda/5/9/ct_d9_151.jpg,frugiperda,5,9
frugiperda/5/9/ct_d9_152.jpg,frugiperda,5,9
frugiperda/5/9/ct_d9_153.jpg,frugiperda,5,9
frugiperda/5/9/ct_d9_154.jpg,frugiperda,5,9
frugiperda/5/9/ct_d9_155.jpg,frugiperda,5,9
frugiperda/5/9/ct_d9_156.jpg,frugiperda,5,9
frugiperda/5/9/ct_d9_157.jpg,frugiperda,5,9
frugiperda/5/9/ct_d9_158.jpg,frugiperda,5,9
frugiperda/5/9/ct_d9_159.jpg,frugiperda,5,9
frugiperda/5/9/ct_d9_160.jpg,frugiperda,5,9
frugiperda/5/9/ct_d9_161.jpg,frugiperda,5,9
frugiperda/5/9/ct_d9_162.jpg,frugiperda,5,9
frugiperda/5/9/ct_d9_163.jpg,frugiperda,5,9
frugiperda/5/9/ct_d9_164.jpg,frugiperda,5,9
frugiperda/5/9/ct_d9_165.jpg,frugiperda,5,9
frugiperda/5/9/ct_d9_166.jpg,frugiperda,5,9
frugiperda/5/9/ct_d9_167.jpg,frugiperda,5,9
frugiperda/5/9/ct_d9_168.jpg,frugiperda,5,9
frugiperda/5/9/ct_d9_169.jpg,frugiperda,5,9
frugiperda/5/9/ct_d9_170.jpg,frugiperda,5,9
frugiperda/5/9/ct_d9_171.jpg,frugiperda,5,9
frugiperda/5/9/ct_d9_172.jpg,frugiperda,5,9
frugiperda/5/9/ct_d9_173.jpg,frugiperda,5,9
frugiperda/5/9/ct_d9_174.jpg,frugiperda,5,9
frugiperda/5/9/ct_d9_175.jpg,frugiperda,5,9
frugiperda/5/9/ct_d9_176.jpg,frugiperda,5,9
frugiperda/5/9/ct_d9_177.jpg,frugiperda,5,9
frugiperda/5/9/ct_d9_178.jpg,frugiperda,5,9
frugiperda/5/9/ct_d9_179.jpg,frugiperda,5,9
frugiperda/5/9/ct_d9_180.jpg,frugiperda,5,9
frugiperda/5/9/ct_d9_181.jpg,frugiperda,5,9
frugiperda/5/9/ct_d9_182.jpg,frugiperda,5,9
frugiperda/5/9/ct_d9_183.jpg,frugiperda,5,9
frugiperda/5/9/ct_d9_184.jpg,frugiperda,5,9
frugiperda/5/9/ct_d9_185.jpg,frugiperda,5,9
frugiperda/5/9/ct_d9_186.jpg,frugiperda,5,9
frugiperda/5/9/ct_d9_187.jpg,frugiperda,5,9
frugiperda/5/9/ct_d9_188.jpg,frugiperda,5,9
frugiperda/5/9/ct_d9_189.jpg,frugiperda,5,9
frugiperda/5/9/ct_d9_190.jpg,frugiperda,5,9
frugiperda/5/9/ct_d9_191.jpg,frugiperda,5,9
frugiperda/5/9/ct_d9_192.jpg,frugiperda,5,9
frugiperda/5/9/ct_d9_193.jpg,frugiperda,5,9
frugiperda/5/9/ct_d9_194.jpg,frugiperda,5,9
frugiperda/5/9/ct_d9_195.jpg,frugiperda,5,9
frugiperda/5/9/ct_d9_196.jpg,frugiperda,5,9
frugiperda/5/9/ct_d9_197.jpg,frugiperda,5,9
frugiperda/5/9/ct_d9_198.jpg,frugiperda,5,9
frugiperda/5/9/ct_d9_199.jpg,frugiperda,5,9
frugiperda/5/9/ct_d9_200.jpg,frugiperda,5,9
frugiperda/5/9/ct_d9_201.jpg,frugiperda,5,9
frugiperda/5/9/ct_d9_202.jpg,frugiperda,5,9
frugiperda/5/9/ct_d9_203.jpg,frugiperda,5,9
frugiperda/5/9/ct_d9_204.jpg,frugiperda,5,9
frugiperda/5/9/ct_d9_205.jpg,frugiperda,5,9
frugiperda/5/9/ct_d9_206.jpg,frugiperda,5,9
frugiperda/5/9/ct_d9_207.jpg,frugiperda,5,9
frugiperda/5/9/ct_d9_208.jpg,frugiperda,5,9
frugiperda/5/9/ct_d9_209.jpg,frugiperda,5,9
frugiperda/5/9/ct_d9_210.jpg,frugiperda,5,9
frugiperda/5/9/ct_d9_211.jpg,frugiperda,5,9
frugiperda/5/9/ct_d9_212.jpg,frugiperda,5,9
frugiperda/5/9/ct_d9_213.jpg,frugiperda,5,9
frugiperda/5/9/ct_d9_214.jpg,frugiperda,5,9
frugiperda/5/9/ct_d9_215.jpg,frugiperda,5,9
frugiperda/5/9/ct_d9_216.jpg,frugiperda,5,9
frugiperda/5/9/ct_d9_217.jpg,frugiperda,5,9
frugiperda/5/9/ct_d9_218.jpg,frugiperda,5,9
frugiperda/5/9/ct_d9_219.jpg,frugiperda,5,9
frugiperda/5/9/ct_d9_220.jpg,frugiperda,5,9
frugiperda/5/9/ct_d9_221.jpg,frugiperda,5,9
frugiperda/5/9/ct_d9_222.jpg,frugiperda,5,9
frugiperda/5/9/ct_d9_223.jpg,frugiperda,5,9
frugiperda/5/9/ct_d9_224.jpg,frugiperda,5,9
frugiperda/5/9/ct_d9_225.jpg,frugiperda,5,9
frugiperda/5/9/ct_d9_226.jpg,frugiperda,5,9
frugiperda/5/9/ct_d9_227.jpg,frugiperda,5,9
frugiperda/5/9/ct_d9_228.jpg,frugiperda,5,9
frugiperda/5/9/ct_d9_229.jpg,frugiperda,5,9
frugiperda/5/9/ct_d9_230.jpg,frugiperda,5,9
frugiperda/5/9/ct_d9_231.jpg,frugiperda,5,9
frugiperda/5/9/ct_d9_232.jpg,frugiperda,5,9
frugiperda/5/9/ct_d9_233.jpg,frugiperda,5,9
frugiperda/5/9/ct_d9_234.jpg,frugiperda,5,9
frugiperda/5/9/ct_d9_235.jpg,frugiperda,5,9
frugiperda/5/9/ct_d9_236.jpg,frugiperda,5,9
frugiperda/5/9/ct_d9_237.jpg,frugiperda,5,9
frugiperda/5/9/ct_d9_238.jpg,frugiperda,5,9
frugiperda/5/9/ct_d9_239.jpg,frugiperda,5,9
frugiperda/5/9/ct_d9_240.jpg,frugiperda,5,9
frugiperda/5/9/ct_d9_241.jpg,frugiperda,5,9
frugiperda/5/9/ct_d9_242.jpg,frugiperda,5,9
frugiperda/5/9/ct_d9_243.jpg,frugiperda,5,9
frugiperda/5/9/ct_d9_244.jpg,frugiperda,5,9
frugiperda/6/11/ct_d11_001.jpg,frugiperda,6,11
frugiperda/6/11/ct_d11_002.jpg,frugiperda,6,11
frugiperda/6/11/ct_d11_003.jpg,frugiperda,6,11
frugiperda/6/11/ct_d11_004.jpg,frugiperda,6,11
frugiperda/6/11/ct_d11_005.jpg,frugiperda,6,11
frugiperda/6/11/ct_d11_006.jpg,frugiperda,6,11
frugiperda/6/11/ct_d11_007.jpg,frugiperda,6,11
frugiperda/6/11/ct_d11_008.jpg,frugiperda,6,11
frugiperda/6/11/ct_d11_009.jpg,frugiperda,6,11
frugiperda/6/11/ct_d11_010.jpg,frugiperda,6,11
frugiperda/6/11/ct_d11_011.jpg,frugiperda,6,11
frugiperda/6/11/ct_d11_012.jpg,frugiperda,6,11
frugiperda/6/11/ct_d11_013.jpg,frugiperda,6,11
frugiperda/6/11/ct_d11_014.jpg,frugiperda,6,11
frugiperda/6/11/ct_d11_015.jpg,frugiperda,6,11
frugiperda/6/11/ct_d11_016.jpg,frugiperda,6,11
frugiperda/6/11/ct_d11_017.jpg,frugiperda,6,11
frugiperda/6/11/ct_d11_018.jpg,frugiperda,6,11
frugiperda/6/11/ct_d11_019.jpg,frugiperda,6,11
frugiperda/6/11/ct_d11_020.jpg,frugiperda,6,11
frugiperda/6/11/ct_d11_021.jpg,frugiperda,6,11
frugiperda/6/11/ct_d11_022.jpg,frugiperda,6,11
frugiperda/6/11/ct_d11_023.jpg,frugiperda,6,11
frugiperda/6/11/ct_d11_024.jpg,frugiperda,6,11
frugiperda/6/11/ct_d11_025.jpg,frugiperda,6,11
frugiperda/6/11/ct_d11_026.jpg,frugiperda,6,11
frugiperda/6/11/ct_d11_027.jpg,frugiperda,6,11
frugiperda/6/11/ct_d11_028.jpg,frugiperda,6,11
frugiperda/6/11/ct_d11_029.jpg,frugiperda,6,11
frugiperda/6/11/ct_d11_030.jpg,frugiperda,6,11
frugiperda/6/11/ct_d11_031.jpg,frugiperda,6,11
frugiperda/6/11/ct_d11_032.jpg,frugiperda,6,11
frugiperda/6/11/ct_d11_033.jpg,frugiperda,6,11
frugiperda/6/11/ct_d11_034.jpg,frugiperda,6,11
frugiperda/6/11/ct_d11_035.jpg,frugiperda,6,11
frugiperda/6/11/ct_d11_036.jpg,frugiperda,6,11
frugiperda/6/11/ct_d11_037.jpg,frugiperda,6,11
frugiperda/6/11/ct_d11_038.jpg,frugiperda,6,11
frugiperda/6/11/ct_d11_039.jpg,frugiperda,6,11
frugiperda/6/11/ct_d11_040.jpg,frugiperda,6,11
frugiperda/6/11/ct_d11_041.jpg,frugiperda,6,11
frugiperda/6/11/ct_d11_042.jpg,frugiperda,6,11
frugiperda/6/11/ct_d11_043.jpg,frugiperda,6,11
frugiperda/6/11/ct_d11_044.jpg,frugiperda,6,11
frugiperda/6/11/ct_d11_045.jpg,frugiperda,6,11
frugiperda/6/11/ct_d11_046.jpg,frugiperda,6,11
frugiperda/6/11/ct_d11_047.jpg,frugiperda,6,11
frugiperda/6/11/ct_d11_048.jpg,frugiperda,6,11
frugiperda/6/11/ct_d11_049.jpg,frugiperda,6,11
frugiperda/6/11/ct_d11_050.jpg,frugiperda,6,11
frugiperda/6/11/ct_d11_051.jpg,frugiperda,6,11
frugiperda/6/11/ct_d11_052.jpg,frugiperda,6,11
frugiperda/6/11/ct_d11_053.jpg,frugiperda,6,11
frugiperda/6/11/ct_d11_054.jpg,frugiperda,6,11
frugiperda/6/11/ct_d11_055.jpg,frugiperda,6,11
frugiperda/6/11/ct_d11_056.jpg,frugiperda,6,11
frugiperda/6/11/ct_d11_057.jpg,frugiperda,6,11
frugiperda/6/11/ct_d11_058.jpg,frugiperda,6,11
frugiperda/6/11/ct_d11_059.jpg,frugiperda,6,11
frugiperda/6/11/ct_d11_060.jpg,frugiperda,6,11
frugiperda/6/11/ct_d11_061.jpg,frugiperda,6,11
frugiperda/6/11/ct_d11_062.jpg,frugiperda,6,11
frugiperda/6/11/ct_d11_063.jpg,frugiperda,6,11
frugiperda/6/11/ct_d11_064.jpg,frugiperda,6,11
frugiperda/6/11/ct_d11_065.jpg,frugiperda,6,11
frugiperda/6/11/ct_d11_066.jpg,frugiperda,6,11
frugiperda/6/11/ct_d11_067.jpg,frugiperda,6,11
frugiperda/6/11/ct_d11_068.jpg,frugiperda,6,11
frugiperda/6/11/ct_d11_069.jpg,frugiperda,6,11
frugiperda/6/11/ct_d11_070.jpg,frugiperda,6,11
frugiperda/6/11/ct_d11_071.jpg,frugiperda,6,11
frugiperda/6/11/ct_d11_072.jpg,frugiperda,6,11
frugiperda/6/11/ct_d11_073.jpg,frugiperda,6,11
frugiperda/6/11/ct_d11_074.jpg,frugiperda,6,11
frugiperda/6/11/ct_d11_075.jpg,frugiperda,6,11
frugiperda/6/11/ct_d11_076.jpg,frugiperda,6,11
frugiperda/6/11/ct_d11_077.jpg,frugiperda,6,11
frugiperda/6/11/ct_d11_078.jpg,frugiperda,6,11
frugiperda/6/11/ct_d11_079.jpg,frugiperda,6,11
frugiperda/6/11/ct_d11_080.jpg,frugiperda,6,11
frugiperda/6/11/ct_d11_081.jpg,frugiperda,6,11
frugiperda/6/11/ct_d11_082.jpg,frugiperda,6,11
frugiperda/6/11/ct_d11_083.jpg,frugiperda,6,11
frugiperda/6/11/ct_d11_084.jpg,frugiperda,6,11
frugiperda/6/11/ct_d11_085.jpg,frugiperda,6,11
frugiperda/6/11/ct_d11_086.jpg,frugiperda,6,11
frugiperda/6/11/ct_d11_087.jpg,frugiperda,6,11
frugiperda/6/11/ct_d11_088.jpg,frugiperda,6,11
frugiperda/6/11/ct_d11_089.jpg,frugiperda,6,11
frugiperda/6/11/ct_d11_090.jpg,frugiperda,6,11
frugiperda/6/11/ct_d11_091.jpg,frugiperda,6,11
frugiperda/6/11/ct_d11_092.jpg,frugiperda,6,11
frugiperda/6/11/ct_d11_093.jpg,frugiperda,6,11
frugiperda/6/11/ct_d11_094.jpg,frugiperda,6,11
frugiperda/6/11/ct_d11_095.jpg,frugiperda,6,11
frugiperda/6/11/ct_d11_096.jpg,frugiperda,6,11
frugiperda/6/11/ct_d11_097.jpg,frugiperda,6,11
frugiperda/6/11/ct_d11_098.jpg,frugiperda,6,11
frugiperda/6/11/ct_d11_099.jpg,frugiperda,6,11
frugiperda/6/11/ct_d11_100.jpg,frugiperda,6,11
frugiperda/6/11/ct_d11_101.jpg,frugiperda,6,11
frugiperda/6/11/ct_d11_102.jpg,frugiperda,6,11
frugiperda/6/11/ct_d11_103.jpg,frugiperda,6,11
frugiperda/6/11/ct_d11_104.jpg,frugiperda,6,11
frugiperda/6/11/ct_d11_105.jpg,frugiperda,6,11
frugiperda/6/11/ct_d11_106.jpg,frugiperda,6,11
frugiperda/6/11/ct_d11_107.jpg,frugiperda,6,11
frugiperda/6/11/ct_d11_108.jpg,frugiperda,6,11
frugiperda/6/11/ct_d11_109.jpg,frugiperda,6,11
frugiperda/6/11/ct_d11_110.jpg,frugiperda,6,11
frugiperda/6/11/ct_d11_111.jpg,frugiperda,6,11
frugiperda/6/11/ct_d11_112.jpg,frugiperda,6,11
frugiperda/6/11/ct_d11_113.jpg,frugiperda,6,11
frugiperda/6/11/ct_d11_114.jpg,frugiperda,6,11
frugiperda/6/11/ct_d11_115.jpg,frugiperda,6,11
frugiperda/6/11/ct_d11_116.jpg,frugiperda,6,11
frugiperda/6/11/ct_d11_117.jpg,frugiperda,6,11
frugiperda/6/11/ct_d11_118.jpg,frugiperda,6,11
frugiperda/6/11/ct_d11_119.jpg,frugiperda,6,11
frugiperda/6/11/ct_d11_120.jpg,frugiperda,6,11
frugiperda/6/11/ct_d11_121.jpg,frugiperda,6,11
frugiperda/6/11/ct_d11_122.jpg,frugiperda,6,11
frugiperda/6/11/ct_d11_123.jpg,frugiperda,6,11
frugiperda/6/11/ct_d11_124.jpg,frugiperda,6,11
frugiperda/6/11/ct_d11_125.jpg,frugiperda,6,11
frugiperda/6/11/ct_d11_126.jpg,frugiperda,6,11
frugiperda/6/11/ct_d11_127.jpg,frugiperda,6,11
frugiperda/6/11/ct_d11_128.jpg,frugiperda,6,11
frugiperda/6/11/ct_d11_129.jpg,frugiperda,6,11
frugiperda/6/11/ct_d11_130.jpg,frugiperda,6,11
frugiperda/6/11/ct_d11_131.jpg,frugiperda,6,11
frugiperda/6/11/ct_d11_132.jpg,frugiperda,6,11
frugiperda/6/11/ct_d11_133.jpg,frugiperda,6,11
frugiperda/6/11/ct_d11_134.jpg,frugiperda,6,11
frugiperda/6/11/ct_d11_135.jpg,frugiperda,6,11
frugiperda/6/11/ct_d11_136.jpg,frugiperda,6,11
frugiperda/6/11/ct_d11_137.jpg,frugiperda,6,11
frugiperda/6/11/ct_d11_138.jpg,frugiperda,6,11
frugiperda/6/11/ct_d11_139.jpg,frugiperda,6,11
frugiperda/6/11/ct_d11_140.jpg,frugiperda,6,11
frugiperda/6/11/ct_d11_141.jpg,frugiperda,6,11
frugiperda/6/11/ct_d11_142.jpg,frugiperda,6,11
frugiperda/6/11/ct_d11_143.jpg,frugiperda,6,11
frugiperda/6/11/ct_d11_144.jpg,frugiperda,6,11
frugiperda/6/11/ct_d11_145.jpg,frugiperda,6,11
frugiperda/6/11/ct_d11_146.jpg,frugiperda,6,11
frugiperda/6/11/ct_d11_147.jpg,frugiperda,6,11
frugiperda/6/11/ct_d11_148.jpg,frugiperda,6,11
frugiperda/6/11/ct_d11_149.jpg,frugiperda,6,11
frugiperda/6/11/ct_d11_150.jpg,frugiperda,6,11
frugiperda/6/11/ct_d11_151.jpg,frugiperda,6,11
frugiperda/6/11/ct_d11_152.jpg,frugiperda,6,11
frugiperda/6/11/ct_d11_153.jpg,frugiperda,6,11
frugiperda/6/11/ct_d11_154.jpg,frugiperda,6,11
frugiperda/6/11/ct_d11_155.jpg,frugiperda,6,11
frugiperda/6/11/ct_d11_156.jpg,frugiperda,6,11
frugiperda/6/11/ct_d11_157.jpg,frugiperda,6,11
frugiperda/6/11/ct_d11_158.jpg,frugiperda,6,11
frugiperda/6/11/ct_d11_159.jpg,frugiperda,6,11
frugiperda/6/11/ct_d11_160.jpg,frugiperda,6,11
frugiperda/6/11/ct_d11_161.jpg,frugiperda,6,11
frugiperda/6/11/ct_d11_162.jpg,frugiperda,6,11
frugiperda/6/11/ct_d11_163.jpg,frugiperda,6,11
frugiperda/6/11/ct_d11_164.jpg,frugiperda,6,11
frugiperda/6/11/ct_d11_165.jpg,frugiperda,6,11
frugiperda/6/11/ct_d11_166.jpg,frugiperda,6,11
frugiperda/6/11/ct_d11_167.jpg,frugiperda,6,11
frugiperda/6/11/ct_d11_168.jpg,frugiperda,6,11
frugiperda/6/11/ct_d11_169.jpg,frugiperda,6,11
frugiperda/6/11/ct_d11_170.jpg,frugiperda,6,11
frugiperda/6/11/ct_d11_171.jpg,frugiperda,6,11
frugiperda/6/11/ct_d11_172.jpg,frugiperda,6,11
frugiperda/6/11/ct_d11_173.jpg,frugiperda,6,11
frugiperda/6/11/ct_d11_174.jpg,frugiperda,6,11
frugiperda/6/11/ct_d11_175.jpg,frugiperda,6,11
frugiperda/6/11/ct_d11_176.jpg,frugiperda,6,11
frugiperda/6/11/ct_d11_177.jpg,frugiperda,6,11
frugiperda/6/11/ct_d11_178.jpg,frugiperda,6,11
frugiperda/6/11/ct_d11_179.jpg,frugiperda,6,11
frugiperda/6/11/ct_d11_180.jpg,frugiperda,6,11
frugiperda/6/11/ct_d11_181.jpg,frugiperda,6,11
frugiperda/6/11/ct_d11_182.jpg,frugiperda,6,11
frugiperda/6/11/ct_d11_183.jpg,frugiperda,6,11
frugiperda/6/11/ct_d11_184.jpg,frugiperda,6,11
frugiperda/6/11/ct_d11_185.jpg,frugiperda,6,11
frugiperda/6/11/ct_d11_186.jpg,frugiperda,6,11
frugiperda/6/11/ct_d11_187.jpg,frugiperda,6,11
frugiperda/6/11/ct_d11_188.jpg,frugiperda,6,11
frugiperda/6/11/ct_d11_189.jpg,frugiperda,6,11
frugiperda/6/11/ct_d11_190.jpg,frugiperda,6,11
frugiperda/6/11/ct_d11_191.jpg,frugiperda,6,11
frugiperda/6/11/ct_d11_192.jpg,frugiperda,6,11
frugiperda/6/11/ct_d11_193.jpg,frugiperda,6,11
frugiperda/6/11/ct_d11_194.jpg,frugiperda,6,11
frugiperda/6/11/ct_d11_195.jpg,frugiperda,6,11
frugiperda/6/11/ct_d11_196.jpg,frugiperda,6,11
frugiperda/6/11/ct_d11_197.jpg,frugiperda,6,11
frugiperda/6/11/ct_d11_198.jpg,frugiperda,6,11
frugiperda/6/11/ct_d11_199.jpg,frugiperda,6,11
frugiperda/6/11/ct_d11_200.jpg,frugiperda,6,11
frugiperda/6/11/ct_d11_201.jpg,frugiperda,6,11
frugiperda/6/11/ct_d11_202.jpg,frugiperda,6,11
frugiperda/6/11/ct_d11_203.jpg,frugiperda,6,11
frugiperda/6/11/ct_d11_204.jpg,frugiperda,6,11
frugiperda/6/11/ct_d11_205.jpg,frugiperda,6,11
frugiperda/6/11/ct_d11_206.jpg,frugiperda,6,11
frugiperda/6/11/ct_d11_207.jpg,frugiperda,6,11
frugiperda/6/11/ct_d11_208.jpg,frugiperda,6,11
frugiperda/6/11/ct_d11_209.jpg,frugiperda,6,11
frugiperda/6/11/ct_d11_210.jpg,frugiperda,6,11
frugiperda/6/11/ct_d11_211.jpg,frugiperda,6,11
frugiperda/6/11/ct_d11_212.jpg,frugiperda,6,11
frugiperda/6/11/ct_d11_213.jpg,frugiperda,6,11
frugiperda/6/11/ct_d11_214.jpg,frugiperda,6,11
frugiperda/6/11/ct_d11_215.jpg,frugiperda,6,11
frugiperda/6/11/ct_d11_216.jpg,frugiperda,6,11
frugiperda/6/11/ct_d11_217.jpg,frugiperda,6,11
frugiperda/6/11/ct_d11_218.jpg,frugiperda,6,11
frugiperda/6/11/ct_d11_219.jpg,frugiperda,6,11
frugiperda/6/11/ct_d11_220.jpg,frugiperda,6,11
frugiperda/6/11/ct_d11_221.jpg,frugiperda,6,11
frugiperda/6/12/ct_d12_001.jpg,frugiperda,6,12
frugiperda/6/12/ct_d12_002.jpg,frugiperda,6,12
frugiperda/6/12/ct_d12_003.jpg,frugiperda,6,12
frugiperda/6/12/ct_d12_004.jpg,frugiperda,6,12
frugiperda/6/12/ct_d12_005.jpg,frugiperda,6,12
frugiperda/6/12/ct_d12_006.jpg,frugiperda,6,12
frugiperda/6/12/ct_d12_007.jpg,frugiperda,6,12
frugiperda/6/12/ct_d12_008.jpg,frugiperda,6,12
frugiperda/6/12/ct_d12_009.jpg,frugiperda,6,12
frugiperda/6/12/ct_d12_010.jpg,frugiperda,6,12
frugiperda/6/12/ct_d12_011.jpg,frugiperda,6,12
frugiperda/6/12/ct_d12_012.jpg,frugiperda,6,12
frugiperda/6/12/ct_d12_013.jpg,frugiperda,6,12
frugiperda/6/12/ct_d12_014.jpg,frugiperda,6,12
frugiperda/6/12/ct_d12_015.jpg,frugiperda,6,12
frugiperda/6/12/ct_d12_016.jpg,frugiperda,6,12
frugiperda/6/12/ct_d12_017.jpg,frugiperda,6,12
frugiperda/6/12/ct_d12_018.jpg,frugiperda,6,12
frugiperda/6/12/ct_d12_019.jpg,frugiperda,6,12
frugiperda/6/12/ct_d12_020.jpg,frugiperda,6,12
frugiperda/6/12/ct_d12_021.jpg,frugiperda,6,12
frugiperda/6/12/ct_d12_022.jpg,frugiperda,6,12
frugiperda/6/12/ct_d12_023.jpg,frugiperda,6,12
frugiperda/6/12/ct_d12_024.jpg,frugiperda,6,12
frugiperda/6/12/ct_d12_025.jpg,frugiperda,6,12
frugiperda/6/12/ct_d12_026.jpg,frugiperda,6,12
frugiperda/6/12/ct_d12_027.jpg,frugiperda,6,12
frugiperda/6/12/ct_d12_028.jpg,frugiperda,6,12
frugiperda/6/12/ct_d12_029.jpg,frugiperda,6,12
frugiperda/6/12/ct_d12_030.jpg,frugiperda,6,12
frugiperda/6/12/ct_d12_031.jpg,frugiperda,6,12
frugiperda/6/12/ct_d12_032.jpg,frugiperda,6,12
frugiperda/6/12/ct_d12_033.jpg,frugiperda,6,12
frugiperda/6/12/ct_d12_034.jpg,frugiperda,6,12
frugiperda/6/12/ct_d12_035.jpg,frugiperda,6,12
frugiperda/6/12/ct_d12_036.jpg,frugiperda,6,12
frugiperda/6/12/ct_d12_037.jpg,frugiperda,6,12
frugiperda/6/12/ct_d12_038.jpg,frugiperda,6,12
frugiperda/6/12/ct_d12_039.jpg,frugiperda,6,12
frugiperda/6/12/ct_d12_040.jpg,frugiperda,6,12
frugiperda/6/12/ct_d12_041.jpg,frugiperda,6,12
frugiperda/6/12/ct_d12_042.jpg,frugiperda,6,12
frugiperda/6/12/ct_d12_043.jpg,frugiperda,6,12
frugiperda/6/12/ct_d12_044.jpg,frugiperda,6,12
frugiperda/6/12/ct_d12_045.jpg,frugiperda,6,12
frugiperda/6/12/ct_d12_046.jpg,frugiperda,6,12
frugiperda/6/12/ct_d12_047.jpg,frugiperda,6,12
frugiperda/6/12/ct_d12_048.jpg,frugiperda,6,12
frugiperda/6/12/ct_d12_049.jpg,frugiperda,6,12
frugiperda/6/12/ct_d12_050.jpg,frugiperda,6,12
frugiperda/6/12/ct_d12_051.jpg,frugiperda,6,12
frugiperda/6/12/ct_d12_052.jpg,frugiperda,6,12
frugiperda/6/12/ct_d12_053.jpg,frugiperda,6,12
frugiperda/6/12/ct_d12_054.jpg,frugiperda,6,12
frugiperda/6/12/ct_d12_055.jpg,frugiperda,6,12
frugiperda/6/12/ct_d12_056.jpg,frugiperda,6,12
frugiperda/6/12/ct_d12_057.jpg,frugiperda,6,12
frugiperda/6/12/ct_d12_058.jpg,frugiperda,6,12
frugiperda/6/12/ct_d12_059.jpg,frugiperda,6,12
frugiperda/6/12/ct_d12_060.jpg,frugiperda,6,12
frugiperda/6/12/ct_d12_061.jpg,frugiperda,6,12
frugiperda/6/12/ct_d12_062.jpg,frugiperda,6,12
frugiperda/6/12/ct_d12_063.jpg,frugiperda,6,12
frugiperda/6/12/ct_d12_064.jpg,frugiperda,6,12
frugiperda/6/12/ct_d12_065.jpg,frugiperda,6,12
frugiperda/6/12/ct_d12_066.jpg,frugiperda,6,12
frugiperda/6/12/ct_d12_067.jpg,frugiperda,6,12
frugiperda/6/12/ct_d12_068.jpg,frugiperda,6,12
frugiperda/6/12/ct_d12_069.jpg,frugiperda,6,12
frugiperda/6/12/ct_d12_070.jpg,frugiperda,6,12
frugiperda/6/12/ct_d12_071.jpg,frugiperda,6,12
frugiperda/6/12/ct_d12_072.jpg,frugiperda,6,12
frugiperda/6/12/ct_d12_073.jpg,frugiperda,6,12
frugiperda/6/12/ct_d12_074.jpg,frugiperda,6,12
frugiperda/6/12/ct_d12_075.jpg,frugiperda,6,12
frugiperda/6/12/ct_d12_076.jpg,frugiperda,6,12
frugiperda/6/12/ct_d12_077.jpg,frugiperda,6,12
frugiperda/6/12/ct_d12_078.jpg,frugiperda,6,12
frugiperda/6/12/ct_d12_079.jpg,frugiperda,6,12
frugiperda/6/12/ct_d12_080.jpg,frugiperda,6,12
frugiperda/6/12/ct_d12_081.jpg,frugiperda,6,12
frugiperda/6/12/ct_d12_082.jpg,frugiperda,6,12
frugiperda/6/12/ct_d12_083.jpg,frugiperda,6,12
frugiperda/6/12/ct_d12_084.jpg,frugiperda,6,12
frugiperda/6/12/ct_d12_085.jpg,frugiperda,6,12
frugiperda/6/12/ct_d12_086.jpg,frugiperda,6,12
frugiperda/6/12/ct_d12_087.jpg,frugiperda,6,12
frugiperda/6/12/ct_d12_088.jpg,frugiperda,6,12
frugiperda/6/12/ct_d12_089.jpg,frugiperda,6,12
frugiperda/6/12/ct_d12_090.jpg,frugiperda,6,12
frugiperda/6/12/ct_d12_091.jpg,frugiperda,6,12
frugiperda/6/12/ct_d12_092.jpg,frugiperda,6,12
frugiperda/6/12/ct_d12_093.jpg,frugiperda,6,12
frugiperda/6/12/ct_d12_094.jpg,frugiperda,6,12
frugiperda/6/12/ct_d12_095.jpg,frugiperda,6,12
frugiperda/6/12/ct_d12_096.jpg,frugiperda,6,12
frugiperda/6/12/ct_d12_097.jpg,frugiperda,6,12
frugiperda/6/12/ct_d12_098.jpg,frugiperda,6,12
frugiperda/6/12/ct_d12_099.jpg,frugiperda,6,12
frugiperda/6/12/ct_d12_100.jpg,frugiperda,6,12
frugiperda/6/12/ct_d12_101.jpg,frugiperda,6,12
frugiperda/6/12/ct_d12_102.jpg,frugiperda,6,12
frugiperda/6/12/ct_d12_103.jpg,frugiperda,6,12
frugiperda/6/12/ct_d12_104.jpg,frugiperda,6,12
frugiperda/6/12/ct_d12_105.jpg,frugiperda,6,12
frugiperda/6/12/ct_d12_106.jpg,frugiperda,6,12
frugiperda/6/12/ct_d12_107.jpg,frugiperda,6,12
frugiperda/6/12/ct_d12_108.jpg,frugiperda,6,12
frugiperda/6/12/ct_d12_109.jpg,frugiperda,6,12
frugiperda/6/12/ct_d12_110.jpg,frugiperda,6,12
frugiperda/6/12/ct_d12_111.jpg,frugiperda,6,12
frugiperda/6/12/ct_d12_112.jpg,frugiperda,6,12
frugiperda/6/12/ct_d12_113.jpg,frugiperda,6,12
frugiperda/6/12/ct_d12_114.jpg,frugiperda,6,12
frugiperda/6/12/ct_d12_115.jpg,frugiperda,6,12
frugiperda/6/12/ct_d12_116.jpg,frugiperda,6,12
frugiperda/6/12/ct_d12_117.jpg,frugiperda,6,12
frugiperda/6/12/ct_d12_118.jpg,frugiperda,6,12
frugiperda/6/12/ct_d12_119.jpg,frugiperda,6,12
frugiperda/6/12/ct_d12_120.jpg,frugiperda,6,12
frugiperda/6/12/ct_d12_121.jpg,frugiperda,6,12
frugiperda/6/12/ct_d12_122.jpg,frugiperda,6,12
frugiperda/6/12/ct_d12_123.jpg,frugiperda,6,12
frugiperda/6/12/ct_d12_124.jpg,frugiperda,6,12
frugiperda/6/12/ct_d12_125.jpg,frugiperda,6,12
frugiperda/6/12/ct_d12_126.jpg,frugiperda,6,12
frugiperda/6/12/ct_d12_127.jpg,frugiperda,6,12
frugiperda/6/12/ct_d12_128.jpg,frugiperda,6,12
frugiperda/6/12/ct_d12_129.jpg,frugiperda,6,12
frugiperda/6/12/ct_d12_130.jpg,frugiperda,6,12
frugiperda/6/12/ct_d12_131.jpg,frugiperda,6,12
frugiperda/6/12/ct_d12_132.jpg,frugiperda,6,12
frugiperda/6/12/ct_d12_133.jpg,frugiperda,6,12
frugiperda/6/12/ct_d12_134.jpg,frugiperda,6,12
frugiperda/6/12/ct_d12_135.jpg,frugiperda,6,12
frugiperda/6/12/ct_d12_136.jpg,frugiperda,6,12
frugiperda/6/12/ct_d12_137.jpg,frugiperda,6,12
frugiperda/6/12/ct_d12_138.jpg,frugiperda,6,12
frugiperda/6/12/ct_d12_139.jpg,frugiperda,6,12
frugiperda/6/12/ct_d12_140.jpg,frugiperda,6,12
frugiperda/6/12/ct_d12_141.jpg,frugiperda,6,12
frugiperda/6/12/ct_d12_142.jpg,frugiperda,6,12
frugiperda/6/12/ct_d12_143.jpg,frugiperda,6,12
frugiperda/6/12/ct_d12_144.jpg,frugiperda,6,12
frugiperda/6/12/ct_d12_145.jpg,frugiperda,6,12
frugiperda/6/12/ct_d12_146.jpg,frugiperda,6,12
frugiperda/6/12/ct_d12_147.jpg,frugiperda,6,12
frugiperda/6/12/ct_d12_148.jpg,frugiperda,6,12
frugiperda/6/12/ct_d12_149.jpg,frugiperda,6,12
frugiperda/6/12/ct_d12_150.jpg,frugiperda,6,12
frugiperda/6/12/ct_d12_151.jpg,frugiperda,6,12
frugiperda/6/12/ct_d12_152.jpg,frugiperda,6,12
frugiperda/6/12/ct_d12_153.jpg,frugiperda,6,12
frugiperda/6/12/ct_d12_154.jpg,frugiperda,6,12
frugiperda/6/12/ct_d12_155.jpg,frugiperda,6,12
frugiperda/6/12/ct_d12_156.jpg,frugiperda,6,12
frugiperda/6/12/ct_d12_157.jpg,frugiperda,6,12
frugiperda/6/12/ct_d12_158.jpg,frugiperda,6,12
frugiperda/6/12/ct_d12_159.jpg,frugiperda,6,12
frugiperda/6/12/ct_d12_160.jpg,frugiperda,6,12
frugiperda/6/12/ct_d12_161.jpg,frugiperda,6,12
frugiperda/6/12/ct_d12_162.jpg,frugiperda,6,12
frugiperda/6/12/ct_d12_163.jpg,frugiperda,6,12
frugiperda/6/12/ct_d12_164.jpg,frugiperda,6,12
frugiperda/6/12/ct_d12_165.jpg,frugiperda,6,12
frugiperda/6/12/ct_d12_166.jpg,frugiperda,6,12
frugiperda/6/12/ct_d12_167.jpg,frugiperda,6,12
frugiperda/6/12/ct_d12_168.jpg,frugiperda,6,12
frugiperda/6/12/ct_d12_169.jpg,frugiperda,6,12
frugiperda/6/12/ct_d12_170.jpg,frugiperda,6,12
frugiperda/6/12/ct_d12_171.jpg,frugiperda,6,12
frugiperda/6/12/ct_d12_172.jpg,frugiperda,6,12
frugiperda/6/12/ct_d12_173.jpg,frugiperda,6,12
frugiperda/6/12/ct_d12_174.jpg,frugiperda,6,12
frugiperda/6/12/ct_d12_175.jpg,frugiperda,6,12
frugiperda/6/12/ct_d12_176.jpg,frugiperda,6,12
frugiperda/6/12/ct_d12_177.jpg,frugiperda,6,12
frugiperda/6/12/ct_d12_178.jpg,frugiperda,6,12
frugiperda/6/12/ct_d12_179.jpg,frugiperda,6,12
frugiperda/6/12/ct_d12_180.jpg,frugiperda,6,12
frugiperda/6/12/ct_d12_181.jpg,frugiperda,6,12
frugiperda/6/12/ct_d12_182.jpg,frugiperda,6,12
frugiperda/6/12/ct_d12_183.jpg,frugiperda,6,12
frugiperda/6/12/ct_d12_184.jpg,frugiperda,6,12
frugiperda/6/12/ct_d12_185.jpg,frugiperda,6,12
frugiperda/6/12/ct_d12_186.jpg,frugiperda,6,12
frugiperda/6/12/ct_d12_187.jpg,frugiperda,6,12
frugiperda/6/12/ct_d12_188.jpg,frugiperda,6,12
frugiperda/6/12/ct_d12_189.jpg,frugiperda,6,12
frugiperda/6/12/ct_d12_190.jpg,frugiperda,6,12
frugiperda/6/12/ct_d12_191.jpg,frugiperda,6,12
frugiperda/6/12/ct_d12_192.jpg,frugiperda,6,12
frugiperda/6/12/ct_d12_193.jpg,frugiperda,6,12
frugiperda/6/12/ct_d12_194.jpg,frugiperda,6,12
frugiperda/6/12/ct_d12_195.jpg,frugiperda,6,12
frugiperda/6/12/ct_d12_196.jpg,frugiperda,6,12
frugiperda/6/12/ct_d12_197.jpg,frugiperda,6,12
frugiperda/6/12/ct_d12_198.jpg,frugiperda,6,12
frugiperda/6/12/ct_d12_199.jpg,frugiperda,6,12
frugiperda/6/12/ct_d12_200.jpg,frugiperda,6,12
frugiperda/6/12/ct_d12_201.jpg,frugiperda,6,12
frugiperda/6/12/ct_d12_202.jpg,frugiperda,6,12
frugiperda/6/12/ct_d12_203.jpg,frugiperda,6,12
frugiperda/6/12/ct_d12_204.jpg,frugiperda,6,12
frugiperda/6/12/ct_d12_205.jpg,frugiperda,6,12
frugiperda/6/12/ct_d12_206.jpg,frugiperda,6,12
frugiperda/6/12/ct_d12_207.jpg,frugiperda,6,12
frugiperda/6/12/ct_d12_208.jpg,frugiperda,6,12
frugiperda/6/12/ct_d12_209.jpg,frugiperda,6,12
frugiperda/6/12/ct_d12_210.jpg,frugiperda,6,12
frugiperda/6/12/ct_d12_211.jpg,frugiperda,6,12
frugiperda/6/12/ct_d12_212.jpg,frugiperda,6,12
frugiperda/6/12/ct_d12_213.jpg,frugiperda,6,12
frugiperda/6/12/ct_d12_214.jpg,frugiperda,6,12
frugiperda/6/12/ct_d12_215.jpg,frugiperda,6,12
frugiperda/6/12/ct_d12_216.jpg,frugiperda,6,12
frugiperda/6/12/ct_d12_217.jpg,frugiperda,6,12
frugiperda/6/12/ct_d12_218.jpg,frugiperda,6,12
frugiperda/6/12/ct_d12_219.jpg,frugiperda,6,12
frugiperda/6/12/ct_d12_220.jpg,frugiperda,6,12
frugiperda/6/12/ct_d12_221.jpg,frugiperda,6,12
frugiperda/6/12/ct_d12_222.jpg,frugiperda,6,12
frugiperda/6/12/ct_d12_223.jpg,frugiperda,6,12
frugiperda/6/12/ct_d12_224.jpg,frugiperda,6,12
frugiperda/6/12/ct_d12_225.jpg,frugiperda,6,12
frugiperda/6/12/ct_d12_226.jpg,frugiperda,6,12
frugiperda/6/12/ct_d12_227.jpg,frugiperda,6,12
frugiperda/6/12/ct_d12_228.jpg,frugiperda,6,12
frugiperda/6/12/ct_d12_229.jpg,frugiperda,6,12
frugiperda/6/12/ct_d12_230.jpg,frugiperda,6,12
frugiperda/6/12/ct_d12_231.jpg,frugiperda,6,12
litura/1/0/xw_d0_001.jpg,litura,1,0
litura/1/0/xw_d0_002.jpg,litura,1,0
litura/1/0/xw_d0_003.jpg,litura,1,0
litura/1/0/xw_d0_004.jpg,litura,1,0
litura/1/0/xw_d0_005.jpg,litura,1,0
litura/1/0/xw_d0_006.jpg,litura,1,0
litura/1/0/xw_d0_007.jpg,litura,1,0
litura/1/0/xw_d0_008.jpg,litura,1,0
litura/1/0/xw_d0_009.jpg,litura,1,0
litura/1/0/xw_d0_010.jpg,litura,1,0
litura/1/0/xw_d0_011.jpg,litura,1,0
litura/1/0/xw_d0_012.jpg,litura,1,0
litura/1/0/xw_d0_013.jpg,litura,1,0
litura/1/0/xw_d0_014.jpg,litura,1,0
litura/1/0/xw_d0_015.jpg,litura,1,0
litura/1/0/xw_d0_016.jpg,litura,1,0
litura/1/0/xw_d0_017.jpg,litura,1,0
litura/1/0/xw_d0_018.jpg,litura,1,0
litura/1/0/xw_d0_019.jpg,litura,1,0
litura/1/0/xw_d0_020.jpg,litura,1,0
litura/1/0/xw_d0_021.jpg,litura,1,0
litura/1/0/xw_d0_022.jpg,litura,1,0
litura/1/0/xw_d0_023.jpg,litura,1,0
litura/1/0/xw_d0_024.jpg,litura,1,0
litura/1/0/xw_d0_025.jpg,litura,1,0
litura/1/0/xw_d0_026.jpg,litura,1,0
litura/1/0/xw_d0_027.jpg,litura,1,0
litura/1/0/xw_d0_028.jpg,litura,1,0
litura/1/0/xw_d0_029.jpg,litura,1,0
litura/1/0/xw_d0_030.jpg,litura,1,0
litura/1/0/xw_d0_031.jpg,litura,1,0
litura/1/0/xw_d0_032.jpg,litura,1,0
litura/1/0/xw_d0_033.jpg,litura,1,0
litura/1/0/xw_d0_034.jpg,litura,1,0
litura/1/0/xw_d0_035.jpg,litura,1,0
litura/1/0/xw_d0_036.jpg,litura,1,0
litura/1/0/xw_d0_037.jpg,litura,1,0
litura/1/0/xw_d0_038.jpg,litura,1,0
litura/1/0/xw_d0_039.jpg,litura,1,0
litura/1/0/xw_d0_040.jpg,litura,1,0
litura/1/0/xw_d0_041.jpg,litura,1,0
litura/1/0/xw_d0_042.jpg,litura,1,0
litura/1/0/xw_d0_043.jpg,litura,1,0
litura/1/0/xw_d0_044.jpg,litura,1,0
litura/1/0/xw_d0_045.jpg,litura,1,0
litura/1/0/xw_d0_046.jpg,litura,1,0
litura/1/0/xw_d0_047.jpg,litura,1,0
litura/1/0/xw_d0_048.jpg,litura,1,0
litura/1/0/xw_d0_049.jpg,litura,1,0
litura/1/0/xw_d0_050.jpg,litura,1,0
litura/1/0/xw_d0_051.jpg,litura,1,0
litura/1/0/xw_d0_052.jpg,litura,1,0
litura/1/0/xw_d0_053.jpg,litura,1,0
litura/1/0/xw_d0_054.jpg,litura,1,0
litura/1/0/xw_d0_055.jpg,litura,1,0
litura/1/0/xw_d0_056.jpg,litura,1,0
litura/1/0/xw_d0_057.jpg,litura,1,0
litura/1/0/xw_d0_058.jpg,litura,1,0
litura/1/0/xw_d0_059.jpg,litura,1,0
litura/1/0/xw_d0_060.jpg,litura,1,0
litura/1/0/xw_d0_061.jpg,litura,1,0
litura/1/0/xw_d0_062.jpg,litura,1,0
litura/1/0/xw_d0_063.jpg,litura,1,0
litura/1/0/xw_d0_064.jpg,litura,1,0
litura/1/0/xw_d0_065.jpg,litura,1,0
litura/1/0/xw_d0_066.jpg,litura,1,0
litura/1/0/xw_d0_067.jpg,litura,1,0
litura/1/0/xw_d0_068.jpg,litura,1,0
litura/1/0/xw_d0_069.jpg,litura,1,0
litura/1/0/xw_d0_070.jpg,litura,1,0
litura/1/0/xw_d0_071.jpg,litura,1,0
litura/1/0/xw_d0_072.jpg,litura,1,0
litura/1/0/xw_d0_073.jpg,litura,1,0
litura/1/0/xw_d0_074.jpg,litura,1,0
litura/1/0/xw_d0_075.jpg,litura,1,0
litura/1/0/xw_d0_076.jpg,litura,1,0
litura/1/0/xw_d0_077.jpg,litura,1,0
litura/1/0/xw_d0_078.jpg,litura,1,0
litura/1/0/xw_d0_079.jpg,litura,1,0
litura/1/0/xw_d0_080.jpg,litura,1,0
litura/1/0/xw_d0_081.jpg,litura,1,0
litura/1/0/xw_d0_082.jpg,litura,1,0
litura/1/0/xw_d0_083.jpg,litura,1,0
litura/1/0/xw_d0_084.jpg,litura,1,0
litura/1/0/xw_d0_085.jpg,litura,1,0
litura/1/0/xw_d0_086.jpg,litura,1,0
litura/1/0/xw_d0_087.jpg,litura,1,0
litura/1/0/xw_d0_088.jpg,litura,1,0
litura/1/0/xw_d0_089.jpg,litura,1,0
litura/1/0/xw_d0_090.jpg,litura,1,0
litura/1/0/xw_d0_091.jpg,litura,1,0
litura/1/0/xw_d0_092.jpg,litura,1,0
litura/1/0/xw_d0_093.jpg,litura,1,0
litura/1/0/xw_d0_094.jpg,litura,1,0
litura/1/0/xw_d0_095.jpg,litura,1,0
litura/1/0/xw_d0_096.jpg,litura,1,0
litura/1/0/xw_d0_097.jpg,litura,1,0
litura/1/0/xw_d0_098.jpg,litura,1,0
litura/1/0/xw_d0_099.jpg,litura,1,0
litura/1/0/xw_d0_100.jpg,litura,1,0
litura/1/0/xw_d0_101.jpg,litura,1,0
litura/1/0/xw_d0_102.jpg,litura,1,0
litura/1/0/xw_d0_103.jpg,litura,1,0
litura/1/0/xw_d0_104.jpg,litura,1,0
litura/1/0/xw_d0_105.jpg,litura,1,0
litura/1/0/xw_d0_106.jpg,litura,1,0
litura/1/0/xw_d0_107.jpg,litura,1,0
litura/1/0/xw_d0_108.jpg,litura,1,0
litura/1/0/xw_d0_109.jpg,litura,1,0
litura/1/0/xw_d0_110.jpg,litura,1,0
litura/1/0/xw_d0_111.jpg,litura,1,0
litura/1/0/xw_d0_112.jpg,litura,1,0
litura/1/0/xw_d0_113.jpg,litura,1,0
litura/1/0/xw_d0_114.jpg,litura,1,0
litura/1/0/xw_d0_115.jpg,litura,1,0
litura/1/0/xw_d0_116.jpg,litura,1,0
litura/1/0/xw_d0_117.jpg,litura,1,0
litura/1/0/xw_d0_118.jpg,litura,1,0
litura/1/0/xw_d0_119.jpg,litura,1,0
litura/1/0/xw_d0_120.jpg,litura,1,0
litura/1/0/xw_d0_121.jpg,litura,1,0
litura/1/0/xw_d0_122.jpg,litura,1,0
litura/1/0/xw_d0_123.jpg,litura,1,0
litura/1/0/xw_d0_124.jpg,litura,1,0
litura/1/0/xw_d0_125.jpg,litura,1,0
litura/1/0/xw_d0_126.jpg,litura,1,0
litura/1/0/xw_d0_127.jpg,litura,1,0
litura/1/0/xw_d0_128.jpg,litura,1,0
litura/1/0/xw_d0_129.jpg,litura,1,0
litura/1/0/xw_d0_130.jpg,litura,1,0
litura/1/0/xw_d0_131.jpg,litura,1,0
litura/1/0/xw_d0_132.jpg,litura,1,0
litura/1/0/xw_d0_133.jpg,litura,1,0
litura/1/0/xw_d0_134.jpg,litura,1,0
litura/1/0/xw_d0_135.jpg,litura,1,0
litura/1/0/xw_d0_136.jpg,litura,1,0
litura/1/0/xw_d0_137.jpg,litura,1,0
litura/1/0/xw_d0_138.jpg,litura,1,0
litura/1/0/xw_d0_139.jpg,litura,1,0
litura/1/0/xw_d0_140.jpg,litura,1,0
litura/1/0/xw_d0_141.jpg,litura,1,0
litura/1/0/xw_d0_142.jpg,litura,1,0
litura/1/0/xw_d0_143.jpg,litura,1,0
litura/1/0/xw_d0_144.jpg,litura,1,0
litura/1/0/xw_d0_145.jpg,litura,1,0
litura/1/0/xw_d0_146.jpg,litura,1,0
litura/1/0/xw_d0_147.jpg,litura,1,0
litura/1/0/xw_d0_148.jpg,litura,1,0
litura/1/0/xw_d0_149.jpg,litura,1,0
litura/1/0/xw_d0_150.jpg,litura,1,0
litura/1/0/xw_d0_151.jpg,litura,1,0
litura/1/0/xw_d0_152.jpg,litura,1,0
litura/1/0/xw_d0_153.jpg,litura,1,0
litura/1/0/xw_d0_154.jpg,litura,1,0
litura/1/0/xw_d0_155.jpg,litura,1,0
litura/1/0/xw_d0_156.jpg,litura,1,0
litura/1/0/xw_d0_157.jpg,litura,1,0
litura/1/0/xw_d0_158.jpg,litura,1,0
litura/1/0/xw_d0_159.jpg,litura,1,0
litura/1/0/xw_d0_160.jpg,litura,1,0
litura/1/0/xw_d0_161.jpg,litura,1,0
litura/1/0/xw_d0_162.jpg,litura,1,0
litura/1/0/xw_d0_163.jpg,litura,1,0
litura/1/0/xw_d0_164.jpg,litura,1,0
litura/1/0/xw_d0_165.jpg,litura,1,0
litura/1/0/xw_d0_166.jpg,litura,1,0
litura/1/0/xw_d0_167.jpg,litura,1,0
litura/1/0/xw_d0_168.jpg,litura,1,0
litura/1/0/xw_d0_169.jpg,litura,1,0
litura/1/0/xw_d0_170.jpg,litura,1,0
litura/1/0/xw_d0_171.jpg,litura,1,0
litura/1/0/xw_d0_172.jpg,litura,1,0
litura/1/0/xw_d0_173.jpg,litura,1,0
litura/1/0/xw_d0_174.jpg,litura,1,0
litura/1/0/xw_d0_175.jpg,litura,1,0
litura/1/0/xw_d0_176.jpg,litura,1,0
litura/1/0/xw_d0_177.jpg,litura,1,0
litura/1/0/xw_d0_178.jpg,litura,1,0
litura/1/0/xw_d0_179.jpg,litura,1,0
litura/1/0/xw_d0_180.jpg,litura,1,0
litura/1/0/xw_d0_181.jpg,litura,1,0
litura/1/0/xw_d0_182.jpg,litura,1,0
litura/1/0/xw_d0_183.jpg,litura,1,0
litura/1/0/xw_d0_184.jpg,litura,1,0
litura/1/0/xw_d0_185.jpg,litura,1,0
litura/1/0/xw_d0_186.jpg,litura,1,0
litura/1/0/xw_d0_187.jpg,litura,1,0
litura/1/0/xw_d0_188.jpg,litura,1,0
litura/1/0/xw_d0_189.jpg,litura,1,0
litura/1/0/xw_d0_190.jpg,litura,1,0
litura/1/0/xw_d0_191.jpg,litura,1,0
litura/1/0/xw_d0_192.jpg,litura,1,0
litura/1/0/xw_d0_193.jpg,litura,1,0
litura/1/0/xw_d0_194.jpg,litura,1,0
litura/1/0/xw_d0_195.jpg,litura,1,0
litura/1/0/xw_d0_196.jpg,litura,1,0
litura/1/0/xw_d0_197.jpg,litura,1,0
litura/1/0/xw_d0_198.jpg,litura,1,0
litura/1/0/xw_d0_199.jpg,litura,1,0
litura/1/0/xw_d0_200.jpg,litura,1,0
litura/1/1/xw_d1_001.jpg,litura,1,1
litura/1/1/xw_d1_002.jpg,litura,1,1
litura/1/1/xw_d1_003.jpg,litura,1,1
litura/1/1/xw_d1_004.jpg,litura,1,1
litura/1/1/xw_d1_005.jpg,litura,1,1
litura/1/1/xw_d1_006.jpg,litura,1,1
litura/1/1/xw_d1_007.jpg,litura,1,1
litura/1/1/xw_d1_008.jpg,litura,1,1
litura/1/1/xw_d1_009.jpg,litura,1,1
litura/1/1/xw_d1_010.jpg,litura,1,1
litura/1/1/xw_d1_011.jpg,litura,1,1
litura/1/1/xw_d1_012.jpg,litura,1,1
litura/1/1/xw_d1_013.jpg,litura,1,1
litura/1/1/xw_d1_014.jpg,litura,1,1
litura/1/1/xw_d1_015.jpg,litura,1,1
litura/1/1/xw_d1_016.jpg,litura,1,1
litura/1/1/xw_d1_017.jpg,litura,1,1
litura/1/1/xw_d1_018.jpg,litura,1,1
litura/1/1/xw_d1_019.jpg,litura,1,1
litura/1/1/xw_d1_020.jpg,litura,1,1
litura/1/1/xw_d1_021.jpg,litura,1,1
litura/1/1/xw_d1_022.jpg,litura,1,1
litura/1/1/xw_d1_023.jpg,litura,1,1
litura/1/1/xw_d1_024.jpg,litura,1,1
litura/1/1/xw_d1_025.jpg,litura,1,1
litura/1/1/xw_d1_026.jpg,litura,1,1
litura/1/1/xw_d1_027.jpg,litura,1,1
litura/1/1/xw_d1_028.jpg,litura,1,1
litura/1/1/xw_d1_029.jpg,litura,1,1
litura/1/1/xw_d1_030.jpg,litura,1,1
litura/1/1/xw_d1_031.jpg,litura,1,1
litura/1/1/xw_d1_032.jpg,litura,1,1
litura/1/1/xw_d1_033.jpg,litura,1,1
litura/1/1/xw_d1_034.jpg,litura,1,1
litura/1/1/xw_d1_035.jpg,litura,1,1
litura/1/1/xw_d1_036.jpg,litura,1,1
litura/1/1/xw_d1_037.jpg,litura,1,1
litura/1/1/xw_d1_038.jpg,litura,1,1
litura/1/1/xw_d1_039.jpg,litura,1,1
litura/1/1/xw_d1_040.jpg,litura,1,1
litura/1/1/xw_d1_041.jpg,litura,1,1
litura/1/1/xw_d1_042.jpg,litura,1,1
litura/1/1/xw_d1_043.jpg,litura,1,1
litura/1/1/xw_d1_044.jpg,litura,1,1
litura/1/1/xw_d1_045.jpg,litura,1,1
litura/1/1/xw_d1_046.jpg,litura,1,1
litura/1/1/xw_d1_047.jpg,litura,1,1
litura/1/1/xw_d1_048.jpg,litura,1,1
litura/1/1/xw_d1_049.jpg,litura,1,1
litura/1/1/xw_d1_050.jpg,litura,1,1
litura/1/1/xw_d1_051.jpg,litura,1,1
litura/1/1/xw_d1_052.jpg,litura,1,1
litura/1/1/xw_d1_053.jpg,litura,1,1
litura/1/1/xw_d1_054.jpg,litura,1,1
litura/1/1/xw_d1_055.jpg,litura,1,1
litura/1/1/xw_d1_056.jpg,litura,1,1
litura/1/1/xw_d1_057.jpg,litura,1,1
litura/1/1/xw_d1_058.jpg,litura,1,1
litura/1/1/xw_d1_059.jpg,litura,1,1
litura/1/1/xw_d1_060.jpg,litura,1,1
litura/1/1/xw_d1_061.jpg,litura,1,1
litura/1/1/xw_d1_062.jpg,litura,1,1
litura/1/1/xw_d1_063.jpg,litura,1,1
litura/1/1/xw_d1_064.jpg,litura,1,1
litura/1/1/xw_d1_065.jpg,litura,1,1
litura/1/1/xw_d1_066.jpg,litura,1,1
litura/1/1/xw_d1_067.jpg,litura,1,1
litura/1/1/xw_d1_068.jpg,litura,1,1
litura/1/1/xw_d1_069.jpg,litura,1,1
litura/1/1/xw_d1_070.jpg,litura,1,1
litura/1/1/xw_d1_071.jpg,litura,1,1
litura/1/1/xw_d1_072.jpg,litura,1,1
litura/1/1/xw_d1_073.jpg,litura,1,1
litura/1/1/xw_d1_074.jpg,litura,1,1
litura/1/1/xw_d1_075.jpg,litura,1,1
litura/1/1/xw_d1_076.jpg,litura,1,1
litura/1/1/xw_d1_077.jpg,litura,1,1
litura/1/1/xw_d1_078.jpg,litura,1,1
litura/1/1/xw_d1_079.jpg,litura,1,1
litura/1/1/xw_d1_080.jpg,litura,1,1
litura/1/1/xw_d1_081.jpg,litura,1,1
litura/1/1/xw_d1_082.jpg,litura,1,1
litura/1/1/xw_d1_083.jpg,litura,1,1
litura/1/1/xw_d1_084.jpg,litura,1,1
litura/1/1/xw_d1_085.jpg,litura,1,1
litura/1/1/xw_d1_086.jpg,litura,1,1
litura/1/1/xw_d1_087.jpg,litura,1,1
litura/1/1/xw_d1_088.jpg,litura,1,1
litura/1/1/xw_d1_089.jpg,litura,1,1
litura/1/1/xw_d1_090.jpg,litura,1,1
litura/1/1/xw_d1_091.jpg,litura,1,1
litura/1/1/xw_d1_092.jpg,litura,1,1
litura/1/1/xw_d1_093.jpg,litura,1,1
litura/1/1/xw_d1_094.jpg,litura,1,1
litura/1/1/xw_d1_095.jpg,litura,1,1
litura/1/1/xw_d1_096.jpg,litura,1,1
litura/1/1/xw_d1_097.jpg,litura,1,1
litura/1/1/xw_d1_098.jpg,litura,1,1
litura/1/1/xw_d1_099.jpg,litura,1,1
litura/1/1/xw_d1_100.jpg,litura,1,1
litura/1/1/xw_d1_101.jpg,litura,1,1
litura/1/1/xw_d1_102.jpg,litura,1,1
litura/1/1/xw_d1_103.jpg,litura,1,1
litura/1/1/xw_d1_104.jpg,litura,1,1
litura/1/1/xw_d1_105.jpg,litura,1,1
litura/1/1/xw_d1_106.jpg,litura,1,1
litura/1/1/xw_d1_107.jpg,litura,1,1
litura/1/1/xw_d1_108.jpg,litura,1,1
litura/1/1/xw_d1_109.jpg,litura,1,1
litura/1/1/xw_d1_110.jpg,litura,1,1
litura/1/1/xw_d1_111.jpg,litura,1,1
litura/1/1/xw_d1_112.jpg,litura,1,1
litura/1/1/xw_d1_113.jpg,litura,1,1
litura/1/1/xw_d1_114.jpg,litura,1,1
litura/1/1/xw_d1_115.jpg,litura,1,1
litura/1/1/xw_d1_116.jpg,litura,1,1
litura/1/1/xw_d1_117.jpg,litura,1,1
litura/1/1/xw_d1_118.jpg,litura,1,1
litura/1/1/xw_d1_119.jpg,litura,1,1
litura/1/1/xw_d1_120.jpg,litura,1,1
litura/1/1/xw_d1_121.jpg,litura,1,1
litura/1/1/xw_d1_122.jpg,litura,1,1
litura/1/1/xw_d1_123.jpg,litura,1,1
litura/1/1/xw_d1_124.jpg,litura,1,1
litura/1/1/xw_d1_125.jpg,litura,1,1
litura/1/1/xw_d1_126.jpg,litura,1,1
litura/1/1/xw_d1_127.jpg,litura,1,1
litura/1/1/xw_d1_128.jpg,litura,1,1
litura/1/1/xw_d1_129.jpg,litura,1,1
litura/1/1/xw_d1_130.jpg,litura,1,1
litura/1/1/xw_d1_131.jpg,litura,1,1
litura/1/1/xw_d1_132.jpg,litura,1,1
litura/1/1/xw_d1_133.jpg,litura,1,1
litura/1/1/xw_d1_134.jpg,litura,1,1
litura/1/1/xw_d1_135.jpg,litura,1,1
litura/1/1/xw_d1_136.jpg,litura,1,1
litura/1/1/xw_d1_137.jpg,litura,1,1
litura/1/1/xw_d1_138.jpg,litura,1,1
litura/1/1/xw_d1_139.jpg,litura,1,1
litura/1/1/xw_d1_140.jpg,litura,1,1
litura/1/1/xw_d1_141.jpg,litura,1,1
litura/1/1/xw_d1_142.jpg,litura,1,1
litura/1/1/xw_d1_143.jpg,litura,1,1
litura/1/1/xw_d1_144.jpg,litura,1,1
litura/1/1/xw_d1_145.jpg,litura,1,1
litura/1/1/xw_d1_146.jpg,litura,1,1
litura/1/1/xw_d1_147.jpg,litura,1,1
litura/1/1/xw_d1_148.jpg,litura,1,1
litura/1/1/xw_d1_149.jpg,litura,1,1
litura/1/1/xw_d1_150.jpg,litura,1,1
litura/1/1/xw_d1_151.jpg,litura,1,1
litura/1/1/xw_d1_152.jpg,litura,1,1
litura/1/1/xw_d1_153.jpg,litura,1,1
litura/1/1/xw_d1_154.jpg,litura,1,1
litura/1/1/xw_d1_155.jpg,litura,1,1
litura/1/1/xw_d1_156.jpg,litura,1,1
litura/1/1/xw_d1_157.jpg,litura,1,1
litura/1/1/xw_d1_158.jpg,litura,1,1
litura/1/1/xw_d1_159.jpg,litura,1,1
litura/1/1/xw_d1_160.jpg,litura,1,1
litura/1/1/xw_d1_161.jpg,litura,1,1
litura/1/1/xw_d1_162.jpg,litura,1,1
litura/1/1/xw_d1_163.jpg,litura,1,1
litura/1/1/xw_d1_164.jpg,litura,1,1
litura/1/1/xw_d1_165.jpg,litura,1,1
litura/1/1/xw_d1_166.jpg,litura,1,1
litura/1/1/xw_d1_167.jpg,litura,1,1
litura/1/1/xw_d1_168.jpg,litura,1,1
litura/1/1/xw_d1_169.jpg,litura,1,1
litura/1/1/xw_d1_170.jpg,litura,1,1
litura/1/1/xw_d1_171.jpg,litura,1,1
litura/1/1/xw_d1_172.jpg,litura,1,1
litura/1/1/xw_d1_173.jpg,litura,1,1
litura/1/1/xw_d1_174.jpg,litura,1,1
litura/1/1/xw_d1_175.jpg,litura,1,1
litura/1/1/xw_d1_176.jpg,litura,1,1
litura/1/1/xw_d1_177.jpg,litura,1,1
litura/1/1/xw_d1_178.jpg,litura,1,1
litura/1/1/xw_d1_179.jpg,litura,1,1
litura/1/1/xw_d1_180.jpg,litura,1,1
litura/1/1/xw_d1_181.jpg,litura,1,1
litura/1/1/xw_d1_182.jpg,litura,1,1
litura/1/1/xw_d1_183.jpg,litura,1,1
litura/1/1/xw_d1_184.jpg,litura,1,1
litura/1/1/xw_d1_185.jpg,litura,1,1
litura/1/1/xw_d1_186.jpg,litura,1,1
litura/1/1/xw_d1_187.jpg,litura,1,1
litura/1/1/xw_d1_188.jpg,litura,1,1
litura/1/1/xw_d1_189.jpg,litura,1,1
litura/1/1/xw_d1_190.jpg,litura,1,1
litura/1/1/xw_d1_191.jpg,litura,1,1
litura/1/1/xw_d1_192.jpg,litura,1,1
litura/1/1/xw_d1_193.jpg,litura,1,1
litura/1/1/xw_d1_194.jpg,litura,1,1
litura/1/1/xw_d1_195.jpg,litura,1,1
litura/1/1/xw_d1_196.jpg,litura,1,1
litura/1/1/xw_d1_197.jpg,litura,1,1
litura/1/1/xw_d1_198.jpg,litura,1,1
litura/1/1/xw_d1_199.jpg,litura,1,1
litura/1/1/xw_d1_200.jpg,litura,1,1
litura/1/2/xw_d2_001.jpg,litura,1,2
litura/1/2/xw_d2_002.jpg,litura,1,2
litura/1/2/xw_d2_003.jpg,litura,1,2
litura/1/2/xw_d2_004.jpg,litura,1,2
litura/1/2/xw_d2_005.jpg,litura,1,2
litura/1/2/xw_d2_006.jpg,litura,1,2
litura/1/2/xw_d2_007.jpg,litura,1,2
litura/1/2/xw_d2_008.jpg,litura,1,2
litura/1/2/xw_d2_009.jpg,litura,1,2
litura/1/2/xw_d2_010.jpg,litura,1,2
litura/1/2/xw_d2_011.jpg,litura,1,2
litura/1/2/xw_d2_012.jpg,litura,1,2
litura/1/2/xw_d2_013.jpg,litura,1,2
litura/1/2/xw_d2_014.jpg,litura,1,2
litura/1/2/xw_d2_015.jpg,litura,1,2
litura/1/2/xw_d2_016.jpg,litura,1,2
litura/1/2/xw_d2_017.jpg,litura,1,2
litura/1/2/xw_d2_018.jpg,litura,1,2
litura/1/2/xw_d2_019.jpg,litura,1,2
litura/1/2/xw_d2_020.jpg,litura,1,2
litura/1/2/xw_d2_021.jpg,litura,1,2
litura/1/2/xw_d2_022.jpg,litura,1,2
litura/1/2/xw_d2_023.jpg,litura,1,2
litura/1/2/xw_d2_024.jpg,litura,1,2
litura/1/2/xw_d2_025.jpg,litura,1,2
litura/1/2/xw_d2_026.jpg,litura,1,2
litura/1/2/xw_d2_027.jpg,litura,1,2
litura/1/2/xw_d2_028.jpg,litura,1,2
litura/1/2/xw_d2_029.jpg,litura,1,2
litura/1/2/xw_d2_030.jpg,litura,1,2
litura/1/2/xw_d2_031.jpg,litura,1,2
litura/1/2/xw_d2_032.jpg,litura,1,2
litura/1/2/xw_d2_033.jpg,litura,1,2
litura/1/2/xw_d2_034.jpg,litura,1,2
litura/1/2/xw_d2_035.jpg,litura,1,2
litura/1/2/xw_d2_036.jpg,litura,1,2
litura/1/2/xw_d2_037.jpg,litura,1,2
litura/1/2/xw_d2_038.jpg,litura,1,2
litura/1/2/xw_d2_039.jpg,litura,1,2
litura/1/2/xw_d2_040.jpg,litura,1,2
litura/1/2/xw_d2_041.jpg,litura,1,2
litura/1/2/xw_d2_042.jpg,litura,1,2
litura/1/2/xw_d2_043.jpg,litura,1,2
litura/1/2/xw_d2_044.jpg,litura,1,2
litura/1/2/xw_d2_045.jpg,litura,1,2
litura/1/2/xw_d2_046.jpg,litura,1,2
litura/1/2/xw_d2_047.jpg,litura,1,2
litura/1/2/xw_d2_048.jpg,litura,1,2
litura/1/2/xw_d2_049.jpg,litura,1,2
litura/1/2/xw_d2_050.jpg,litura,1,2
litura/1/2/xw_d2_051.jpg,litura,1,2
litura/1/2/xw_d2_052.jpg,litura,1,2
litura/1/2/xw_d2_053.jpg,litura,1,2
litura/1/2/xw_d2_054.jpg,litura,1,2
litura/1/2/xw_d2_055.jpg,litura,1,2
litura/1/2/xw_d2_056.jpg,litura,1,2
litura/1/2/xw_d2_057.jpg,litura,1,2
litura/1/2/xw_d2_058.jpg,litura,1,2
litura/1/2/xw_d2_059.jpg,litura,1,2
litura/1/2/xw_d2_060.jpg,litura,1,2
litura/1/2/xw_d2_061.jpg,litura,1,2
litura/1/2/xw_d2_062.jpg,litura,1,2
litura/1/2/xw_d2_063.jpg,litura,1,2
litura/1/2/xw_d2_064.jpg,litura,1,2
litura/1/2/xw_d2_065.jpg,litura,1,2
litura/1/2/xw_d2_066.jpg,litura,1,2
litura/1/2/xw_d2_067.jpg,litura,1,2
litura/1/2/xw_d2_068.jpg,litura,1,2
litura/1/2/xw_d2_069.jpg,litura,1,2
litura/1/2/xw_d2_070.jpg,litura,1,2
litura/1/2/xw_d2_071.jpg,litura,1,2
litura/1/2/xw_d2_072.jpg,litura,1,2
litura/1/2/xw_d2_073.jpg,litura,1,2
litura/1/2/xw_d2_074.jpg,litura,1,2
litura/1/2/xw_d2_075.jpg,litura,1,2
litura/1/2/xw_d2_076.jpg,litura,1,2
litura/1/2/xw_d2_077.jpg,litura,1,2
litura/1/2/xw_d2_078.jpg,litura,1,2
litura/1/2/xw_d2_079.jpg,litura,1,2
litura/1/2/xw_d2_080.jpg,litura,1,2
litura/1/2/xw_d2_081.jpg,litura,1,2
litura/1/2/xw_d2_082.jpg,litura,1,2
litura/1/2/xw_d2_083.jpg,litura,1,2
litura/1/2/xw_d2_084.jpg,litura,1,2
litura/1/2/xw_d2_085.jpg,litura,1,2
litura/1/2/xw_d2_086.jpg,litura,1,2
litura/1/2/xw_d2_087.jpg,litura,1,2
litura/1/2/xw_d2_088.jpg,litura,1,2
litura/1/2/xw_d2_089.jpg,litura,1,2
litura/1/2/xw_d2_090.jpg,litura,1,2
litura/1/2/xw_d2_091.jpg,litura,1,2
litura/1/2/xw_d2_092.jpg,litura,1,2
litura/1/2/xw_d2_093.jpg,litura,1,2
litura/1/2/xw_d2_094.jpg,litura,1,2
litura/1/2/xw_d2_095.jpg,litura,1,2
litura/1/2/xw_d2_096.jpg,litura,1,2
litura/1/2/xw_d2_097.jpg,litura,1,2
litura/1/2/xw_d2_098.jpg,litura,1,2
litura/1/2/xw_d2_099.jpg,litura,1,2
litura/1/2/xw_d2_100.jpg,litura,1,2
litura/1/2/xw_d2_101.jpg,litura,1,2
litura/1/2/xw_d2_102.jpg,litura,1,2
litura/1/2/xw_d2_103.jpg,litura,1,2
litura/1/2/xw_d2_104.jpg,litura,1,2
litura/1/2/xw_d2_105.jpg,litura,1,2
litura/1/2/xw_d2_106.jpg,litura,1,2
litura/1/2/xw_d2_107.jpg,litura,1,2
litura/1/2/xw_d2_108.jpg,litura,1,2
litura/1/2/xw_d2_109.jpg,litura,1,2
litura/1/2/xw_d2_110.jpg,litura,1,2
litura/1/2/xw_d2_111.jpg,litura,1,2
litura/1/2/xw_d2_112.jpg,litura,1,2
litura/1/2/xw_d2_113.jpg,litura,1,2
litura/1/2/xw_d2_114.jpg,litura,1,2
litura/1/2/xw_d2_115.jpg,litura,1,2
litura/1/2/xw_d2_116.jpg,litura,1,2
litura/1/2/xw_d2_117.jpg,litura,1,2
litura/1/2/xw_d2_118.jpg,litura,1,2
litura/1/2/xw_d2_119.jpg,litura,1,2
litura/1/2/xw_d2_120.jpg,litura,1,2
litura/1/2/xw_d2_121.jpg,litura,1,2
litura/1/2/xw_d2_122.jpg,litura,1,2
litura/1/2/xw_d2_123.jpg,litura,1,2
litura/1/2/xw_d2_124.jpg,litura,1,2
litura/1/2/xw_d2_125.jpg,litura,1,2
litura/1/2/xw_d2_126.jpg,litura,1,2
litura/1/2/xw_d2_127.jpg,litura,1,2
litura/1/2/xw_d2_128.jpg,litura,1,2
litura/1/2/xw_d2_129.jpg,litura,1,2
litura/1/2/xw_d2_130.jpg,litura,1,2
litura/1/2/xw_d2_131.jpg,litura,1,2
litura/1/2/xw_d2_132.jpg,litura,1,2
litura/1/2/xw_d2_133.jpg,litura,1,2
litura/1/2/xw_d2_134.jpg,litura,1,2
litura/1/2/xw_d2_135.jpg,litura,1,2
litura/1/2/xw_d2_136.jpg,litura,1,2
litura/1/2/xw_d2_137.jpg,litura,1,2
litura/1/2/xw_d2_138.jpg,litura,1,2
litura/1/2/xw_d2_139.jpg,litura,1,2
litura/1/2/xw_d2_140.jpg,litura,1,2
litura/1/2/xw_d2_141.jpg,litura,1,2
litura/1/2/xw_d2_142.jpg,litura,1,2
litura/1/2/xw_d2_143.jpg,litura,1,2
litura/1/2/xw_d2_144.jpg,litura,1,2
litura/1/2/xw_d2_145.jpg,litura,1,2
litura/1/2/xw_d2_146.jpg,litura,1,2
litura/1/2/xw_d2_147.jpg,litura,1,2
litura/1/2/xw_d2_148.jpg,litura,1,2
litura/1/2/xw_d2_149.jpg,litura,1,2
litura/1/2/xw_d2_150.jpg,litura,1,2
litura/1/2/xw_d2_151.jpg,litura,1,2
litura/1/2/xw_d2_152.jpg,litura,1,2
litura/1/2/xw_d2_153.jpg,litura,1,2
litura/1/2/xw_d2_154.jpg,litura,1,2
litura/1/2/xw_d2_155.jpg,litura,1,2
litura/1/2/xw_d2_156.jpg,litura,1,2
litura/1/2/xw_d2_157.jpg,litura,1,2
litura/1/2/xw_d2_158.jpg,litura,1,2
litura/1/2/xw_d2_159.jpg,litura,1,2
litura/1/2/xw_d2_160.jpg,litura,1,2
litura/1/2/xw_d2_161.jpg,litura,1,2
litura/1/2/xw_d2_162.jpg,litura,1,2
litura/1/2/xw_d2_163.jpg,litura,1,2
litura/1/2/xw_d2_164.jpg,litura,1,2
litura/1/2/xw_d2_165.jpg,litura,1,2
litura/1/2/xw_d2_166.jpg,litura,1,2
litura/1/2/xw_d2_167.jpg,litura,1,2
litura/1/2/xw_d2_168.jpg,litura,1,2
litura/1/2/xw_d2_169.jpg,litura,1,2
litura/1/2/xw_d2_170.jpg,litura,1,2
litura/1/2/xw_d2_171.jpg,litura,1,2
litura/1/2/xw_d2_172.jpg,litura,1,2
litura/1/2/xw_d2_173.jpg,litura,1,2
litura/1/2/xw_d2_174.jpg,litura,1,2
litura/1/2/xw_d2_175.jpg,litura,1,2
litura/1/2/xw_d2_176.jpg,litura,1,2
litura/1/2/xw_d2_177.jpg,litura,1,2
litura/1/2/xw_d2_178.jpg,litura,1,2
litura/1/2/xw_d2_179.jpg,litura,1,2
litura/1/2/xw_d2_180.jpg,litura,1,2
litura/1/2/xw_d2_181.jpg,litura,1,2
litura/1/2/xw_d2_182.jpg,litura,1,2
litura/1/2/xw_d2_183.jpg,litura,1,2
litura/1/2/xw_d2_184.jpg,litura,1,2
litura/1/2/xw_d2_185.jpg,litura,1,2
litura/1/2/xw_d2_186.jpg,litura,1,2
litura/1/2/xw_d2_187.jpg,litura,1,2
litura/1/2/xw_d2_188.jpg,litura,1,2
litura/1/2/xw_d2_189.jpg,litura,1,2
litura/1/2/xw_d2_190.jpg,litura,1,2
litura/1/2/xw_d2_191.jpg,litura,1,2
litura/1/2/xw_d2_192.jpg,litura,1,2
litura/1/2/xw_d2_193.jpg,litura,1,2
litura/1/2/xw_d2_194.jpg,litura,1,2
litura/1/2/xw_d2_195.jpg,litura,1,2
litura/1/2/xw_d2_196.jpg,litura,1,2
litura/1/2/xw_d2_197.jpg,litura,1,2
litura/1/2/xw_d2_198.jpg,litura,1,2
litura/1/2/xw_d2_199.jpg,litura,1,2
litura/1/2/xw_d2_200.jpg,litura,1,2
litura/2/3/xw_d3_001.jpg,litura,2,3
litura/2/3/xw_d3_002.jpg,litura,2,3
litura/2/3/xw_d3_003.jpg,litura,2,3
litura/2/3/xw_d3_004.jpg,litura,2,3
litura/2/3/xw_d3_005.jpg,litura,2,3
litura/2/3/xw_d3_006.jpg,litura,2,3
litura/2/3/xw_d3_007.jpg,litura,2,3
litura/2/3/xw_d3_008.jpg,litura,2,3
litura/2/3/xw_d3_009.jpg,litura,2,3
litura/2/3/xw_d3_010.jpg,litura,2,3
litura/2/3/xw_d3_011.jpg,litura,2,3
litura/2/3/xw_d3_012.jpg,litura,2,3
litura/2/3/xw_d3_013.jpg,litura,2,3
litura/2/3/xw_d3_014.jpg,litura,2,3
litura/2/3/xw_d3_015.jpg,litura,2,3
litura/2/3/xw_d3_016.jpg,litura,2,3
litura/2/3/xw_d3_017.jpg,litura,2,3
litura/2/3/xw_d3_018.jpg,litura,2,3
litura/2/3/xw_d3_019.jpg,litura,2,3
litura/2/3/xw_d3_020.jpg,litura,2,3
litura/2/3/xw_d3_021.jpg,litura,2,3
litura/2/3/xw_d3_022.jpg,litura,2,3
litura/2/3/xw_d3_023.jpg,litura,2,3
litura/2/3/xw_d3_024.jpg,litura,2,3
litura/2/3/xw_d3_025.jpg,litura,2,3
litura/2/3/xw_d3_026.jpg,litura,2,3
litura/2/3/xw_d3_027.jpg,litura,2,3
litura/2/3/xw_d3_028.jpg,litura,2,3
litura/2/3/xw_d3_029.jpg,litura,2,3
litura/2/3/xw_d3_030.jpg,litura,2,3
litura/2/3/xw_d3_031.jpg,litura,2,3
litura/2/3/xw_d3_032.jpg,litura,2,3
litura/2/3/xw_d3_033.jpg,litura,2,3
litura/2/3/xw_d3_034.jpg,litura,2,3
litura/2/3/xw_d3_035.jpg,litura,2,3
litura/2/3/xw_d3_036.jpg,litura,2,3
litura/2/3/xw_d3_037.jpg,litura,2,3
litura/2/3/xw_d3_038.jpg,litura,2,3
litura/2/3/xw_d3_039.jpg,litura,2,3
litura/2/3/xw_d3_040.jpg,litura,2,3
litura/2/3/xw_d3_041.jpg,litura,2,3
litura/2/3/xw_d3_042.jpg,litura,2,3
litura/2/3/xw_d3_043.jpg,litura,2,3
litura/2/3/xw_d3_044.jpg,litura,2,3
litura/2/3/xw_d3_045.jpg,litura,2,3
litura/2/3/xw_d3_046.jpg,litura,2,3
litura/2/3/xw_d3_047.jpg,litura,2,3
litura/2/3/xw_d3_048.jpg,litura,2,3
litura/2/3/xw_d3_049.jpg,litura,2,3
litura/2/3/xw_d3_050.jpg,litura,2,3
litura/2/3/xw_d3_051.jpg,litura,2,3
litura/2/3/xw_d3_052.jpg,litura,2,3
litura/2/3/xw_d3_053.jpg,litura,2,3
litura/2/3/xw_d3_054.jpg,litura,2,3
litura/2/3/xw_d3_055.jpg,litura,2,3
litura/2/3/xw_d3_056.jpg,litura,2,3
litura/2/3/xw_d3_057.jpg,litura,2,3
litura/2/3/xw_d3_058.jpg,litura,2,3
litura/2/3/xw_d3_059.jpg,litura,2,3
litura/2/3/xw_d3_060.jpg,litura,2,3
litura/2/3/xw_d3_061.jpg,litura,2,3
litura/2/3/xw_d3_062.jpg,litura,2,3
litura/2/3/xw_d3_063.jpg,litura,2,3
litura/2/3/xw_d3_064.jpg,litura,2,3
litura/2/3/xw_d3_065.jpg,litura,2,3
litura/2/3/xw_d3_066.jpg,litura,2,3
litura/2/3/xw_d3_067.jpg,litura,2,3
litura/2/3/xw_d3_068.jpg,litura,2,3
litura/2/3/xw_d3_069.jpg,litura,2,3
litura/2/3/xw_d3_070.jpg,litura,2,3
litura/2/3/xw_d3_071.jpg,litura,2,3
litura/2/3/xw_d3_072.jpg,litura,2,3
litura/2/3/xw_d3_073.jpg,litura,2,3
litura/2/3/xw_d3_074.jpg,litura,2,3
litura/2/3/xw_d3_075.jpg,litura,2,3
litura/2/3/xw_d3_076.jpg,litura,2,3
litura/2/3/xw_d3_077.jpg,litura,2,3
litura/2/3/xw_d3_078.jpg,litura,2,3
litura/2/3/xw_d3_079.jpg,litura,2,3
litura/2/3/xw_d3_080.jpg,litura,2,3
litura/2/3/xw_d3_081.jpg,litura,2,3
litura/2/3/xw_d3_082.jpg,litura,2,3
litura/2/3/xw_d3_083.jpg,litura,2,3
litura/2/3/xw_d3_084.jpg,litura,2,3
litura/2/3/xw_d3_085.jpg,litura,2,3
litura/2/3/xw_d3_086.jpg,litura,2,3
litura/2/3/xw_d3_087.jpg,litura,2,3
litura/2/3/xw_d3_088.jpg,litura,2,3
litura/2/3/xw_d3_089.jpg,litura,2,3
litura/2/3/xw_d3_090.jpg,litura,2,3
litura/2/3/xw_d3_091.jpg,litura,2,3
litura/2/3/xw_d3_092.jpg,litura,2,3
litura/2/3/xw_d3_093.jpg,litura,2,3
litura/2/3/xw_d3_094.jpg,litura,2,3
litura/2/3/xw_d3_095.jpg,litura,2,3
litura/2/3/xw_d3_096.jpg,litura,2,3
litura/2/3/xw_d3_097.jpg,litura,2,3
litura/2/3/xw_d3_098.jpg,litura,2,3
litura/2/3/xw_d3_099.jpg,litura,2,3
litura/2/3/xw_d3_100.jpg,litura,2,3
litura/2/3/xw_d3_101.jpg,litura,2,3
litura/2/3/xw_d3_102.jpg,litura,2,3
litura/2/3/xw_d3_103.jpg,litura,2,3
litura/2/3/xw_d3_104.jpg,litura,2,3
litura/2/3/xw_d3_105.jpg,litura,2,3
litura/2/3/xw_d3_106.jpg,litura,2,3
litura/2/3/xw_d3_107.jpg,litura,2,3
litura/2/3/xw_d3_108.jpg,litura,2,3
litura/2/3/xw_d3_109.jpg,litura,2,3
litura/2/3/xw_d3_110.jpg,litura,2,3
litura/2/3/xw_d3_111.jpg,litura,2,3
litura/2/3/xw_d3_112.jpg,litura,2,3
litura/2/3/xw_d3_113.jpg,litura,2,3
litura/2/3/xw_d3_114.jpg,litura,2,3
litura/2/3/xw_d3_115.jpg,litura,2,3
litura/2/3/xw_d3_116.jpg,litura,2,3
litura/2/3/xw_d3_117.jpg,litura,2,3
litura/2/3/xw_d3_118.jpg,litura,2,3
litura/2/3/xw_d3_119.jpg,litura,2,3
litura/2/3/xw_d3_120.jpg,litura,2,3
litura/2/3/xw_d3_121.jpg,litura,2,3
litura/2/3/xw_d3_122.jpg,litura,2,3
litura/2/3/xw_d3_123.jpg,litura,2,3
litura/2/3/xw_d3_124.jpg,litura,2,3
litura/2/3/xw_d3_125.jpg,litura,2,3
litura/2/3/xw_d3_126.jpg,litura,2,3
litura/2/3/xw_d3_127.jpg,litura,2,3
litura/2/3/xw_d3_128.jpg,litura,2,3
litura/2/3/xw_d3_129.jpg,litura,2,3
litura/2/3/xw_d3_130.jpg,litura,2,3
litura/2/3/xw_d3_131.jpg,litura,2,3
litura/2/3/xw_d3_132.jpg,litura,2,3
litura/2/3/xw_d3_133.jpg,litura,2,3
litura/2/3/xw_d3_134.jpg,litura,2,3
litura/2/3/xw_d3_135.jpg,litura,2,3
litura/2/3/xw_d3_136.jpg,litura,2,3
litura/2/3/xw_d3_137.jpg,litura,2,3
litura/2/3/xw_d3_138.jpg,litura,2,3
litura/2/3/xw_d3_139.jpg,litura,2,3
litura/2/3/xw_d3_140.jpg,litura,2,3
litura/2/3/xw_d3_141.jpg,litura,2,3
litura/2/3/xw_d3_142.jpg,litura,2,3
litura/2/3/xw_d3_143.jpg,litura,2,3
litura/2/3/xw_d3_144.jpg,litura,2,3
litura/2/3/xw_d3_145.jpg,litura,2,3
litura/2/3/xw_d3_146.jpg,litura,2,3
litura/2/3/xw_d3_147.jpg,litura,2,3
litura/2/3/xw_d3_148.jpg,litura,2,3
litura/2/3/xw_d3_149.jpg,litura,2,3
litura/2/3/xw_d3_150.jpg,litura,2,3
litura/2/3/xw_d3_151.jpg,litura,2,3
litura/2/3/xw_d3_152.jpg,litura,2,3
litura/2/3/xw_d3_153.jpg,litura,2,3
litura/2/3/xw_d3_154.jpg,litura,2,3
litura/2/3/xw_d3_155.jpg,litura,2,3
litura/2/3/xw_d3_156.jpg,litura,2,3
litura/2/3/xw_d3_157.jpg,litura,2,3
litura/2/3/xw_d3_158.jpg,litura,2,3
litura/2/3/xw_d3_159.jpg,litura,2,3
litura/2/3/xw_d3_160.jpg,litura,2,3
litura/2/3/xw_d3_161.jpg,litura,2,3
litura/2/3/xw_d3_162.jpg,litura,2,3
litura/2/3/xw_d3_163.jpg,litura,2,3
litura/2/3/xw_d3_164.jpg,litura,2,3
litura/2/3/xw_d3_165.jpg,litura,2,3
litura/2/3/xw_d3_166.jpg,litura,2,3
litura/2/3/xw_d3_167.jpg,litura,2,3
litura/2/3/xw_d3_168.jpg,litura,2,3
litura/2/3/xw_d3_169.jpg,litura,2,3
litura/2/3/xw_d3_170.jpg,litura,2,3
litura/2/3/xw_d3_171.jpg,litura,2,3
litura/2/3/xw_d3_172.jpg,litura,2,3
litura/2/3/xw_d3_173.jpg,litura,2,3
litura/2/3/xw_d3_174.jpg,litura,2,3
litura/2/3/xw_d3_175.jpg,litura,2,3
litura/2/3/xw_d3_176.jpg,litura,2,3
litura/2/3/xw_d3_177.jpg,litura,2,3
litura/2/3/xw_d3_178.jpg,litura,2,3
litura/2/3/xw_d3_179.jpg,litura,2,3
litura/2/3/xw_d3_180.jpg,litura,2,3
litura/2/3/xw_d3_181.jpg,litura,2,3
litura/2/3/xw_d3_182.jpg,litura,2,3
litura/2/3/xw_d3_183.jpg,litura,2,3
litura/2/3/xw_d3_184.jpg,litura,2,3
litura/2/3/xw_d3_185.jpg,litura,2,3
litura/2/3/xw_d3_186.jpg,litura,2,3
litura/2/3/xw_d3_187.jpg,litura,2,3
litura/2/3/xw_d3_188.jpg,litura,2,3
litura/2/3/xw_d3_189.jpg,litura,2,3
litura/2/3/xw_d3_190.jpg,litura,2,3
litura/2/3/xw_d3_191.jpg,litura,2,3
litura/2/3/xw_d3_192.jpg,litura,2,3
litura/2/3/xw_d3_193.jpg,litura,2,3
litura/2/3/xw_d3_194.jpg,litura,2,3
litura/2/3/xw_d3_195.jpg,litura,2,3
litura/2/3/xw_d3_196.jpg,litura,2,3
litura/2/3/xw_d3_197.jpg,litura,2,3
litura/2/3/xw_d3_198.jpg,litura,2,3
litura/2/3/xw_d3_199.jpg,litura,2,3
litura/2/3/xw_d3_200.jpg,litura,2,3
litura/2/4/xw_d4_001.jpg,litura,2,4
litura/2/4/xw_d4_002.jpg,litura,2,4
litura/2/4/xw_d4_003.jpg,litura,2,4
litura/2/4/xw_d4_004.jpg,litura,2,4
litura/2/4/xw_d4_005.jpg,litura,2,4
litura/2/4/xw_d4_006.jpg,litura,2,4
litura/2/4/xw_d4_007.jpg,litura,2,4
litura/2/4/xw_d4_008.jpg,litura,2,4
litura/2/4/xw_d4_009.jpg,litura,2,4
litura/2/4/xw_d4_010.jpg,litura,2,4
litura/2/4/xw_d4_011.jpg,litura,2,4
litura/2/4/xw_d4_012.jpg,litura,2,4
litura/2/4/xw_d4_013.jpg,litura,2,4
litura/2/4/xw_d4_014.jpg,litura,2,4
litura/2/4/xw_d4_015.jpg,litura,2,4
litura/2/4/xw_d4_016.jpg,litura,2,4
litura/2/4/xw_d4_017.jpg,litura,2,4
litura/2/4/xw_d4_018.jpg,litura,2,4
litura/2/4/xw_d4_019.jpg,litura,2,4
litura/2/4/xw_d4_020.jpg,litura,2,4
litura/2/4/xw_d4_021.jpg,litura,2,4
litura/2/4/xw_d4_022.jpg,litura,2,4
litura/2/4/xw_d4_023.jpg,litura,2,4
litura/2/4/xw_d4_024.jpg,litura,2,4
litura/2/4/xw_d4_025.jpg,litura,2,4
litura/2/4/xw_d4_026.jpg,litura,2,4
litura/2/4/xw_d4_027.jpg,litura,2,4
litura/2/4/xw_d4_028.jpg,litura,2,4
litura/2/4/xw_d4_029.jpg,litura,2,4
litura/2/4/xw_d4_030.jpg,litura,2,4
litura/2/4/xw_d4_031.jpg,litura,2,4
litura/2/4/xw_d4_032.jpg,litura,2,4
litura/2/4/xw_d4_033.jpg,litura,2,4
litura/2/4/xw_d4_034.jpg,litura,2,4
litura/2/4/xw_d4_035.jpg,litura,2,4
litura/2/4/xw_d4_036.jpg,litura,2,4
litura/2/4/xw_d4_037.jpg,litura,2,4
litura/2/4/xw_d4_038.jpg,litura,2,4
litura/2/4/xw_d4_039.jpg,litura,2,4
litura/2/4/xw_d4_040.jpg,litura,2,4
litura/2/4/xw_d4_041.jpg,litura,2,4
litura/2/4/xw_d4_042.jpg,litura,2,4
litura/2/4/xw_d4_043.jpg,litura,2,4
litura/2/4/xw_d4_044.jpg,litura,2,4
litura/2/4/xw_d4_045.jpg,litura,2,4
litura/2/4/xw_d4_046.jpg,litura,2,4
litura/2/4/xw_d4_047.jpg,litura,2,4
litura/2/4/xw_d4_048.jpg,litura,2,4
litura/2/4/xw_d4_049.jpg,litura,2,4
litura/2/4/xw_d4_050.jpg,litura,2,4
litura/2/4/xw_d4_051.jpg,litura,2,4
litura/2/4/xw_d4_052.jpg,litura,2,4
litura/2/4/xw_d4_053.jpg,litura,2,4
litura/2/4/xw_d4_054.jpg,litura,2,4
litura/2/4/xw_d4_055.jpg,litura,2,4
litura/2/4/xw_d4_056.jpg,litura,2,4
litura/2/4/xw_d4_057.jpg,litura,2,4
litura/2/4/xw_d4_058.jpg,litura,2,4
litura/2/4/xw_d4_059.jpg,litura,2,4
litura/2/4/xw_d4_060.jpg,litura,2,4
litura/2/4/xw_d4_061.jpg,litura,2,4
litura/2/4/xw_d4_062.jpg,litura,2,4
litura/2/4/xw_d4_063.jpg,litura,2,4
litura/2/4/xw_d4_064.jpg,litura,2,4
litura/2/4/xw_d4_065.jpg,litura,2,4
litura/2/4/xw_d4_066.jpg,litura,2,4
litura/2/4/xw_d4_067.jpg,litura,2,4
litura/2/4/xw_d4_068.jpg,litura,2,4
litura/2/4/xw_d4_069.jpg,litura,2,4
litura/2/4/xw_d4_070.jpg,litura,2,4
litura/2/4/xw_d4_071.jpg,litura,2,4
litura/2/4/xw_d4_072.jpg,litura,2,4
litura/2/4/xw_d4_073.jpg,litura,2,4
litura/2/4/xw_d4_074.jpg,litura,2,4
litura/2/4/xw_d4_075.jpg,litura,2,4
litura/2/4/xw_d4_076.jpg,litura,2,4
litura/2/4/xw_d4_077.jpg,litura,2,4
litura/2/4/xw_d4_078.jpg,litura,2,4
litura/2/4/xw_d4_079.jpg,litura,2,4
litura/2/4/xw_d4_080.jpg,litura,2,4
litura/2/4/xw_d4_081.jpg,litura,2,4
litura/2/4/xw_d4_082.jpg,litura,2,4
litura/2/4/xw_d4_083.jpg,litura,2,4
litura/2/4/xw_d4_084.jpg,litura,2,4
litura/2/4/xw_d4_085.jpg,litura,2,4
litura/2/4/xw_d4_086.jpg,litura,2,4
litura/2/4/xw_d4_087.jpg,litura,2,4
litura/2/4/xw_d4_088.jpg,litura,2,4
litura/2/4/xw_d4_089.jpg,litura,2,4
litura/2/4/xw_d4_090.jpg,litura,2,4
litura/2/4/xw_d4_091.jpg,litura,2,4
litura/2/4/xw_d4_092.jpg,litura,2,4
litura/2/4/xw_d4_093.jpg,litura,2,4
litura/2/4/xw_d4_094.jpg,litura,2,4
litura/2/4/xw_d4_095.jpg,litura,2,4
litura/2/4/xw_d4_096.jpg,litura,2,4
litura/2/4/xw_d4_097.jpg,litura,2,4
litura/2/4/xw_d4_098.jpg,litura,2,4
litura/2/4/xw_d4_099.jpg,litura,2,4
litura/2/4/xw_d4_100.jpg,litura,2,4
litura/2/4/xw_d4_101.jpg,litura,2,4
litura/2/4/xw_d4_102.jpg,litura,2,4
litura/2/4/xw_d4_103.jpg,litura,2,4
litura/2/4/xw_d4_104.jpg,litura,2,4
litura/2/4/xw_d4_105.jpg,litura,2,4
litura/2/4/xw_d4_106.jpg,litura,2,4
litura/2/4/xw_d4_107.jpg,litura,2,4
litura/2/4/xw_d4_108.jpg,litura,2,4
litura/2/4/xw_d4_109.jpg,litura,2,4
litura/2/4/xw_d4_110.jpg,litura,2,4
litura/2/4/xw_d4_111.jpg,litura,2,4
litura/2/4/xw_d4_112.jpg,litura,2,4
litura/2/4/xw_d4_113.jpg,litura,2,4
litura/2/4/xw_d4_114.jpg,litura,2,4
litura/2/4/xw_d4_115.jpg,litura,2,4
litura/2/4/xw_d4_116.jpg,litura,2,4
litura/2/4/xw_d4_117.jpg,litura,2,4
litura/2/4/xw_d4_118.jpg,litura,2,4
litura/2/4/xw_d4_119.jpg,litura,2,4
litura/2/4/xw_d4_120.jpg,litura,2,4
litura/2/4/xw_d4_121.jpg,litura,2,4
litura/2/4/xw_d4_122.jpg,litura,2,4
litura/2/4/xw_d4_123.jpg,litura,2,4
litura/2/4/xw_d4_124.jpg,litura,2,4
litura/2/4/xw_d4_125.jpg,litura,2,4
litura/2/4/xw_d4_126.jpg,litura,2,4
litura/2/4/xw_d4_127.jpg,litura,2,4
litura/2/4/xw_d4_128.jpg,litura,2,4
litura/2/4/xw_d4_129.jpg,litura,2,4
litura/2/4/xw_d4_130.jpg,litura,2,4
litura/2/4/xw_d4_131.jpg,litura,2,4
litura/2/4/xw_d4_132.jpg,litura,2,4
litura/2/4/xw_d4_133.jpg,litura,2,4
litura/2/4/xw_d4_134.jpg,litura,2,4
litura/2/4/xw_d4_135.jpg,litura,2,4
litura/2/4/xw_d4_136.jpg,litura,2,4
litura/2/4/xw_d4_137.jpg,litura,2,4
litura/2/4/xw_d4_138.jpg,litura,2,4
litura/2/4/xw_d4_139.jpg,litura,2,4
litura/2/4/xw_d4_140.jpg,litura,2,4
litura/2/4/xw_d4_141.jpg,litura,2,4
litura/2/4/xw_d4_142.jpg,litura,2,4
litura/2/4/xw_d4_143.jpg,litura,2,4
litura/2/4/xw_d4_144.jpg,litura,2,4
litura/2/4/xw_d4_145.jpg,litura,2,4
litura/2/4/xw_d4_146.jpg,litura,2,4
litura/2/4/xw_d4_147.jpg,litura,2,4
litura/2/4/xw_d4_148.jpg,litura,2,4
litura/2/4/xw_d4_149.jpg,litura,2,4
litura/2/4/xw_d4_150.jpg,litura,2,4
litura/2/4/xw_d4_151.jpg,litura,2,4
litura/2/4/xw_d4_152.jpg,litura,2,4
litura/2/4/xw_d4_153.jpg,litura,2,4
litura/2/4/xw_d4_154.jpg,litura,2,4
litura/2/4/xw_d4_155.jpg,litura,2,4
litura/2/4/xw_d4_156.jpg,litura,2,4
litura/2/4/xw_d4_157.jpg,litura,2,4
litura/2/4/xw_d4_158.jpg,litura,2,4
litura/2/4/xw_d4_159.jpg,litura,2,4
litura/2/4/xw_d4_160.jpg,litura,2,4
litura/2/4/xw_d4_161.jpg,litura,2,4
litura/2/4/xw_d4_162.jpg,litura,2,4
litura/2/4/xw_d4_163.jpg,litura,2,4
litura/2/4/xw_d4_164.jpg,litura,2,4
litura/2/4/xw_d4_165.jpg,litura,2,4
litura/2/4/xw_d4_166.jpg,litura,2,4
litura/2/4/xw_d4_167.jpg,litura,2,4
litura/2/4/xw_d4_168.jpg,litura,2,4
litura/2/4/xw_d4_169.jpg,litura,2,4
litura/2/4/xw_d4_170.jpg,litura,2,4
litura/2/4/xw_d4_171.jpg,litura,2,4
litura/2/4/xw_d4_172.jpg,litura,2,4
litura/2/4/xw_d4_173.jpg,litura,2,4
litura/2/4/xw_d4_174.jpg,litura,2,4
litura/2/4/xw_d4_175.jpg,litura,2,4
litura/2/4/xw_d4_176.jpg,litura,2,4
litura/2/4/xw_d4_177.jpg,litura,2,4
litura/2/4/xw_d4_178.jpg,litura,2,4
litura/2/4/xw_d4_179.jpg,litura,2,4
litura/2/4/xw_d4_180.jpg,litura,2,4
litura/2/4/xw_d4_181.jpg,litura,2,4
litura/2/4/xw_d4_182.jpg,litura,2,4
litura/2/4/xw_d4_183.jpg,litura,2,4
litura/2/4/xw_d4_184.jpg,litura,2,4
litura/2/4/xw_d4_185.jpg,litura,2,4
litura/2/4/xw_d4_186.jpg,litura,2,4
litura/2/4/xw_d4_187.jpg,litura,2,4
litura/2/4/xw_d4_188.jpg,litura,2,4
litura/2/4/xw_d4_189.jpg,litura,2,4
litura/2/4/xw_d4_190.jpg,litura,2,4
litura/2/4/xw_d4_191.jpg,litura,2,4
litura/2/4/xw_d4_192.jpg,litura,2,4
litura/2/4/xw_d4_193.jpg,litura,2,4
litura/2/4/xw_d4_194.jpg,litura,2,4
litura/2/4/xw_d4_195.jpg,litura,2,4
litura/2/4/xw_d4_196.jpg,litura,2,4
litura/2/4/xw_d4_197.jpg,litura,2,4
litura/2/4/xw_d4_198.jpg,litura,2,4
litura/2/4/xw_d4_199.jpg,litura,2,4
litura/2/4/xw_d4_200.jpg,litura,2,4
litura/3/5/xw_d5_001.jpg,litura,3,5
litura/3/5/xw_d5_002.jpg,litura,3,5
litura/3/5/xw_d5_003.jpg,litura,3,5
litura/3/5/xw_d5_004.jpg,litura,3,5
litura/3/5/xw_d5_005.jpg,litura,3,5
litura/3/5/xw_d5_006.jpg,litura,3,5
litura/3/5/xw_d5_007.jpg,litura,3,5
litura/3/5/xw_d5_008.jpg,litura,3,5
litura/3/5/xw_d5_009.jpg,litura,3,5
litura/3/5/xw_d5_010.jpg,litura,3,5
litura/3/5/xw_d5_011.jpg,litura,3,5
litura/3/5/xw_d5_012.jpg,litura,3,5
litura/3/5/xw_d5_013.jpg,litura,3,5
litura/3/5/xw_d5_014.jpg,litura,3,5
litura/3/5/xw_d5_015.jpg,litura,3,5
litura/3/5/xw_d5_016.jpg,litura,3,5
litura/3/5/xw_d5_017.jpg,litura,3,5
litura/3/5/xw_d5_018.jpg,litura,3,5
litura/3/5/xw_d5_019.jpg,litura,3,5
litura/3/5/xw_d5_020.jpg,litura,3,5
litura/3/5/xw_d5_021.jpg,litura,3,5
litura/3/5/xw_d5_022.jpg,litura,3,5
litura/3/5/xw_d5_023.jpg,litura,3,5
litura/3/5/xw_d5_024.jpg,litura,3,5
litura/3/5/xw_d5_025.jpg,litura,3,5
litura/3/5/xw_d5_026.jpg,litura,3,5
litura/3/5/xw_d5_027.jpg,litura,3,5
litura/3/5/xw_d5_028.jpg,litura,3,5
litura/3/5/xw_d5_029.jpg,litura,3,5
litura/3/5/xw_d5_030.jpg,litura,3,5
litura/3/5/xw_d5_031.jpg,litura,3,5
litura/3/5/xw_d5_032.jpg,litura,3,5
litura/3/5/xw_d5_033.jpg,litura,3,5
litura/3/5/xw_d5_034.jpg,litura,3,5
litura/3/5/xw_d5_035.jpg,litura,3,5
litura/3/5/xw_d5_036.jpg,litura,3,5
litura/3/5/xw_d5_037.jpg,litura,3,5
litura/3/5/xw_d5_038.jpg,litura,3,5
litura/3/5/xw_d5_039.jpg,litura,3,5
litura/3/5/xw_d5_040.jpg,litura,3,5
litura/3/5/xw_d5_041.jpg,litura,3,5
litura/3/5/xw_d5_042.jpg,litura,3,5
litura/3/5/xw_d5_043.jpg,litura,3,5
litura/3/5/xw_d5_044.jpg,litura,3,5
litura/3/5/xw_d5_045.jpg,litura,3,5
litura/3/5/xw_d5_046.jpg,litura,3,5
litura/3/5/xw_d5_047.jpg,litura,3,5
litura/3/5/xw_d5_048.jpg,litura,3,5
litura/3/5/xw_d5_049.jpg,litura,3,5
litura/3/5/xw_d5_050.jpg,litura,3,5
litura/3/5/xw_d5_051.jpg,litura,3,5
litura/3/5/xw_d5_052.jpg,litura,3,5
litura/3/5/xw_d5_053.jpg,litura,3,5
litura/3/5/xw_d5_054.jpg,litura,3,5
litura/3/5/xw_d5_055.jpg,litura,3,5
litura/3/5/xw_d5_056.jpg,litura,3,5
litura/3/5/xw_d5_057.jpg,litura,3,5
litura/3/5/xw_d5_058.jpg,litura,3,5
litura/3/5/xw_d5_059.jpg,litura,3,5
litura/3/5/xw_d5_060.jpg,litura,3,5
litura/3/5/xw_d5_061.jpg,litura,3,5
litura/3/5/xw_d5_062.jpg,litura,3,5
litura/3/5/xw_d5_063.jpg,litura,3,5
litura/3/5/xw_d5_064.jpg,litura,3,5
litura/3/5/xw_d5_065.jpg,litura,3,5
litura/3/5/xw_d5_066.jpg,litura,3,5
litura/3/5/xw_d5_067.jpg,litura,3,5
litura/3/5/xw_d5_068.jpg,litura,3,5
litura/3/5/xw_d5_069.jpg,litura,3,5
litura/3/5/xw_d5_070.jpg,litura,3,5
litura/3/5/xw_d5_071.jpg,litura,3,5
litura/3/5/xw_d5_072.jpg,litura,3,5
litura/3/5/xw_d5_073.jpg,litura,3,5
litura/3/5/xw_d5_074.jpg,litura,3,5
litura/3/5/xw_d5_075.jpg,litura,3,5
litura/3/5/xw_d5_076.jpg,litura,3,5
litura/3/5/xw_d5_077.jpg,litura,3,5
litura/3/5/xw_d5_078.jpg,litura,3,5
litura/3/5/xw_d5_079.jpg,litura,3,5
litura/3/5/xw_d5_080.jpg,litura,3,5
litura/3/5/xw_d5_081.jpg,litura,3,5
litura/3/5/xw_d5_082.jpg,litura,3,5
litura/3/5/xw_d5_083.jpg,litura,3,5
litura/3/5/xw_d5_084.jpg,litura,3,5
litura/3/5/xw_d5_085.jpg,litura,3,5
litura/3/5/xw_d5_086.jpg,litura,3,5
litura/3/5/xw_d5_087.jpg,litura,3,5
litura/3/5/xw_d5_088.jpg,litura,3,5
litura/3/5/xw_d5_089.jpg,litura,3,5
litura/3/5/xw_d5_090.jpg,litura,3,5
litura/3/5/xw_d5_091.jpg,litura,3,5
litura/3/5/xw_d5_092.jpg,litura,3,5
litura/3/5/xw_d5_093.jpg,litura,3,5
litura/3/5/xw_d5_094.jpg,litura,3,5
litura/3/5/xw_d5_095.jpg,litura,3,5
litura/3/5/xw_d5_096.jpg,litura,3,5
litura/3/5/xw_d5_097.jpg,litura,3,5
litura/3/5/xw_d5_098.jpg,litura,3,5
litura/3/5/xw_d5_099.jpg,litura,3,5
litura/3/5/xw_d5_100.jpg,litura,3,5
litura/3/5/xw_d5_101.jpg,litura,3,5
litura/3/5/xw_d5_102.jpg,litura,3,5
litura/3/5/xw_d5_103.jpg,litura,3,5
litura/3/5/xw_d5_104.jpg,litura,3,5
litura/3/5/xw_d5_105.jpg,litura,3,5
litura/3/5/xw_d5_106.jpg,litura,3,5
litura/3/5/xw_d5_107.jpg,litura,3,5
litura/3/5/xw_d5_108.jpg,litura,3,5
litura/3/5/xw_d5_109.jpg,litura,3,5
litura/3/5/xw_d5_110.jpg,litura,3,5
litura/3/5/xw_d5_111.jpg,litura,3,5
litura/3/5/xw_d5_112.jpg,litura,3,5
litura/3/5/xw_d5_113.jpg,litura,3,5
litura/3/5/xw_d5_114.jpg,litura,3,5
litura/3/5/xw_d5_115.jpg,litura,3,5
litura/3/5/xw_d5_116.jpg,litura,3,5
litura/3/5/xw_d5_117.jpg,litura,3,5
litura/3/5/xw_d5_118.jpg,litura,3,5
litura/3/5/xw_d5_119.jpg,litura,3,5
litura/3/5/xw_d5_120.jpg,litura,3,5
litura/3/5/xw_d5_121.jpg,litura,3,5
litura/3/5/xw_d5_122.jpg,litura,3,5
litura/3/5/xw_d5_123.jpg,litura,3,5
litura/3/5/xw_d5_124.jpg,litura,3,5
litura/3/5/xw_d5_125.jpg,litura,3,5
litura/3/5/xw_d5_126.jpg,litura,3,5
litura/3/5/xw_d5_127.jpg,litura,3,5
litura/3/5/xw_d5_128.jpg,litura,3,5
litura/3/5/xw_d5_129.jpg,litura,3,5
litura/3/5/xw_d5_130.jpg,litura,3,5
litura/3/5/xw_d5_131.jpg,litura,3,5
litura/3/5/xw_d5_132.jpg,litura,3,5
litura/3/5/xw_d5_133.jpg,litura,3,5
litura/3/5/xw_d5_134.jpg,litura,3,5
litura/3/5/xw_d5_135.jpg,litura,3,5
litura/3/5/xw_d5_136.jpg,litura,3,5
litura/3/5/xw_d5_137.jpg,litura,3,5
litura/3/5/xw_d5_138.jpg,litura,3,5
litura/3/5/xw_d5_139.jpg,litura,3,5
litura/3/5/xw_d5_140.jpg,litura,3,5
litura/3/5/xw_d5_141.jpg,litura,3,5
litura/3/5/xw_d5_142.jpg,litura,3,5
litura/3/5/xw_d5_143.jpg,litura,3,5
litura/3/5/xw_d5_144.jpg,litura,3,5
litura/3/5/xw_d5_145.jpg,litura,3,5
litura/3/5/xw_d5_146.jpg,litura,3,5
litura/3/5/xw_d5_147.jpg,litura,3,5
litura/3/5/xw_d5_148.jpg,litura,3,5
litura/3/5/xw_d5_149.jpg,litura,3,5
litura/3/5/xw_d5_150.jpg,litura,3,5
litura/3/5/xw_d5_151.jpg,litura,3,5
litura/3/5/xw_d5_152.jpg,litura,3,5
litura/3/5/xw_d5_153.jpg,litura,3,5
litura/3/5/xw_d5_154.jpg,litura,3,5
litura/3/5/xw_d5_155.jpg,litura,3,5
litura/3/5/xw_d5_156.jpg,litura,3,5
litura/3/5/xw_d5_157.jpg,litura,3,5
litura/3/5/xw_d5_158.jpg,litura,3,5
litura/3/5/xw_d5_159.jpg,litura,3,5
litura/3/5/xw_d5_160.jpg,litura,3,5
litura/3/5/xw_d5_161.jpg,litura,3,5
litura/3/5/xw_d5_162.jpg,litura,3,5
litura/3/5/xw_d5_163.jpg,litura,3,5
litura/3/5/xw_d5_164.jpg,litura,3,5
litura/3/5/xw_d5_165.jpg,litura,3,5
litura/3/5/xw_d5_166.jpg,litura,3,5
litura/3/5/xw_d5_167.jpg,litura,3,5
litura/3/5/xw_d5_168.jpg,litura,3,5
litura/3/5/xw_d5_169.jpg,litura,3,5
litura/3/5/xw_d5_170.jpg,litura,3,5
litura/3/5/xw_d5_171.jpg,litura,3,5
litura/3/5/xw_d5_172.jpg,litura,3,5
litura/3/5/xw_d5_173.jpg,litura,3,5
litura/3/5/xw_d5_174.jpg,litura,3,5
litura/3/5/xw_d5_175.jpg,litura,3,5
litura/3/5/xw_d5_176.jpg,litura,3,5
litura/3/5/xw_d5_177.jpg,litura,3,5
litura/3/5/xw_d5_178.jpg,litura,3,5
litura/3/5/xw_d5_179.jpg,litura,3,5
litura/3/5/xw_d5_180.jpg,litura,3,5
litura/3/5/xw_d5_181.jpg,litura,3,5
litura/3/5/xw_d5_182.jpg,litura,3,5
litura/3/5/xw_d5_183.jpg,litura,3,5
litura/3/5/xw_d5_184.jpg,litura,3,5
litura/3/5/xw_d5_185.jpg,litura,3,5
litura/3/5/xw_d5_186.jpg,litura,3,5
litura/3/5/xw_d5_187.jpg,litura,3,5
litura/3/5/xw_d5_188.jpg,litura,3,5
litura/3/5/xw_d5_189.jpg,litura,3,5
litura/3/5/xw_d5_190.jpg,litura,3,5
litura/3/5/xw_d5_191.jpg,litura,3,5
litura/3/5/xw_d5_192.jpg,litura,3,5
litura/3/5/xw_d5_193.jpg,litura,3,5
litura/3/5/xw_d5_194.jpg,litura,3,5
litura/3/5/xw_d5_195.jpg,litura,3,5
litura/3/5/xw_d5_196.jpg,litura,3,5
litura/3/5/xw_d5_197.jpg,litura,3,5
litura/3/5/xw_d5_198.jpg,litura,3,5
litura/3/5/xw_d5_199.jpg,litura,3,5
litura/3/5/xw_d5_200.jpg,litura,3,5
litura/3/5/xw_d5_201.jpg,litura,3,5
litura/3/5/xw_d5_202.jpg,litura,3,5
litura/3/5/xw_d5_203.jpg,litura,3,5
litura/3/5/xw_d5_204.jpg,litura,3,5
litura/3/5/xw_d5_205.jpg,litura,3,5
litura/3/5/xw_d5_206.jpg,litura,3,5
litura/3/5/xw_d5_207.jpg,litura,3,5
litura/3/5/xw_d5_208.jpg,litura,3,5
litura/3/5/xw_d5_209.jpg,litura,3,5
litura/3/5/xw_d5_210.jpg,litura,3,5
litura/3/5/xw_d5_211.jpg,litura,3,5
litura/3/5/xw_d5_212.jpg,litura,3,5
litura/3/5/xw_d5_213.jpg,litura,3,5
litura/3/5/xw_d5_214.jpg,litura,3,5
litura/3/5/xw_d5_215.jpg,litura,3,5
litura/3/5/xw_d5_216.jpg,litura,3,5
litura/3/5/xw_d5_217.jpg,litura,3,5
litura/3/5/xw_d5_218.jpg,litura,3,5
litura/3/5/xw_d5_219.jpg,litura,3,5
litura/3/5/xw_d5_220.jpg,litura,3,5
litura/3/5/xw_d5_221.jpg,litura,3,5
litura/3/5/xw_d5_222.jpg,litura,3,5
litura/3/5/xw_d5_223.jpg,litura,3,5
litura/3/5/xw_d5_224.jpg,litura,3,5
litura/3/5/xw_d5_225.jpg,litura,3,5
litura/3/5/xw_d5_226.jpg,litura,3,5
litura/3/5/xw_d5_227.jpg,litura,3,5
litura/3/5/xw_d5_228.jpg,litura,3,5
litura/3/5/xw_d5_229.jpg,litura,3,5
litura/3/5/xw_d5_230.jpg,litura,3,5
litura/3/5/xw_d5_231.jpg,litura,3,5
litura/3/5/xw_d5_232.jpg,litura,3,5
litura/3/5/xw_d5_233.jpg,litura,3,5
litura/3/5/xw_d5_234.jpg,litura,3,5
litura/3/5/xw_d5_235.jpg,litura,3,5
litura/3/5/xw_d5_236.jpg,litura,3,5
litura/3/5/xw_d5_237.jpg,litura,3,5
litura/3/5/xw_d5_238.jpg,litura,3,5
litura/3/5/xw_d5_239.jpg,litura,3,5
litura/3/5/xw_d5_240.jpg,litura,3,5
litura/3/5/xw_d5_241.jpg,litura,3,5
litura/3/5/xw_d5_242.jpg,litura,3,5
litura/3/5/xw_d5_243.jpg,litura,3,5
litura/3/5/xw_d5_244.jpg,litura,3,5
litura/3/5/xw_d5_245.jpg,litura,3,5
litura/3/5/xw_d5_246.jpg,litura,3,5
litura/3/5/xw_d5_247.jpg,litura,3,5
litura/3/5/xw_d5_248.jpg,litura,3,5
litura/3/5/xw_d5_249.jpg,litura,3,5
litura/3/5/xw_d5_250.jpg,litura,3,5
litura/3/5/xw_d5_251.jpg,litura,3,5
litura/3/5/xw_d5_252.jpg,litura,3,5
litura/3/5/xw_d5_253.jpg,litura,3,5
litura/3/5/xw_d5_254.jpg,litura,3,5
litura/3/5/xw_d5_255.jpg,litura,3,5
litura/3/6/xw_d6_001.jpg,litura,3,6
litura/3/6/xw_d6_002.jpg,litura,3,6
litura/3/6/xw_d6_003.jpg,litura,3,6
litura/3/6/xw_d6_004.jpg,litura,3,6
litura/3/6/xw_d6_005.jpg,litura,3,6
litura/3/6/xw_d6_006.jpg,litura,3,6
litura/3/6/xw_d6_007.jpg,litura,3,6
litura/3/6/xw_d6_008.jpg,litura,3,6
litura/3/6/xw_d6_009.jpg,litura,3,6
litura/3/6/xw_d6_010.jpg,litura,3,6
litura/3/6/xw_d6_011.jpg,litura,3,6
litura/3/6/xw_d6_012.jpg,litura,3,6
litura/3/6/xw_d6_013.jpg,litura,3,6
litura/3/6/xw_d6_014.jpg,litura,3,6
litura/3/6/xw_d6_015.jpg,litura,3,6
litura/3/6/xw_d6_016.jpg,litura,3,6
litura/3/6/xw_d6_017.jpg,litura,3,6
litura/3/6/xw_d6_018.jpg,litura,3,6
litura/3/6/xw_d6_019.jpg,litura,3,6
litura/3/6/xw_d6_020.jpg,litura,3,6
litura/3/6/xw_d6_021.jpg,litura,3,6
litura/3/6/xw_d6_022.jpg,litura,3,6
litura/3/6/xw_d6_023.jpg,litura,3,6
litura/3/6/xw_d6_024.jpg,litura,3,6
litura/3/6/xw_d6_025.jpg,litura,3,6
litura/3/6/xw_d6_026.jpg,litura,3,6
litura/3/6/xw_d6_027.jpg,litura,3,6
litura/3/6/xw_d6_028.jpg,litura,3,6
litura/3/6/xw_d6_029.jpg,litura,3,6
litura/3/6/xw_d6_030.jpg,litura,3,6
litura/3/6/xw_d6_031.jpg,litura,3,6
litura/3/6/xw_d6_032.jpg,litura,3,6
litura/3/6/xw_d6_033.jpg,litura,3,6
litura/3/6/xw_d6_034.jpg,litura,3,6
litura/3/6/xw_d6_035.jpg,litura,3,6
litura/3/6/xw_d6_036.jpg,litura,3,6
litura/3/6/xw_d6_037.jpg,litura,3,6
litura/3/6/xw_d6_038.jpg,litura,3,6
litura/3/6/xw_d6_039.jpg,litura,3,6
litura/3/6/xw_d6_040.jpg,litura,3,6
litura/3/6/xw_d6_041.jpg,litura,3,6
litura/3/6/xw_d6_042.jpg,litura,3,6
litura/3/6/xw_d6_043.jpg,litura,3,6
litura/3/6/xw_d6_044.jpg,litura,3,6
litura/3/6/xw_d6_045.jpg,litura,3,6
litura/3/6/xw_d6_046.jpg,litura,3,6
litura/3/6/xw_d6_047.jpg,litura,3,6
litura/3/6/xw_d6_048.jpg,litura,3,6
litura/3/6/xw_d6_049.jpg,litura,3,6
litura/3/6/xw_d6_050.jpg,litura,3,6
litura/3/6/xw_d6_051.jpg,litura,3,6
litura/3/6/xw_d6_052.jpg,litura,3,6
litura/3/6/xw_d6_053.jpg,litura,3,6
litura/3/6/xw_d6_054.jpg,litura,3,6
litura/3/6/xw_d6_055.jpg,litura,3,6
litura/3/6/xw_d6_056.jpg,litura,3,6
litura/3/6/xw_d6_057.jpg,litura,3,6
litura/3/6/xw_d6_058.jpg,litura,3,6
litura/3/6/xw_d6_059.jpg,litura,3,6
litura/3/6/xw_d6_060.jpg,litura,3,6
litura/3/6/xw_d6_061.jpg,litura,3,6
litura/3/6/xw_d6_062.jpg,litura,3,6
litura/3/6/xw_d6_063.jpg,litura,3,6
litura/3/6/xw_d6_064.jpg,litura,3,6
litura/3/6/xw_d6_065.jpg,litura,3,6
litura/3/6/xw_d6_066.jpg,litura,3,6
litura/3/6/xw_d6_067.jpg,litura,3,6
litura/3/6/xw_d6_068.jpg,litura,3,6
litura/3/6/xw_d6_069.jpg,litura,3,6
litura/3/6/xw_d6_070.jpg,litura,3,6
litura/3/6/xw_d6_071.jpg,litura,3,6
litura/3/6/xw_d6_072.jpg,litura,3,6
litura/3/6/xw_d6_073.jpg,litura,3,6
litura/3/6/xw_d6_074.jpg,litura,3,6
litura/3/6/xw_d6_075.jpg,litura,3,6
litura/3/6/xw_d6_076.jpg,litura,3,6
litura/3/6/xw_d6_077.jpg,litura,3,6
litura/3/6/xw_d6_078.jpg,litura,3,6
litura/3/6/xw_d6_079.jpg,litura,3,6
litura/3/6/xw_d6_080.jpg,litura,3,6
litura/3/6/xw_d6_081.jpg,litura,3,6
litura/3/6/xw_d6_082.jpg,litura,3,6
litura/3/6/xw_d6_083.jpg,litura,3,6
litura/3/6/xw_d6_084.jpg,litura,3,6
litura/3/6/xw_d6_085.jpg,litura,3,6
litura/3/6/xw_d6_086.jpg,litura,3,6
litura/3/6/xw_d6_087.jpg,litura,3,6
litura/3/6/xw_d6_088.jpg,litura,3,6
litura/3/6/xw_d6_089.jpg,litura,3,6
litura/3/6/xw_d6_090.jpg,litura,3,6
litura/3/6/xw_d6_091.jpg,litura,3,6
litura/3/6/xw_d6_092.jpg,litura,3,6
litura/3/6/xw_d6_093.jpg,litura,3,6
litura/3/6/xw_d6_094.jpg,litura,3,6
litura/3/6/xw_d6_095.jpg,litura,3,6
litura/3/6/xw_d6_096.jpg,litura,3,6
litura/3/6/xw_d6_097.jpg,litura,3,6
litura/3/6/xw_d6_098.jpg,litura,3,6
litura/3/6/xw_d6_099.jpg,litura,3,6
litura/3/6/xw_d6_100.jpg,litura,3,6
litura/3/6/xw_d6_101.jpg,litura,3,6
litura/3/6/xw_d6_102.jpg,litura,3,6
litura/3/6/xw_d6_103.jpg,litura,3,6
litura/3/6/xw_d6_104.jpg,litura,3,6
litura/3/6/xw_d6_105.jpg,litura,3,6
litura/3/6/xw_d6_106.jpg,litura,3,6
litura/3/6/xw_d6_107.jpg,litura,3,6
litura/3/6/xw_d6_108.jpg,litura,3,6
litura/3/6/xw_d6_109.jpg,litura,3,6
litura/3/6/xw_d6_110.jpg,litura,3,6
litura/3/6/xw_d6_111.jpg,litura,3,6
litura/3/6/xw_d6_112.jpg,litura,3,6
litura/3/6/xw_d6_113.jpg,litura,3,6
litura/3/6/xw_d6_114.jpg,litura,3,6
litura/3/6/xw_d6_115.jpg,litura,3,6
litura/3/6/xw_d6_116.jpg,litura,3,6
litura/3/6/xw_d6_117.jpg,litura,3,6
litura/3/6/xw_d6_118.jpg,litura,3,6
litura/3/6/xw_d6_119.jpg,litura,3,6
litura/3/6/xw_d6_120.jpg,litura,3,6
litura/3/6/xw_d6_121.jpg,litura,3,6
litura/3/6/xw_d6_122.jpg,litura,3,6
litura/3/6/xw_d6_123.jpg,litura,3,6
litura/3/6/xw_d6_124.jpg,litura,3,6
litura/3/6/xw_d6_125.jpg,litura,3,6
litura/3/6/xw_d6_126.jpg,litura,3,6
litura/3/6/xw_d6_127.jpg,litura,3,6
litura/3/6/xw_d6_128.jpg,litura,3,6
litura/3/6/xw_d6_129.jpg,litura,3,6
litura/3/6/xw_d6_130.jpg,litura,3,6
litura/3/6/xw_d6_131.jpg,litura,3,6
litura/3/6/xw_d6_132.jpg,litura,3,6
litura/3/6/xw_d6_133.jpg,litura,3,6
litura/3/6/xw_d6_134.jpg,litura,3,6
litura/3/6/xw_d6_135.jpg,litura,3,6
litura/3/6/xw_d6_136.jpg,litura,3,6
litura/3/6/xw_d6_137.jpg,litura,3,6
litura/3/6/xw_d6_138.jpg,litura,3,6
litura/3/6/xw_d6_139.jpg,litura,3,6
litura/3/6/xw_d6_140.jpg,litura,3,6
litura/3/6/xw_d6_141.jpg,litura,3,6
litura/3/6/xw_d6_142.jpg,litura,3,6
litura/3/6/xw_d6_143.jpg,litura,3,6
litura/3/6/xw_d6_144.jpg,litura,3,6
litura/3/6/xw_d6_145.jpg,litura,3,6
litura/3/6/xw_d6_146.jpg,litura,3,6
litura/3/6/xw_d6_147.jpg,litura,3,6
litura/3/6/xw_d6_148.jpg,litura,3,6
litura/3/6/xw_d6_149.jpg,litura,3,6
litura/3/6/xw_d6_150.jpg,litura,3,6
litura/3/6/xw_d6_151.jpg,litura,3,6
litura/3/6/xw_d6_152.jpg,litura,3,6
litura/3/6/xw_d6_153.jpg,litura,3,6
litura/3/6/xw_d6_154.jpg,litura,3,6
litura/3/6/xw_d6_155.jpg,litura,3,6
litura/3/6/xw_d6_156.jpg,litura,3,6
litura/3/6/xw_d6_157.jpg,litura,3,6
litura/3/6/xw_d6_158.jpg,litura,3,6
litura/3/6/xw_d6_159.jpg,litura,3,6
litura/3/6/xw_d6_160.jpg,litura,3,6
litura/3/6/xw_d6_161.jpg,litura,3,6
litura/3/6/xw_d6_162.jpg,litura,3,6
litura/3/6/xw_d6_163.jpg,litura,3,6
litura/3/6/xw_d6_164.jpg,litura,3,6
litura/3/6/xw_d6_165.jpg,litura,3,6
litura/3/6/xw_d6_166.jpg,litura,3,6
litura/3/6/xw_d6_167.jpg,litura,3,6
litura/3/6/xw_d6_168.jpg,litura,3,6
litura/3/6/xw_d6_169.jpg,litura,3,6
litura/3/6/xw_d6_170.jpg,litura,3,6
litura/3/6/xw_d6_171.jpg,litura,3,6
litura/3/6/xw_d6_172.jpg,litura,3,6
litura/3/6/xw_d6_173.jpg,litura,3,6
litura/3/6/xw_d6_174.jpg,litura,3,6
litura/3/6/xw_d6_175.jpg,litura,3,6
litura/3/6/xw_d6_176.jpg,litura,3,6
litura/3/6/xw_d6_177.jpg,litura,3,6
litura/3/6/xw_d6_178.jpg,litura,3,6
litura/3/6/xw_d6_179.jpg,litura,3,6
litura/3/6/xw_d6_180.jpg,litura,3,6
litura/3/6/xw_d6_181.jpg,litura,3,6
litura/3/6/xw_d6_182.jpg,litura,3,6
litura/3/6/xw_d6_183.jpg,litura,3,6
litura/3/6/xw_d6_184.jpg,litura,3,6
litura/3/6/xw_d6_185.jpg,litura,3,6
litura/3/6/xw_d6_186.jpg,litura,3,6
litura/3/6/xw_d6_187.jpg,litura,3,6
litura/3/6/xw_d6_188.jpg,litura,3,6
litura/3/6/xw_d6_189.jpg,litura,3,6
litura/3/6/xw_d6_190.jpg,litura,3,6
litura/3/6/xw_d6_191.jpg,litura,3,6
litura/3/6/xw_d6_192.jpg,litura,3,6
litura/3/6/xw_d6_193.jpg,litura,3,6
litura/3/6/xw_d6_194.jpg,litura,3,6
litura/3/6/xw_d6_195.jpg,litura,3,6
litura/3/6/xw_d6_196.jpg,litura,3,6
litura/3/6/xw_d6_197.jpg,litura,3,6
litura/3/6/xw_d6_198.jpg,litura,3,6
litura/3/6/xw_d6_199.jpg,litura,3,6
litura/3/6/xw_d6_200.jpg,litura,3,6
litura/4/7/xw_d7_001.jpg,litura,4,7
litura/4/7/xw_d7_002.jpg,litura,4,7
litura/4/7/xw_d7_003.jpg,litura,4,7
litura/4/7/xw_d7_004.jpg,litura,4,7
litura/4/7/xw_d7_005.jpg,litura,4,7
litura/4/7/xw_d7_006.jpg,litura,4,7
litura/4/7/xw_d7_007.jpg,litura,4,7
litura/4/7/xw_d7_008.jpg,litura,4,7
litura/4/7/xw_d7_009.jpg,litura,4,7
litura/4/7/xw_d7_010.jpg,litura,4,7
litura/4/7/xw_d7_011.jpg,litura,4,7
litura/4/7/xw_d7_012.jpg,litura,4,7
litura/4/7/xw_d7_013.jpg,litura,4,7
litura/4/7/xw_d7_014.jpg,litura,4,7
litura/4/7/xw_d7_015.jpg,litura,4,7
litura/4/7/xw_d7_016.jpg,litura,4,7
litura/4/7/xw_d7_017.jpg,litura,4,7
litura/4/7/xw_d7_018.jpg,litura,4,7
litura/4/7/xw_d7_019.jpg,litura,4,7
litura/4/7/xw_d7_020.jpg,litura,4,7
litura/4/7/xw_d7_021.jpg,litura,4,7
litura/4/7/xw_d7_022.jpg,litura,4,7
litura/4/7/xw_d7_023.jpg,litura,4,7
litura/4/7/xw_d7_024.jpg,litura,4,7
litura/4/7/xw_d7_025.jpg,litura,4,7
litura/4/7/xw_d7_026.jpg,litura,4,7
litura/4/7/xw_d7_027.jpg,litura,4,7
litura/4/7/xw_d7_028.jpg,litura,4,7
litura/4/7/xw_d7_029.jpg,litura,4,7
litura/4/7/xw_d7_030.jpg,litura,4,7
litura/4/7/xw_d7_031.jpg,litura,4,7
litura/4/7/xw_d7_032.jpg,litura,4,7
litura/4/7/xw_d7_033.jpg,litura,4,7
litura/4/7/xw_d7_034.jpg,litura,4,7
litura/4/7/xw_d7_035.jpg,litura,4,7
litura/4/7/xw_d7_036.jpg,litura,4,7
litura/4/7/xw_d7_037.jpg,litura,4,7
litura/4/7/xw_d7_038.jpg,litura,4,7
litura/4/7/xw_d7_039.jpg,litura,4,7
litura/4/7/xw_d7_040.jpg,litura,4,7
litura/4/7/xw_d7_041.jpg,litura,4,7
litura/4/7/xw_d7_042.jpg,litura,4,7
litura/4/7/xw_d7_043.jpg,litura,4,7
litura/4/7/xw_d7_044.jpg,litura,4,7
litura/4/7/xw_d7_045.jpg,litura,4,7
litura/4/7/xw_d7_046.jpg,litura,4,7
litura/4/7/xw_d7_047.jpg,litura,4,7
litura/4/7/xw_d7_048.jpg,litura,4,7
litura/4/7/xw_d7_049.jpg,litura,4,7
litura/4/7/xw_d7_050.jpg,litura,4,7
litura/4/7/xw_d7_051.jpg,litura,4,7
litura/4/7/xw_d7_052.jpg,litura,4,7
litura/4/7/xw_d7_053.jpg,litura,4,7
litura/4/7/xw_d7_054.jpg,litura,4,7
litura/4/7/xw_d7_055.jpg,litura,4,7
litura/4/7/xw_d7_056.jpg,litura,4,7
litura/4/7/xw_d7_057.jpg,litura,4,7
litura/4/7/xw_d7_058.jpg,litura,4,7
litura/4/7/xw_d7_059.jpg,litura,4,7
litura/4/7/xw_d7_060.jpg,litura,4,7
litura/4/7/xw_d7_061.jpg,litura,4,7
litura/4/7/xw_d7_062.jpg,litura,4,7
litura/4/7/xw_d7_063.jpg,litura,4,7
litura/4/7/xw_d7_064.jpg,litura,4,7
litura/4/7/xw_d7_065.jpg,litura,4,7
litura/4/7/xw_d7_066.jpg,litura,4,7
litura/4/7/xw_d7_067.jpg,litura,4,7
litura/4/7/xw_d7_068.jpg,litura,4,7
litura/4/7/xw_d7_069.jpg,litura,4,7
litura/4/7/xw_d7_070.jpg,litura,4,7
litura/4/7/xw_d7_071.jpg,litura,4,7
litura/4/7/xw_d7_072.jpg,litura,4,7
litura/4/7/xw_d7_073.jpg,litura,4,7
litura/4/7/xw_d7_074.jpg,litura,4,7
litura/4/7/xw_d7_075.jpg,litura,4,7
litura/4/7/xw_d7_076.jpg,litura,4,7
litura/4/7/xw_d7_077.jpg,litura,4,7
litura/4/7/xw_d7_078.jpg,litura,4,7
litura/4/7/xw_d7_079.jpg,litura,4,7
litura/4/7/xw_d7_080.jpg,litura,4,7
litura/4/7/xw_d7_081.jpg,litura,4,7
litura/4/7/xw_d7_082.jpg,litura,4,7
litura/4/7/xw_d7_083.jpg,litura,4,7
litura/4/7/xw_d7_084.jpg,litura,4,7
litura/4/7/xw_d7_085.jpg,litura,4,7
litura/4/7/xw_d7_086.jpg,litura,4,7
litura/4/7/xw_d7_087.jpg,litura,4,7
litura/4/7/xw_d7_088.jpg,litura,4,7
litura/4/7/xw_d7_089.jpg,litura,4,7
litura/4/7/xw_d7_090.jpg,litura,4,7
litura/4/7/xw_d7_091.jpg,litura,4,7
litura/4/7/xw_d7_092.jpg,litura,4,7
litura/4/7/xw_d7_093.jpg,litura,4,7
litura/4/7/xw_d7_094.jpg,litura,4,7
litura/4/7/xw_d7_095.jpg,litura,4,7
litura/4/7/xw_d7_096.jpg,litura,4,7
litura/4/7/xw_d7_097.jpg,litura,4,7
litura/4/7/xw_d7_098.jpg,litura,4,7
litura/4/7/xw_d7_099.jpg,litura,4,7
litura/4/7/xw_d7_100.jpg,litura,4,7
litura/4/7/xw_d7_101.jpg,litura,4,7
litura/4/7/xw_d7_102.jpg,litura,4,7
litura/4/7/xw_d7_103.jpg,litura,4,7
litura/4/7/xw_d7_104.jpg,litura,4,7
litura/4/7/xw_d7_105.jpg,litura,4,7
litura/4/7/xw_d7_106.jpg,litura,4,7
litura/4/7/xw_d7_107.jpg,litura,4,7
litura/4/7/xw_d7_108.jpg,litura,4,7
litura/4/7/xw_d7_109.jpg,litura,4,7
litura/4/7/xw_d7_110.jpg,litura,4,7
litura/4/7/xw_d7_111.jpg,litura,4,7
litura/4/7/xw_d7_112.jpg,litura,4,7
litura/4/7/xw_d7_113.jpg,litura,4,7
litura/4/7/xw_d7_114.jpg,litura,4,7
litura/4/7/xw_d7_115.jpg,litura,4,7
litura/4/7/xw_d7_116.jpg,litura,4,7
litura/4/7/xw_d7_117.jpg,litura,4,7
litura/4/7/xw_d7_118.jpg,litura,4,7
litura/4/7/xw_d7_119.jpg,litura,4,7
litura/4/7/xw_d7_120.jpg,litura,4,7
litura/4/7/xw_d7_121.jpg,litura,4,7
litura/4/7/xw_d7_122.jpg,litura,4,7
litura/4/7/xw_d7_123.jpg,litura,4,7
litura/4/7/xw_d7_124.jpg,litura,4,7
litura/4/7/xw_d7_125.jpg,litura,4,7
litura/4/7/xw_d7_126.jpg,litura,4,7
litura/4/7/xw_d7_127.jpg,litura,4,7
litura/4/7/xw_d7_128.jpg,litura,4,7
litura/4/7/xw_d7_129.jpg,litura,4,7
litura/4/7/xw_d7_130.jpg,litura,4,7
litura/4/7/xw_d7_131.jpg,litura,4,7
litura/4/7/xw_d7_132.jpg,litura,4,7
litura/4/7/xw_d7_133.jpg,litura,4,7
litura/4/7/xw_d7_134.jpg,litura,4,7
litura/4/7/xw_d7_135.jpg,litura,4,7
litura/4/7/xw_d7_136.jpg,litura,4,7
litura/4/7/xw_d7_137.jpg,litura,4,7
litura/4/7/xw_d7_138.jpg,litura,4,7
litura/4/7/xw_d7_139.jpg,litura,4,7
litura/4/7/xw_d7_140.jpg,litura,4,7
litura/4/7/xw_d7_141.jpg,litura,4,7
litura/4/7/xw_d7_142.jpg,litura,4,7
litura/4/7/xw_d7_143.jpg,litura,4,7
litura/4/7/xw_d7_144.jpg,litura,4,7
litura/4/7/xw_d7_145.jpg,litura,4,7
litura/4/7/xw_d7_146.jpg,litura,4,7
litura/4/7/xw_d7_147.jpg,litura,4,7
litura/4/7/xw_d7_148.jpg,litura,4,7
litura/4/7/xw_d7_149.jpg,litura,4,7
litura/4/7/xw_d7_150.jpg,litura,4,7
litura/4/7/xw_d7_151.jpg,litura,4,7
litura/4/7/xw_d7_152.jpg,litura,4,7
litura/4/7/xw_d7_153.jpg,litura,4,7
litura/4/7/xw_d7_154.jpg,litura,4,7
litura/4/7/xw_d7_155.jpg,litura,4,7
litura/4/7/xw_d7_156.jpg,litura,4,7
litura/4/7/xw_d7_157.jpg,litura,4,7
litura/4/7/xw_d7_158.jpg,litura,4,7
litura/4/7/xw_d7_159.jpg,litura,4,7
litura/4/7/xw_d7_160.jpg,litura,4,7
litura/4/7/xw_d7_161.jpg,litura,4,7
litura/4/7/xw_d7_162.jpg,litura,4,7
litura/4/7/xw_d7_163.jpg,litura,4,7
litura/4/7/xw_d7_164.jpg,litura,4,7
litura/4/7/xw_d7_165.jpg,litura,4,7
litura/4/7/xw_d7_166.jpg,litura,4,7
litura/4/7/xw_d7_167.jpg,litura,4,7
litura/4/7/xw_d7_168.jpg,litura,4,7
litura/4/7/xw_d7_169.jpg,litura,4,7
litura/4/7/xw_d7_170.jpg,litura,4,7
litura/4/7/xw_d7_171.jpg,litura,4,7
litura/4/7/xw_d7_172.jpg,litura,4,7
litura/4/7/xw_d7_173.jpg,litura,4,7
litura/4/7/xw_d7_174.jpg,litura,4,7
litura/4/7/xw_d7_175.jpg,litura,4,7
litura/4/7/xw_d7_176.jpg,litura,4,7
litura/4/7/xw_d7_177.jpg,litura,4,7
litura/4/7/xw_d7_178.jpg,litura,4,7
litura/4/7/xw_d7_179.jpg,litura,4,7
litura/4/7/xw_d7_180.jpg,litura,4,7
litura/4/7/xw_d7_181.jpg,litura,4,7
litura/4/7/xw_d7_182.jpg,litura,4,7
litura/4/7/xw_d7_183.jpg,litura,4,7
litura/4/7/xw_d7_184.jpg,litura,4,7
litura/4/7/xw_d7_185.jpg,litura,4,7
litura/4/7/xw_d7_186.jpg,litura,4,7
litura/4/7/xw_d7_187.jpg,litura,4,7
litura/4/7/xw_d7_188.jpg,litura,4,7
litura/4/7/xw_d7_189.jpg,litura,4,7
litura/4/7/xw_d7_190.jpg,litura,4,7
litura/4/7/xw_d7_191.jpg,litura,4,7
litura/4/7/xw_d7_192.jpg,litura,4,7
litura/4/7/xw_d7_193.jpg,litura,4,7
litura/4/7/xw_d7_194.jpg,litura,4,7
litura/4/7/xw_d7_195.jpg,litura,4,7
litura/4/7/xw_d7_196.jpg,litura,4,7
litura/4/7/xw_d7_197.jpg,litura,4,7
litura/4/7/xw_d7_198.jpg,litura,4,7
litura/4/7/xw_d7_199.jpg,litura,4,7
litura/4/7/xw_d7_200.jpg,litura,4,7
litura/4/8/xw_d8_001.jpg,litura,4,8
litura/4/8/xw_d8_002.jpg,litura,4,8
litura/4/8/xw_d8_003.jpg,litura,4,8
litura/4/8/xw_d8_004.jpg,litura,4,8
litura/4/8/xw_d8_005.jpg,litura,4,8
litura/4/8/xw_d8_006.jpg,litura,4,8
litura/4/8/xw_d8_007.jpg,litura,4,8
litura/4/8/xw_d8_008.jpg,litura,4,8
litura/4/8/xw_d8_009.jpg,litura,4,8
litura/4/8/xw_d8_010.jpg,litura,4,8
litura/4/8/xw_d8_011.jpg,litura,4,8
litura/4/8/xw_d8_012.jpg,litura,4,8
litura/4/8/xw_d8_013.jpg,litura,4,8
litura/4/8/xw_d8_014.jpg,litura,4,8
litura/4/8/xw_d8_015.jpg,litura,4,8
litura/4/8/xw_d8_016.jpg,litura,4,8
litura/4/8/xw_d8_017.jpg,litura,4,8
litura/4/8/xw_d8_018.jpg,litura,4,8
litura/4/8/xw_d8_019.jpg,litura,4,8
litura/4/8/xw_d8_020.jpg,litura,4,8
litura/4/8/xw_d8_021.jpg,litura,4,8
litura/4/8/xw_d8_022.jpg,litura,4,8
litura/4/8/xw_d8_023.jpg,litura,4,8
litura/4/8/xw_d8_024.jpg,litura,4,8
litura/4/8/xw_d8_025.jpg,litura,4,8
litura/4/8/xw_d8_026.jpg,litura,4,8
litura/4/8/xw_d8_027.jpg,litura,4,8
litura/4/8/xw_d8_028.jpg,litura,4,8
litura/4/8/xw_d8_029.jpg,litura,4,8
litura/4/8/xw_d8_030.jpg,litura,4,8
litura/4/8/xw_d8_031.jpg,litura,4,8
litura/4/8/xw_d8_032.jpg,litura,4,8
litura/4/8/xw_d8_033.jpg,litura,4,8
litura/4/8/xw_d8_034.jpg,litura,4,8
litura/4/8/xw_d8_035.jpg,litura,4,8
litura/4/8/xw_d8_036.jpg,litura,4,8
litura/4/8/xw_d8_037.jpg,litura,4,8
litura/4/8/xw_d8_038.jpg,litura,4,8
litura/4/8/xw_d8_039.jpg,litura,4,8
litura/4/8/xw_d8_040.jpg,litura,4,8
litura/4/8/xw_d8_041.jpg,litura,4,8
litura/4/8/xw_d8_042.jpg,litura,4,8
litura/4/8/xw_d8_043.jpg,litura,4,8
litura/4/8/xw_d8_044.jpg,litura,4,8
litura/4/8/xw_d8_045.jpg,litura,4,8
litura/4/8/xw_d8_046.jpg,litura,4,8
litura/4/8/xw_d8_047.jpg,litura,4,8
litura/4/8/xw_d8_048.jpg,litura,4,8
litura/4/8/xw_d8_049.jpg,litura,4,8
litura/4/8/xw_d8_050.jpg,litura,4,8
litura/4/8/xw_d8_051.jpg,litura,4,8
litura/4/8/xw_d8_052.jpg,litura,4,8
litura/4/8/xw_d8_053.jpg,litura,4,8
litura/4/8/xw_d8_054.jpg,litura,4,8
litura/4/8/xw_d8_055.jpg,litura,4,8
litura/4/8/xw_d8_056.jpg,litura,4,8
litura/4/8/xw_d8_057.jpg,litura,4,8
litura/4/8/xw_d8_058.jpg,litura,4,8
litura/4/8/xw_d8_059.jpg,litura,4,8
litura/4/8/xw_d8_060.jpg,litura,4,8
litura/4/8/xw_d8_061.jpg,litura,4,8
litura/4/8/xw_d8_062.jpg,litura,4,8
litura/4/8/xw_d8_063.jpg,litura,4,8
litura/4/8/xw_d8_064.jpg,litura,4,8
litura/4/8/xw_d8_065.jpg,litura,4,8
litura/4/8/xw_d8_066.jpg,litura,4,8
litura/4/8/xw_d8_067.jpg,litura,4,8
litura/4/8/xw_d8_068.jpg,litura,4,8
litura/4/8/xw_d8_069.jpg,litura,4,8
litura/4/8/xw_d8_070.jpg,litura,4,8
litura/4/8/xw_d8_071.jpg,litura,4,8
litura/4/8/xw_d8_072.jpg,litura,4,8
litura/4/8/xw_d8_073.jpg,litura,4,8
litura/4/8/xw_d8_074.jpg,litura,4,8
litura/4/8/xw_d8_075.jpg,litura,4,8
litura/4/8/xw_d8_076.jpg,litura,4,8
litura/4/8/xw_d8_077.jpg,litura,4,8
litura/4/8/xw_d8_078.jpg,litura,4,8
litura/4/8/xw_d8_079.jpg,litura,4,8
litura/4/8/xw_d8_080.jpg,litura,4,8
litura/4/8/xw_d8_081.jpg,litura,4,8
litura/4/8/xw_d8_082.jpg,litura,4,8
litura/4/8/xw_d8_083.jpg,litura,4,8
litura/4/8/xw_d8_084.jpg,litura,4,8
litura/4/8/xw_d8_085.jpg,litura,4,8
litura/4/8/xw_d8_086.jpg,litura,4,8
litura/4/8/xw_d8_087.jpg,litura,4,8
litura/4/8/xw_d8_088.jpg,litura,4,8
litura/4/8/xw_d8_089.jpg,litura,4,8
litura/4/8/xw_d8_090.jpg,litura,4,8
litura/4/8/xw_d8_091.jpg,litura,4,8
litura/4/8/xw_d8_092.jpg,litura,4,8
litura/4/8/xw_d8_093.jpg,litura,4,8
litura/4/8/xw_d8_094.jpg,litura,4,8
litura/4/8/xw_d8_095.jpg,litura,4,8
litura/4/8/xw_d8_096.jpg,litura,4,8
litura/4/8/xw_d8_097.jpg,litura,4,8
litura/4/8/xw_d8_098.jpg,litura,4,8
litura/4/8/xw_d8_099.jpg,litura,4,8
litura/4/8/xw_d8_100.jpg,litura,4,8
litura/4/8/xw_d8_101.jpg,litura,4,8
litura/4/8/xw_d8_102.jpg,litura,4,8
litura/4/8/xw_d8_103.jpg,litura,4,8
litura/4/8/xw_d8_104.jpg,litura,4,8
litura/4/8/xw_d8_105.jpg,litura,4,8
litura/4/8/xw_d8_106.jpg,litura,4,8
litura/4/8/xw_d8_107.jpg,litura,4,8
litura/4/8/xw_d8_108.jpg,litura,4,8
litura/4/8/xw_d8_109.jpg,litura,4,8
litura/4/8/xw_d8_110.jpg,litura,4,8
litura/4/8/xw_d8_111.jpg,litura,4,8
litura/4/8/xw_d8_112.jpg,litura,4,8
litura/4/8/xw_d8_113.jpg,litura,4,8
litura/4/8/xw_d8_114.jpg,litura,4,8
litura/4/8/xw_d8_115.jpg,litura,4,8
litura/4/8/xw_d8_116.jpg,litura,4,8
litura/4/8/xw_d8_117.jpg,litura,4,8
litura/4/8/xw_d8_118.jpg,litura,4,8
litura/4/8/xw_d8_119.jpg,litura,4,8
litura/4/8/xw_d8_120.jpg,litura,4,8
litura/4/8/xw_d8_121.jpg,litura,4,8
litura/4/8/xw_d8_122.jpg,litura,4,8
litura/4/8/xw_d8_123.jpg,litura,4,8
litura/4/8/xw_d8_124.jpg,litura,4,8
litura/4/8/xw_d8_125.jpg,litura,4,8
litura/4/8/xw_d8_126.jpg,litura,4,8
litura/4/8/xw_d8_127.jpg,litura,4,8
litura/4/8/xw_d8_128.jpg,litura,4,8
litura/4/8/xw_d8_129.jpg,litura,4,8
litura/4/8/xw_d8_130.jpg,litura,4,8
litura/4/8/xw_d8_131.jpg,litura,4,8
litura/4/8/xw_d8_132.jpg,litura,4,8
litura/4/8/xw_d8_133.jpg,litura,4,8
litura/4/8/xw_d8_134.jpg,litura,4,8
litura/4/8/xw_d8_135.jpg,litura,4,8
litura/4/8/xw_d8_136.jpg,litura,4,8
litura/4/8/xw_d8_137.jpg,litura,4,8
litura/4/8/xw_d8_138.jpg,litura,4,8
litura/4/8/xw_d8_139.jpg,litura,4,8
litura/4/8/xw_d8_140.jpg,litura,4,8
litura/4/8/xw_d8_141.jpg,litura,4,8
litura/4/8/xw_d8_142.jpg,litura,4,8
litura/4/8/xw_d8_143.jpg,litura,4,8
litura/4/8/xw_d8_144.jpg,litura,4,8
litura/4/8/xw_d8_145.jpg,litura,4,8
litura/4/8/xw_d8_146.jpg,litura,4,8
litura/4/8/xw_d8_147.jpg,litura,4,8
litura/4/8/xw_d8_148.jpg,litura,4,8
litura/4/8/xw_d8_149.jpg,litura,4,8
litura/4/8/xw_d8_150.jpg,litura,4,8
litura/4/8/xw_d8_151.jpg,litura,4,8
litura/4/8/xw_d8_152.jpg,litura,4,8
litura/4/8/xw_d8_153.jpg,litura,4,8
litura/4/8/xw_d8_154.jpg,litura,4,8
litura/4/8/xw_d8_155.jpg,litura,4,8
litura/4/8/xw_d8_156.jpg,litura,4,8
litura/4/8/xw_d8_157.jpg,litura,4,8
litura/4/8/xw_d8_158.jpg,litura,4,8
litura/4/8/xw_d8_159.jpg,litura,4,8
litura/4/8/xw_d8_160.jpg,litura,4,8
litura/4/8/xw_d8_161.jpg,litura,4,8
litura/4/8/xw_d8_162.jpg,litura,4,8
litura/4/8/xw_d8_163.jpg,litura,4,8
litura/4/8/xw_d8_164.jpg,litura,4,8
litura/4/8/xw_d8_165.jpg,litura,4,8
litura/4/8/xw_d8_166.jpg,litura,4,8
litura/4/8/xw_d8_167.jpg,litura,4,8
litura/4/8/xw_d8_168.jpg,litura,4,8
litura/4/8/xw_d8_169.jpg,litura,4,8
litura/4/8/xw_d8_170.jpg,litura,4,8
litura/4/8/xw_d8_171.jpg,litura,4,8
litura/4/8/xw_d8_172.jpg,litura,4,8
litura/4/8/xw_d8_173.jpg,litura,4,8
litura/4/8/xw_d8_174.jpg,litura,4,8
litura/4/8/xw_d8_175.jpg,litura,4,8
litura/4/8/xw_d8_176.jpg,litura,4,8
litura/4/8/xw_d8_177.jpg,litura,4,8
litura/4/8/xw_d8_178.jpg,litura,4,8
litura/4/8/xw_d8_179.jpg,litura,4,8
litura/4/8/xw_d8_180.jpg,litura,4,8
litura/4/8/xw_d8_181.jpg,litura,4,8
litura/4/8/xw_d8_182.jpg,litura,4,8
litura/4/8/xw_d8_183.jpg,litura,4,8
litura/4/8/xw_d8_184.jpg,litura,4,8
litura/4/8/xw_d8_185.jpg,litura,4,8
litura/4/8/xw_d8_186.jpg,litura,4,8
litura/4/8/xw_d8_187.jpg,litura,4,8
litura/4/8/xw_d8_188.jpg,litura,4,8
litura/4/8/xw_d8_189.jpg,litura,4,8
litura/4/8/xw_d8_190.jpg,litura,4,8
litura/4/8/xw_d8_191.jpg,litura,4,8
litura/4/8/xw_d8_192.jpg,litura,4,8
litura/4/8/xw_d8_193.jpg,litura,4,8
litura/4/8/xw_d8_194.jpg,litura,4,8
litura/4/8/xw_d8_195.jpg,litura,4,8
litura/4/8/xw_d8_196.jpg,litura,4,8
litura/4/8/xw_d8_197.jpg,litura,4,8
litura/4/8/xw_d8_198.jpg,litura,4,8
litura/4/8/xw_d8_199.jpg,litura,4,8
litura/4/8/xw_d8_200.jpg,litura,4,8
litura/4/8/xw_d8_201.jpg,litura,4,8
litura/4/8/xw_d8_202.jpg,litura,4,8
litura/4/8/xw_d8_203.jpg,litura,4,8
litura/4/8/xw_d8_204.jpg,litura,4,8
litura/4/8/xw_d8_205.jpg,litura,4,8
litura/4/8/xw_d8_206.jpg,litura,4,8
litura/4/8/xw_d8_207.jpg,litura,4,8
litura/4/8/xw_d8_208.jpg,litura,4,8
litura/4/8/xw_d8_209.jpg,litura,4,8
litura/4/8/xw_d8_210.jpg,litura,4,8
litura/4/8/xw_d8_211.jpg,litura,4,8
litura/4/8/xw_d8_212.jpg,litura,4,8
litura/4/8/xw_d8_213.jpg,litura,4,8
litura/4/8/xw_d8_214.jpg,litura,4,8
litura/4/8/xw_d8_215.jpg,litura,4,8
litura/4/8/xw_d8_216.jpg,litura,4,8
litura/4/8/xw_d8_217.jpg,litura,4,8
litura/4/8/xw_d8_218.jpg,litura,4,8
litura/4/8/xw_d8_219.jpg,litura,4,8
litura/4/8/xw_d8_220.jpg,litura,4,8
litura/4/8/xw_d8_221.jpg,litura,4,8
litura/4/8/xw_d8_222.jpg,litura,4,8
litura/4/8/xw_d8_223.jpg,litura,4,8
litura/4/8/xw_d8_224.jpg,litura,4,8
litura/4/8/xw_d8_225.jpg,litura,4,8
litura/4/8/xw_d8_226.jpg,litura,4,8
litura/4/8/xw_d8_227.jpg,litura,4,8
litura/4/8/xw_d8_228.jpg,litura,4,8
litura/4/8/xw_d8_229.jpg,litura,4,8
litura/4/8/xw_d8_230.jpg,litura,4,8
litura/4/8/xw_d8_231.jpg,litura,4,8
litura/4/8/xw_d8_232.jpg,litura,4,8
litura/4/8/xw_d8_233.jpg,litura,4,8
litura/4/8/xw_d8_234.jpg,litura,4,8
litura/4/8/xw_d8_235.jpg,litura,4,8
litura/4/8/xw_d8_236.jpg,litura,4,8
litura/4/8/xw_d8_237.jpg,litura,4,8
litura/4/8/xw_d8_238.jpg,litura,4,8
litura/4/8/xw_d8_239.jpg,litura,4,8
litura/4/8/xw_d8_240.jpg,litura,4,8
litura/4/8/xw_d8_241.jpg,litura,4,8
litura/4/8/xw_d8_242.jpg,litura,4,8
litura/4/8/xw_d8_243.jpg,litura,4,8
litura/4/8/xw_d8_244.jpg,litura,4,8
litura/4/8/xw_d8_245.jpg,litura,4,8
litura/5/10/xw_d10_001.jpg,litura,5,10
litura/5/10/xw_d10_002.jpg,litura,5,10
litura/5/10/xw_d10_003.jpg,litura,5,10
litura/5/10/xw_d10_004.jpg,litura,5,10
litura/5/10/xw_d10_005.jpg,litura,5,10
litura/5/10/xw_d10_006.jpg,litura,5,10
litura/5/10/xw_d10_007.jpg,litura,5,10
litura/5/10/xw_d10_008.jpg,litura,5,10
litura/5/10/xw_d10_009.jpg,litura,5,10
litura/5/10/xw_d10_010.jpg,litura,5,10
litura/5/10/xw_d10_011.jpg,litura,5,10
litura/5/10/xw_d10_012.jpg,litura,5,10
litura/5/10/xw_d10_013.jpg,litura,5,10
litura/5/10/xw_d10_014.jpg,litura,5,10
litura/5/10/xw_d10_015.jpg,litura,5,10
litura/5/10/xw_d10_016.jpg,litura,5,10
litura/5/10/xw_d10_017.jpg,litura,5,10
litura/5/10/xw_d10_018.jpg,litura,5,10
litura/5/10/xw_d10_019.jpg,litura,5,10
litura/5/10/xw_d10_020.jpg,litura,5,10
litura/5/10/xw_d10_021.jpg,litura,5,10
litura/5/10/xw_d10_022.jpg,litura,5,10
litura/5/10/xw_d10_023.jpg,litura,5,10
litura/5/10/xw_d10_024.jpg,litura,5,10
litura/5/10/xw_d10_025.jpg,litura,5,10
litura/5/10/xw_d10_026.jpg,litura,5,10
litura/5/10/xw_d10_027.jpg,litura,5,10
litura/5/10/xw_d10_028.jpg,litura,5,10
litura/5/10/xw_d10_029.jpg,litura,5,10
litura/5/10/xw_d10_030.jpg,litura,5,10
litura/5/10/xw_d10_031.jpg,litura,5,10
litura/5/10/xw_d10_032.jpg,litura,5,10
litura/5/10/xw_d10_033.jpg,litura,5,10
litura/5/10/xw_d10_034.jpg,litura,5,10
litura/5/10/xw_d10_035.jpg,litura,5,10
litura/5/10/xw_d10_036.jpg,litura,5,10
litura/5/10/xw_d10_037.jpg,litura,5,10
litura/5/10/xw_d10_038.jpg,litura,5,10
litura/5/10/xw_d10_039.jpg,litura,5,10
litura/5/10/xw_d10_040.jpg,litura,5,10
litura/5/10/xw_d10_041.jpg,litura,5,10
litura/5/10/xw_d10_042.jpg,litura,5,10
litura/5/10/xw_d10_043.jpg,litura,5,10
litura/5/10/xw_d10_044.jpg,litura,5,10
litura/5/10/xw_d10_045.jpg,litura,5,10
litura/5/10/xw_d10_046.jpg,litura,5,10
litura/5/10/xw_d10_047.jpg,litura,5,10
litura/5/10/xw_d10_048.jpg,litura,5,10
litura/5/10/xw_d10_049.jpg,litura,5,10
litura/5/10/xw_d10_050.jpg,litura,5,10
litura/5/10/xw_d10_051.jpg,litura,5,10
litura/5/10/xw_d10_052.jpg,litura,5,10
litura/5/10/xw_d10_053.jpg,litura,5,10
litura/5/10/xw_d10_054.jpg,litura,5,10
litura/5/10/xw_d10_055.jpg,litura,5,10
litura/5/10/xw_d10_056.jpg,litura,5,10
litura/5/10/xw_d10_057.jpg,litura,5,10
litura/5/10/xw_d10_058.jpg,litura,5,10
litura/5/10/xw_d10_059.jpg,litura,5,10
litura/5/10/xw_d10_060.jpg,litura,5,10
litura/5/10/xw_d10_061.jpg,litura,5,10
litura/5/10/xw_d10_062.jpg,litura,5,10
litura/5/10/xw_d10_063.jpg,litura,5,10
litura/5/10/xw_d10_064.jpg,litura,5,10
litura/5/10/xw_d10_065.jpg,litura,5,10
litura/5/10/xw_d10_066.jpg,litura,5,10
litura/5/10/xw_d10_067.jpg,litura,5,10
litura/5/10/xw_d10_068.jpg,litura,5,10
litura/5/10/xw_d10_069.jpg,litura,5,10
litura/5/10/xw_d10_070.jpg,litura,5,10
litura/5/10/xw_d10_071.jpg,litura,5,10
litura/5/10/xw_d10_072.jpg,litura,5,10
litura/5/10/xw_d10_073.jpg,litura,5,10
litura/5/10/xw_d10_074.jpg,litura,5,10
litura/5/10/xw_d10_075.jpg,litura,5,10
litura/5/10/xw_d10_076.jpg,litura,5,10
litura/5/10/xw_d10_077.jpg,litura,5,10
litura/5/10/xw_d10_078.jpg,litura,5,10
litura/5/10/xw_d10_079.jpg,litura,5,10
litura/5/10/xw_d10_080.jpg,litura,5,10
litura/5/10/xw_d10_081.jpg,litura,5,10
litura/5/10/xw_d10_082.jpg,litura,5,10
litura/5/10/xw_d10_083.jpg,litura,5,10
litura/5/10/xw_d10_084.jpg,litura,5,10
litura/5/10/xw_d10_085.jpg,litura,5,10
litura/5/10/xw_d10_086.jpg,litura,5,10
litura/5/10/xw_d10_087.jpg,litura,5,10
litura/5/10/xw_d10_088.jpg,litura,5,10
litura/5/10/xw_d10_089.jpg,litura,5,10
litura/5/10/xw_d10_090.jpg,litura,5,10
litura/5/10/xw_d10_091.jpg,litura,5,10
litura/5/10/xw_d10_092.jpg,litura,5,10
litura/5/10/xw_d10_093.jpg,litura,5,10
litura/5/10/xw_d10_094.jpg,litura,5,10
litura/5/10/xw_d10_095.jpg,litura,5,10
litura/5/10/xw_d10_096.jpg,litura,5,10
litura/5/10/xw_d10_097.jpg,litura,5,10
litura/5/10/xw_d10_098.jpg,litura,5,10
litura/5/10/xw_d10_099.jpg,litura,5,10
litura/5/10/xw_d10_100.jpg,litura,5,10
litura/5/10/xw_d10_101.jpg,litura,5,10
litura/5/10/xw_d10_102.jpg,litura,5,10
litura/5/10/xw_d10_103.jpg,litura,5,10
litura/5/10/xw_d10_104.jpg,litura,5,10
litura/5/10/xw_d10_105.jpg,litura,5,10
litura/5/10/xw_d10_106.jpg,litura,5,10
litura/5/10/xw_d10_107.jpg,litura,5,10
litura/5/10/xw_d10_108.jpg,litura,5,10
litura/5/10/xw_d10_109.jpg,litura,5,10
litura/5/10/xw_d10_110.jpg,litura,5,10
litura/5/10/xw_d10_111.jpg,litura,5,10
litura/5/10/xw_d10_112.jpg,litura,5,10
litura/5/10/xw_d10_113.jpg,litura,5,10
litura/5/10/xw_d10_114.jpg,litura,5,10
litura/5/10/xw_d10_115.jpg,litura,5,10
litura/5/10/xw_d10_116.jpg,litura,5,10
litura/5/10/xw_d10_117.jpg,litura,5,10
litura/5/10/xw_d10_118.jpg,litura,5,10
litura/5/10/xw_d10_119.jpg,litura,5,10
litura/5/10/xw_d10_120.jpg,litura,5,10
litura/5/10/xw_d10_121.jpg,litura,5,10
litura/5/10/xw_d10_122.jpg,litura,5,10
litura/5/10/xw_d10_123.jpg,litura,5,10
litura/5/10/xw_d10_124.jpg,litura,5,10
litura/5/10/xw_d10_125.jpg,litura,5,10
litura/5/10/xw_d10_126.jpg,litura,5,10
litura/5/10/xw_d10_127.jpg,litura,5,10
litura/5/10/xw_d10_128.jpg,litura,5,10
litura/5/10/xw_d10_129.jpg,litura,5,10
litura/5/10/xw_d10_130.jpg,litura,5,10
litura/5/10/xw_d10_131.jpg,litura,5,10
litura/5/10/xw_d10_132.jpg,litura,5,10
litura/5/10/xw_d10_133.jpg,litura,5,10
litura/5/10/xw_d10_134.jpg,litura,5,10
litura/5/10/xw_d10_135.jpg,litura,5,10
litura/5/10/xw_d10_136.jpg,litura,5,10
litura/5/10/xw_d10_137.jpg,litura,5,10
litura/5/10/xw_d10_138.jpg,litura,5,10
litura/5/10/xw_d10_139.jpg,litura,5,10
litura/5/10/xw_d10_140.jpg,litura,5,10
litura/5/10/xw_d10_141.jpg,litura,5,10
litura/5/10/xw_d10_142.jpg,litura,5,10
litura/5/10/xw_d10_143.jpg,litura,5,10
litura/5/10/xw_d10_144.jpg,litura,5,10
litura/5/10/xw_d10_145.jpg,litura,5,10
litura/5/10/xw_d10_146.jpg,litura,5,10
litura/5/10/xw_d10_147.jpg,litura,5,10
litura/5/10/xw_d10_148.jpg,litura,5,10
litura/5/10/xw_d10_149.jpg,litura,5,10
litura/5/10/xw_d10_150.jpg,litura,5,10
litura/5/10/xw_d10_151.jpg,litura,5,10
litura/5/10/xw_d10_152.jpg,litura,5,10
litura/5/10/xw_d10_153.jpg,litura,5,10
litura/5/10/xw_d10_154.jpg,litura,5,10
litura/5/10/xw_d10_155.jpg,litura,5,10
litura/5/10/xw_d10_156.jpg,litura,5,10
litura/5/10/xw_d10_157.jpg,litura,5,10
litura/5/10/xw_d10_158.jpg,litura,5,10
litura/5/10/xw_d10_159.jpg,litura,5,10
litura/5/10/xw_d10_160.jpg,litura,5,10
litura/5/10/xw_d10_161.jpg,litura,5,10
litura/5/10/xw_d10_162.jpg,litura,5,10
litura/5/10/xw_d10_163.jpg,litura,5,10
litura/5/10/xw_d10_164.jpg,litura,5,10
litura/5/10/xw_d10_165.jpg,litura,5,10
litura/5/10/xw_d10_166.jpg,litura,5,10
litura/5/10/xw_d10_167.jpg,litura,5,10
litura/5/10/xw_d10_168.jpg,litura,5,10
litura/5/10/xw_d10_169.jpg,litura,5,10
litura/5/10/xw_d10_170.jpg,litura,5,10
litura/5/10/xw_d10_171.jpg,litura,5,10
litura/5/10/xw_d10_172.jpg,litura,5,10
litura/5/10/xw_d10_173.jpg,litura,5,10
litura/5/10/xw_d10_174.jpg,litura,5,10
litura/5/10/xw_d10_175.jpg,litura,5,10
litura/5/10/xw_d10_176.jpg,litura,5,10
litura/5/10/xw_d10_177.jpg,litura,5,10
litura/5/10/xw_d10_178.jpg,litura,5,10
litura/5/10/xw_d10_179.jpg,litura,5,10
litura/5/10/xw_d10_180.jpg,litura,5,10
litura/5/10/xw_d10_181.jpg,litura,5,10
litura/5/10/xw_d10_182.jpg,litura,5,10
litura/5/10/xw_d10_183.jpg,litura,5,10
litura/5/10/xw_d10_184.jpg,litura,5,10
litura/5/10/xw_d10_185.jpg,litura,5,10
litura/5/10/xw_d10_186.jpg,litura,5,10
litura/5/10/xw_d10_187.jpg,litura,5,10
litura/5/10/xw_d10_188.jpg,litura,5,10
litura/5/10/xw_d10_189.jpg,litura,5,10
litura/5/10/xw_d10_190.jpg,litura,5,10
litura/5/10/xw_d10_191.jpg,litura,5,10
litura/5/10/xw_d10_192.jpg,litura,5,10
litura/5/10/xw_d10_193.jpg,litura,5,10
litura/5/10/xw_d10_194.jpg,litura,5,10
litura/5/10/xw_d10_195.jpg,litura,5,10
litura/5/10/xw_d10_196.jpg,litura,5,10
litura/5/10/xw_d10_197.jpg,litura,5,10
litura/5/10/xw_d10_198.jpg,litura,5,10
litura/5/10/xw_d10_199.jpg,litura,5,10
litura/5/10/xw_d10_200.jpg,litura,5,10
litura/5/10/xw_d10_201.jpg,litura,5,10
litura/5/10/xw_d10_202.jpg,litura,5,10
litura/5/10/xw_d10_203.jpg,litura,5,10
litura/5/10/xw_d10_204.jpg,litura,5,10
litura/5/10/xw_d10_205.jpg,litura,5,10
litura/5/10/xw_d10_206.jpg,litura,5,10
litura/5/10/xw_d10_207.jpg,litura,5,10
litura/5/10/xw_d10_208.jpg,litura,5,10
litura/5/10/xw_d10_209.jpg,litura,5,10
litura/5/10/xw_d10_210.jpg,litura,5,10
litura/5/10/xw_d10_211.jpg,litura,5,10
litura/5/10/xw_d10_212.jpg,litura,5,10
litura/5/10/xw_d10_213.jpg,litura,5,10
litura/5/10/xw_d10_214.jpg,litura,5,10
litura/5/10/xw_d10_215.jpg,litura,5,10
litura/5/10/xw_d10_216.jpg,litura,5,10
litura/5/10/xw_d10_217.jpg,litura,5,10
litura/5/10/xw_d10_218.jpg,litura,5,10
litura/5/10/xw_d10_219.jpg,litura,5,10
litura/5/10/xw_d10_220.jpg,litura,5,10
litura/5/10/xw_d10_221.jpg,litura,5,10
litura/5/10/xw_d10_222.jpg,litura,5,10
litura/5/10/xw_d10_223.jpg,litura,5,10
litura/5/10/xw_d10_224.jpg,litura,5,10
litura/5/10/xw_d10_225.jpg,litura,5,10
litura/5/10/xw_d10_226.jpg,litura,5,10
litura/5/10/xw_d10_227.jpg,litura,5,10
litura/5/10/xw_d10_228.jpg,litura,5,10
litura/5/10/xw_d10_229.jpg,litura,5,10
litura/5/10/xw_d10_230.jpg,litura,5,10
litura/5/10/xw_d10_231.jpg,litura,5,10
litura/5/10/xw_d10_232.jpg,litura,5,10
litura/5/10/xw_d10_233.jpg,litura,5,10
litura/5/10/xw_d10_234.jpg,litura,5,10
litura/5/10/xw_d10_235.jpg,litura,5,10
litura/5/10/xw_d10_236.jpg,litura,5,10
litura/5/10/xw_d10_237.jpg,litura,5,10
litura/5/10/xw_d10_238.jpg,litura,5,10
litura/5/10/xw_d10_239.jpg,litura,5,10
litura/5/10/xw_d10_240.jpg,litura,5,10
litura/5/11/xw_d11_001.jpg,litura,5,11
litura/5/11/xw_d11_002.jpg,litura,5,11
litura/5/11/xw_d11_003.jpg,litura,5,11
litura/5/11/xw_d11_004.jpg,litura,5,11
litura/5/11/xw_d11_005.jpg,litura,5,11
litura/5/11/xw_d11_006.jpg,litura,5,11
litura/5/11/xw_d11_007.jpg,litura,5,11
litura/5/11/xw_d11_008.jpg,litura,5,11
litura/5/11/xw_d11_009.jpg,litura,5,11
litura/5/11/xw_d11_010.jpg,litura,5,11
litura/5/11/xw_d11_011.jpg,litura,5,11
litura/5/11/xw_d11_012.jpg,litura,5,11
litura/5/11/xw_d11_013.jpg,litura,5,11
litura/5/11/xw_d11_014.jpg,litura,5,11
litura/5/11/xw_d11_015.jpg,litura,5,11
litura/5/11/xw_d11_016.jpg,litura,5,11
litura/5/11/xw_d11_017.jpg,litura,5,11
litura/5/11/xw_d11_018.jpg,litura,5,11
litura/5/11/xw_d11_019.jpg,litura,5,11
litura/5/11/xw_d11_020.jpg,litura,5,11
litura/5/11/xw_d11_021.jpg,litura,5,11
litura/5/11/xw_d11_022.jpg,litura,5,11
litura/5/11/xw_d11_023.jpg,litura,5,11
litura/5/11/xw_d11_024.jpg,litura,5,11
litura/5/11/xw_d11_025.jpg,litura,5,11
litura/5/11/xw_d11_026.jpg,litura,5,11
litura/5/11/xw_d11_027.jpg,litura,5,11
litura/5/11/xw_d11_028.jpg,litura,5,11
litura/5/11/xw_d11_029.jpg,litura,5,11
litura/5/11/xw_d11_030.jpg,litura,5,11
litura/5/11/xw_d11_031.jpg,litura,5,11
litura/5/11/xw_d11_032.jpg,litura,5,11
litura/5/11/xw_d11_033.jpg,litura,5,11
litura/5/11/xw_d11_034.jpg,litura,5,11
litura/5/11/xw_d11_035.jpg,litura,5,11
litura/5/11/xw_d11_036.jpg,litura,5,11
litura/5/11/xw_d11_037.jpg,litura,5,11
litura/5/11/xw_d11_038.jpg,litura,5,11
litura/5/11/xw_d11_039.jpg,litura,5,11
litura/5/11/xw_d11_040.jpg,litura,5,11
litura/5/11/xw_d11_041.jpg,litura,5,11
litura/5/11/xw_d11_042.jpg,litura,5,11
litura/5/11/xw_d11_043.jpg,litura,5,11
litura/5/11/xw_d11_044.jpg,litura,5,11
litura/5/11/xw_d11_045.jpg,litura,5,11
litura/5/11/xw_d11_046.jpg,litura,5,11
litura/5/11/xw_d11_047.jpg,litura,5,11
litura/5/11/xw_d11_048.jpg,litura,5,11
litura/5/11/xw_d11_049.jpg,litura,5,11
litura/5/11/xw_d11_050.jpg,litura,5,11
litura/5/11/xw_d11_051.jpg,litura,5,11
litura/5/11/xw_d11_052.jpg,litura,5,11
litura/5/11/xw_d11_053.jpg,litura,5,11
litura/5/11/xw_d11_054.jpg,litura,5,11
litura/5/11/xw_d11_055.jpg,litura,5,11
litura/5/11/xw_d11_056.jpg,litura,5,11
litura/5/11/xw_d11_057.jpg,litura,5,11
litura/5/11/xw_d11_058.jpg,litura,5,11
litura/5/11/xw_d11_059.jpg,litura,5,11
litura/5/11/xw_d11_060.jpg,litura,5,11
litura/5/11/xw_d11_061.jpg,litura,5,11
litura/5/11/xw_d11_062.jpg,litura,5,11
litura/5/11/xw_d11_063.jpg,litura,5,11
litura/5/11/xw_d11_064.jpg,litura,5,11
litura/5/11/xw_d11_065.jpg,litura,5,11
litura/5/11/xw_d11_066.jpg,litura,5,11
litura/5/11/xw_d11_067.jpg,litura,5,11
litura/5/11/xw_d11_068.jpg,litura,5,11
litura/5/11/xw_d11_069.jpg,litura,5,11
litura/5/11/xw_d11_070.jpg,litura,5,11
litura/5/11/xw_d11_071.jpg,litura,5,11
litura/5/11/xw_d11_072.jpg,litura,5,11
litura/5/11/xw_d11_073.jpg,litura,5,11
litura/5/11/xw_d11_074.jpg,litura,5,11
litura/5/11/xw_d11_075.jpg,litura,5,11
litura/5/11/xw_d11_076.jpg,litura,5,11
litura/5/11/xw_d11_077.jpg,litura,5,11
litura/5/11/xw_d11_078.jpg,litura,5,11
litura/5/11/xw_d11_079.jpg,litura,5,11
litura/5/11/xw_d11_080.jpg,litura,5,11
litura/5/11/xw_d11_081.jpg,litura,5,11
litura/5/11/xw_d11_082.jpg,litura,5,11
litura/5/11/xw_d11_083.jpg,litura,5,11
litura/5/11/xw_d11_084.jpg,litura,5,11
litura/5/11/xw_d11_085.jpg,litura,5,11
litura/5/11/xw_d11_086.jpg,litura,5,11
litura/5/11/xw_d11_087.jpg,litura,5,11
litura/5/11/xw_d11_088.jpg,litura,5,11
litura/5/11/xw_d11_089.jpg,litura,5,11
litura/5/11/xw_d11_090.jpg,litura,5,11
litura/5/11/xw_d11_091.jpg,litura,5,11
litura/5/11/xw_d11_092.jpg,litura,5,11
litura/5/11/xw_d11_093.jpg,litura,5,11
litura/5/11/xw_d11_094.jpg,litura,5,11
litura/5/11/xw_d11_095.jpg,litura,5,11
litura/5/11/xw_d11_096.jpg,litura,5,11
litura/5/11/xw_d11_097.jpg,litura,5,11
litura/5/11/xw_d11_098.jpg,litura,5,11
litura/5/11/xw_d11_099.jpg,litura,5,11
litura/5/11/xw_d11_100.jpg,litura,5,11
litura/5/11/xw_d11_101.jpg,litura,5,11
litura/5/11/xw_d11_102.jpg,litura,5,11
litura/5/11/xw_d11_103.jpg,litura,5,11
litura/5/11/xw_d11_104.jpg,litura,5,11
litura/5/11/xw_d11_105.jpg,litura,5,11
litura/5/11/xw_d11_106.jpg,litura,5,11
litura/5/11/xw_d11_107.jpg,litura,5,11
litura/5/11/xw_d11_108.jpg,litura,5,11
litura/5/11/xw_d11_109.jpg,litura,5,11
litura/5/11/xw_d11_110.jpg,litura,5,11
litura/5/11/xw_d11_111.jpg,litura,5,11
litura/5/11/xw_d11_112.jpg,litura,5,11
litura/5/11/xw_d11_113.jpg,litura,5,11
litura/5/11/xw_d11_114.jpg,litura,5,11
litura/5/11/xw_d11_115.jpg,litura,5,11
litura/5/11/xw_d11_116.jpg,litura,5,11
litura/5/11/xw_d11_117.jpg,litura,5,11
litura/5/11/xw_d11_118.jpg,litura,5,11
litura/5/11/xw_d11_119.jpg,litura,5,11
litura/5/11/xw_d11_120.jpg,litura,5,11
litura/5/11/xw_d11_121.jpg,litura,5,11
litura/5/11/xw_d11_122.jpg,litura,5,11
litura/5/11/xw_d11_123.jpg,litura,5,11
litura/5/11/xw_d11_124.jpg,litura,5,11
litura/5/11/xw_d11_125.jpg,litura,5,11
litura/5/11/xw_d11_126.jpg,litura,5,11
litura/5/11/xw_d11_127.jpg,litura,5,11
litura/5/11/xw_d11_128.jpg,litura,5,11
litura/5/11/xw_d11_129.jpg,litura,5,11
litura/5/11/xw_d11_130.jpg,litura,5,11
litura/5/11/xw_d11_131.jpg,litura,5,11
litura/5/11/xw_d11_132.jpg,litura,5,11
litura/5/11/xw_d11_133.jpg,litura,5,11
litura/5/11/xw_d11_134.jpg,litura,5,11
litura/5/11/xw_d11_135.jpg,litura,5,11
litura/5/11/xw_d11_136.jpg,litura,5,11
litura/5/11/xw_d11_137.jpg,litura,5,11
litura/5/11/xw_d11_138.jpg,litura,5,11
litura/5/11/xw_d11_139.jpg,litura,5,11
litura/5/11/xw_d11_140.jpg,litura,5,11
litura/5/11/xw_d11_141.jpg,litura,5,11
litura/5/11/xw_d11_142.jpg,litura,5,11
litura/5/11/xw_d11_143.jpg,litura,5,11
litura/5/11/xw_d11_144.jpg,litura,5,11
litura/5/11/xw_d11_145.jpg,litura,5,11
litura/5/11/xw_d11_146.jpg,litura,5,11
litura/5/11/xw_d11_147.jpg,litura,5,11
litura/5/11/xw_d11_148.jpg,litura,5,11
litura/5/11/xw_d11_149.jpg,litura,5,11
litura/5/11/xw_d11_150.jpg,litura,5,11
litura/5/11/xw_d11_151.jpg,litura,5,11
litura/5/11/xw_d11_152.jpg,litura,5,11
litura/5/11/xw_d11_153.jpg,litura,5,11
litura/5/11/xw_d11_154.jpg,litura,5,11
litura/5/11/xw_d11_155.jpg,litura,5,11
litura/5/11/xw_d11_156.jpg,litura,5,11
litura/5/11/xw_d11_157.jpg,litura,5,11
litura/5/11/xw_d11_158.jpg,litura,5,11
litura/5/11/xw_d11_159.jpg,litura,5,11
litura/5/11/xw_d11_160.jpg,litura,5,11
litura/5/11/xw_d11_161.jpg,litura,5,11
litura/5/11/xw_d11_162.jpg,litura,5,11
litura/5/11/xw_d11_163.jpg,litura,5,11
litura/5/11/xw_d11_164.jpg,litura,5,11
litura/5/11/xw_d11_165.jpg,litura,5,11
litura/5/11/xw_d11_166.jpg,litura,5,11
litura/5/11/xw_d11_167.jpg,litura,5,11
litura/5/11/xw_d11_168.jpg,litura,5,11
litura/5/11/xw_d11_169.jpg,litura,5,11
litura/5/11/xw_d11_170.jpg,litura,5,11
litura/5/11/xw_d11_171.jpg,litura,5,11
litura/5/11/xw_d11_172.jpg,litura,5,11
litura/5/11/xw_d11_173.jpg,litura,5,11
litura/5/11/xw_d11_174.jpg,litura,5,11
litura/5/11/xw_d11_175.jpg,litura,5,11
litura/5/11/xw_d11_176.jpg,litura,5,11
litura/5/11/xw_d11_177.jpg,litura,5,11
litura/5/11/xw_d11_178.jpg,litura,5,11
litura/5/11/xw_d11_179.jpg,litura,5,11
litura/5/11/xw_d11_180.jpg,litura,5,11
litura/5/11/xw_d11_181.jpg,litura,5,11
litura/5/11/xw_d11_182.jpg,litura,5,11
litura/5/11/xw_d11_183.jpg,litura,5,11
litura/5/11/xw_d11_184.jpg,litura,5,11
litura/5/11/xw_d11_185.jpg,litura,5,11
litura/5/11/xw_d11_186.jpg,litura,5,11
litura/5/11/xw_d11_187.jpg,litura,5,11
litura/5/11/xw_d11_188.jpg,litura,5,11
litura/5/11/xw_d11_189.jpg,litura,5,11
litura/5/11/xw_d11_190.jpg,litura,5,11
litura/5/11/xw_d11_191.jpg,litura,5,11
litura/5/11/xw_d11_192.jpg,litura,5,11
litura/5/11/xw_d11_193.jpg,litura,5,11
litura/5/11/xw_d11_194.jpg,litura,5,11
litura/5/11/xw_d11_195.jpg,litura,5,11
litura/5/11/xw_d11_196.jpg,litura,5,11
litura/5/11/xw_d11_197.jpg,litura,5,11
litura/5/11/xw_d11_198.jpg,litura,5,11
litura/5/11/xw_d11_199.jpg,litura,5,11
litura/5/11/xw_d11_200.jpg,litura,5,11
litura/5/12/xw_d12_001.jpg,litura,5,12
litura/5/12/xw_d12_002.jpg,litura,5,12
litura/5/12/xw_d12_003.jpg,litura,5,12
litura/5/12/xw_d12_004.jpg,litura,5,12
litura/5/12/xw_d12_005.jpg,litura,5,12
litura/5/12/xw_d12_006.jpg,litura,5,12
litura/5/12/xw_d12_007.jpg,litura,5,12
litura/5/12/xw_d12_008.jpg,litura,5,12
litura/5/12/xw_d12_009.jpg,litura,5,12
litura/5/12/xw_d12_010.jpg,litura,5,12
litura/5/12/xw_d12_011.jpg,litura,5,12
litura/5/12/xw_d12_012.jpg,litura,5,12
litura/5/12/xw_d12_013.jpg,litura,5,12
litura/5/12/xw_d12_014.jpg,litura,5,12
litura/5/12/xw_d12_015.jpg,litura,5,12
litura/5/12/xw_d12_016.jpg,litura,5,12
litura/5/12/xw_d12_017.jpg,litura,5,12
litura/5/12/xw_d12_018.jpg,litura,5,12
litura/5/12/xw_d12_019.jpg,litura,5,12
litura/5/12/xw_d12_020.jpg,litura,5,12
litura/5/12/xw_d12_021.jpg,litura,5,12
litura/5/12/xw_d12_022.jpg,litura,5,12
litura/5/12/xw_d12_023.jpg,litura,5,12
litura/5/12/xw_d12_024.jpg,litura,5,12
litura/5/12/xw_d12_025.jpg,litura,5,12
litura/5/12/xw_d12_026.jpg,litura,5,12
litura/5/12/xw_d12_027.jpg,litura,5,12
litura/5/12/xw_d12_028.jpg,litura,5,12
litura/5/12/xw_d12_029.jpg,litura,5,12
litura/5/12/xw_d12_030.jpg,litura,5,12
litura/5/12/xw_d12_031.jpg,litura,5,12
litura/5/12/xw_d12_032.jpg,litura,5,12
litura/5/12/xw_d12_033.jpg,litura,5,12
litura/5/12/xw_d12_034.jpg,litura,5,12
litura/5/12/xw_d12_035.jpg,litura,5,12
litura/5/12/xw_d12_036.jpg,litura,5,12
litura/5/12/xw_d12_037.jpg,litura,5,12
litura/5/12/xw_d12_038.jpg,litura,5,12
litura/5/12/xw_d12_039.jpg,litura,5,12
litura/5/12/xw_d12_040.jpg,litura,5,12
litura/5/12/xw_d12_041.jpg,litura,5,12
litura/5/12/xw_d12_042.jpg,litura,5,12
litura/5/12/xw_d12_043.jpg,litura,5,12
litura/5/12/xw_d12_044.jpg,litura,5,12
litura/5/12/xw_d12_045.jpg,litura,5,12
litura/5/12/xw_d12_046.jpg,litura,5,12
litura/5/12/xw_d12_047.jpg,litura,5,12
litura/5/12/xw_d12_048.jpg,litura,5,12
litura/5/12/xw_d12_049.jpg,litura,5,12
litura/5/12/xw_d12_050.jpg,litura,5,12
litura/5/12/xw_d12_051.jpg,litura,5,12
litura/5/12/xw_d12_052.jpg,litura,5,12
litura/5/12/xw_d12_053.jpg,litura,5,12
litura/5/12/xw_d12_054.jpg,litura,5,12
litura/5/12/xw_d12_055.jpg,litura,5,12
litura/5/12/xw_d12_056.jpg,litura,5,12
litura/5/12/xw_d12_057.jpg,litura,5,12
litura/5/12/xw_d12_058.jpg,litura,5,12
litura/5/12/xw_d12_059.jpg,litura,5,12
litura/5/12/xw_d12_060.jpg,litura,5,12
litura/5/12/xw_d12_061.jpg,litura,5,12
litura/5/12/xw_d12_062.jpg,litura,5,12
litura/5/12/xw_d12_063.jpg,litura,5,12
litura/5/12/xw_d12_064.jpg,litura,5,12
litura/5/12/xw_d12_065.jpg,litura,5,12
litura/5/12/xw_d12_066.jpg,litura,5,12
litura/5/12/xw_d12_067.jpg,litura,5,12
litura/5/12/xw_d12_068.jpg,litura,5,12
litura/5/12/xw_d12_069.jpg,litura,5,12
litura/5/12/xw_d12_070.jpg,litura,5,12
litura/5/12/xw_d12_071.jpg,litura,5,12
litura/5/12/xw_d12_072.jpg,litura,5,12
litura/5/12/xw_d12_073.jpg,litura,5,12
litura/5/12/xw_d12_074.jpg,litura,5,12
litura/5/12/xw_d12_075.jpg,litura,5,12
litura/5/12/xw_d12_076.jpg,litura,5,12
litura/5/12/xw_d12_077.jpg,litura,5,12
litura/5/12/xw_d12_078.jpg,litura,5,12
litura/5/12/xw_d12_079.jpg,litura,5,12
litura/5/12/xw_d12_080.jpg,litura,5,12
litura/5/12/xw_d12_081.jpg,litura,5,12
litura/5/12/xw_d12_082.jpg,litura,5,12
litura/5/12/xw_d12_083.jpg,litura,5,12
litura/5/12/xw_d12_084.jpg,litura,5,12
litura/5/12/xw_d12_085.jpg,litura,5,12
litura/5/12/xw_d12_086.jpg,litura,5,12
litura/5/12/xw_d12_087.jpg,litura,5,12
litura/5/12/xw_d12_088.jpg,litura,5,12
litura/5/12/xw_d12_089.jpg,litura,5,12
litura/5/12/xw_d12_090.jpg,litura,5,12
litura/5/12/xw_d12_091.jpg,litura,5,12
litura/5/12/xw_d12_092.jpg,litura,5,12
litura/5/12/xw_d12_093.jpg,litura,5,12
litura/5/12/xw_d12_094.jpg,litura,5,12
litura/5/12/xw_d12_095.jpg,litura,5,12
litura/5/12/xw_d12_096.jpg,litura,5,12
litura/5/12/xw_d12_097.jpg,litura,5,12
litura/5/12/xw_d12_098.jpg,litura,5,12
litura/5/12/xw_d12_099.jpg,litura,5,12
litura/5/12/xw_d12_100.jpg,litura,5,12
litura/5/12/xw_d12_101.jpg,litura,5,12
litura/5/12/xw_d12_102.jpg,litura,5,12
litura/5/12/xw_d12_103.jpg,litura,5,12
litura/5/12/xw_d12_104.jpg,litura,5,12
litura/5/12/xw_d12_105.jpg,litura,5,12
litura/5/12/xw_d12_106.jpg,litura,5,12
litura/5/12/xw_d12_107.jpg,litura,5,12
litura/5/12/xw_d12_108.jpg,litura,5,12
litura/5/12/xw_d12_109.jpg,litura,5,12
litura/5/12/xw_d12_110.jpg,litura,5,12
litura/5/12/xw_d12_111.jpg,litura,5,12
litura/5/12/xw_d12_112.jpg,litura,5,12
litura/5/12/xw_d12_113.jpg,litura,5,12
litura/5/12/xw_d12_114.jpg,litura,5,12
litura/5/12/xw_d12_115.jpg,litura,5,12
litura/5/12/xw_d12_116.jpg,litura,5,12
litura/5/12/xw_d12_117.jpg,litura,5,12
litura/5/12/xw_d12_118.jpg,litura,5,12
litura/5/12/xw_d12_119.jpg,litura,5,12
litura/5/12/xw_d12_120.jpg,litura,5,12
litura/5/12/xw_d12_121.jpg,litura,5,12
litura/5/12/xw_d12_122.jpg,litura,5,12
litura/5/12/xw_d12_123.jpg,litura,5,12
litura/5/12/xw_d12_124.jpg,litura,5,12
litura/5/12/xw_d12_125.jpg,litura,5,12
litura/5/12/xw_d12_126.jpg,litura,5,12
litura/5/12/xw_d12_127.jpg,litura,5,12
litura/5/12/xw_d12_128.jpg,litura,5,12
litura/5/12/xw_d12_129.jpg,litura,5,12
litura/5/12/xw_d12_130.jpg,litura,5,12
litura/5/12/xw_d12_131.jpg,litura,5,12
litura/5/12/xw_d12_132.jpg,litura,5,12
litura/5/12/xw_d12_133.jpg,litura,5,12
litura/5/12/xw_d12_134.jpg,litura,5,12
litura/5/12/xw_d12_135.jpg,litura,5,12
litura/5/12/xw_d12_136.jpg,litura,5,12
litura/5/12/xw_d12_137.jpg,litura,5,12
litura/5/12/xw_d12_138.jpg,litura,5,12
litura/5/12/xw_d12_139.jpg,litura,5,12
litura/5/12/xw_d12_140.jpg,litura,5,12
litura/5/12/xw_d12_141.jpg,litura,5,12
litura/5/12/xw_d12_142.jpg,litura,5,12
litura/5/12/xw_d12_143.jpg,litura,5,12
litura/5/12/xw_d12_144.jpg,litura,5,12
litura/5/12/xw_d12_145.jpg,litura,5,12
litura/5/12/xw_d12_146.jpg,litura,5,12
litura/5/12/xw_d12_147.jpg,litura,5,12
litura/5/12/xw_d12_148.jpg,litura,5,12
litura/5/12/xw_d12_149.jpg,litura,5,12
litura/5/12/xw_d12_150.jpg,litura,5,12
litura/5/12/xw_d12_151.jpg,litura,5,12
litura/5/12/xw_d12_152.jpg,litura,5,12
litura/5/12/xw_d12_153.jpg,litura,5,12
litura/5/12/xw_d12_154.jpg,litura,5,12
litura/5/12/xw_d12_155.jpg,litura,5,12
litura/5/12/xw_d12_156.jpg,litura,5,12
litura/5/12/xw_d12_157.jpg,litura,5,12
litura/5/12/xw_d12_158.jpg,litura,5,12
litura/5/12/xw_d12_159.jpg,litura,5,12
litura/5/12/xw_d12_160.jpg,litura,5,12
litura/5/12/xw_d12_161.jpg,litura,5,12
litura/5/12/xw_d12_162.jpg,litura,5,12
litura/5/12/xw_d12_163.jpg,litura,5,12
litura/5/12/xw_d12_164.jpg,litura,5,12
litura/5/12/xw_d12_165.jpg,litura,5,12
litura/5/12/xw_d12_166.jpg,litura,5,12
litura/5/12/xw_d12_167.jpg,litura,5,12
litura/5/12/xw_d12_168.jpg,litura,5,12
litura/5/12/xw_d12_169.jpg,litura,5,12
litura/5/12/xw_d12_170.jpg,litura,5,12
litura/5/12/xw_d12_171.jpg,litura,5,12
litura/5/12/xw_d12_172.jpg,litura,5,12
litura/5/12/xw_d12_173.jpg,litura,5,12
litura/5/12/xw_d12_174.jpg,litura,5,12
litura/5/12/xw_d12_175.jpg,litura,5,12
litura/5/12/xw_d12_176.jpg,litura,5,12
litura/5/12/xw_d12_177.jpg,litura,5,12
litura/5/12/xw_d12_178.jpg,litura,5,12
litura/5/12/xw_d12_179.jpg,litura,5,12
litura/5/12/xw_d12_180.jpg,litura,5,12
litura/5/12/xw_d12_181.jpg,litura,5,12
litura/5/12/xw_d12_182.jpg,litura,5,12
litura/5/12/xw_d12_183.jpg,litura,5,12
litura/5/12/xw_d12_184.jpg,litura,5,12
litura/5/12/xw_d12_185.jpg,litura,5,12
litura/5/12/xw_d12_186.jpg,litura,5,12
litura/5/12/xw_d12_187.jpg,litura,5,12
litura/5/12/xw_d12_188.jpg,litura,5,12
litura/5/12/xw_d12_189.jpg,litura,5,12
litura/5/12/xw_d12_190.jpg,litura,5,12
litura/5/12/xw_d12_191.jpg,litura,5,12
litura/5/12/xw_d12_192.jpg,litura,5,12
litura/5/12/xw_d12_193.jpg,litura,5,12
litura/5/12/xw_d12_194.jpg,litura,5,12
litura/5/12/xw_d12_195.jpg,litura,5,12
litura/5/12/xw_d12_196.jpg,litura,5,12
litura/5/12/xw_d12_197.jpg,litura,5,12
litura/5/12/xw_d12_198.jpg,litura,5,12
litura/5/12/xw_d12_199.jpg,litura,5,12
litura/5/12/xw_d12_200.jpg,litura,5,12
litura/5/9/xw_d9_001.jpg,litura,5,9
litura/5/9/xw_d9_002.jpg,litura,5,9
litura/5/9/xw_d9_003.jpg,litura,5,9
litura/5/9/xw_d9_004.jpg,litura,5,9
litura/5/9/xw_d9_005.jpg,litura,5,9
litura/5/9/xw_d9_006.jpg,litura,5,9
litura/5/9/xw_d9_007.jpg,litura,5,9
litura/5/9/xw_d9_008.jpg,litura,5,9
litura/5/9/xw_d9_009.jpg,litura,5,9
litura/5/9/xw_d9_010.jpg,litura,5,9
litura/5/9/xw_d9_011.jpg,litura,5,9
litura/5/9/xw_d9_012.jpg,litura,5,9
litura/5/9/xw_d9_013.jpg,litura,5,9
litura/5/9/xw_d9_014.jpg,litura,5,9
litura/5/9/xw_d9_015.jpg,litura,5,9
litura/5/9/xw_d9_016.jpg,litura,5,9
litura/5/9/xw_d9_017.jpg,litura,5,9
litura/5/9/xw_d9_018.jpg,litura,5,9
litura/5/9/xw_d9_019.jpg,litura,5,9
litura/5/9/xw_d9_020.jpg,litura,5,9
litura/5/9/xw_d9_021.jpg,litura,5,9
litura/5/9/xw_d9_022.jpg,litura,5,9
litura/5/9/xw_d9_023.jpg,litura,5,9
litura/5/9/xw_d9_024.jpg,litura,5,9
litura/5/9/xw_d9_025.jpg,litura,5,9
litura/5/9/xw_d9_026.jpg,litura,5,9
litura/5/9/xw_d9_027.jpg,litura,5,9
litura/5/9/xw_d9_028.jpg,litura,5,9
litura/5/9/xw_d9_029.jpg,litura,5,9
litura/5/9/xw_d9_030.jpg,litura,5,9
litura/5/9/xw_d9_031.jpg,litura,5,9
litura/5/9/xw_d9_032.jpg,litura,5,9
litura/5/9/xw_d9_033.jpg,litura,5,9
litura/5/9/xw_d9_034.jpg,litura,5,9
litura/5/9/xw_d9_035.jpg,litura,5,9
litura/5/9/xw_d9_036.jpg,litura,5,9
litura/5/9/xw_d9_037.jpg,litura,5,9
litura/5/9/xw_d9_038.jpg,litura,5,9
litura/5/9/xw_d9_039.jpg,litura,5,9
litura/5/9/xw_d9_040.jpg,litura,5,9
litura/5/9/xw_d9_041.jpg,litura,5,9
litura/5/9/xw_d9_042.jpg,litura,5,9
litura/5/9/xw_d9_043.jpg,litura,5,9
litura/5/9/xw_d9_044.jpg,litura,5,9
litura/5/9/xw_d9_045.jpg,litura,5,9
litura/5/9/xw_d9_046.jpg,litura,5,9
litura/5/9/xw_d9_047.jpg,litura,5,9
litura/5/9/xw_d9_048.jpg,litura,5,9
litura/5/9/xw_d9_049.jpg,litura,5,9
litura/5/9/xw_d9_050.jpg,litura,5,9
litura/5/9/xw_d9_051.jpg,litura,5,9
litura/5/9/xw_d9_052.jpg,litura,5,9
litura/5/9/xw_d9_053.jpg,litura,5,9
litura/5/9/xw_d9_054.jpg,litura,5,9
litura/5/9/xw_d9_055.jpg,litura,5,9
litura/5/9/xw_d9_056.jpg,litura,5,9
litura/5/9/xw_d9_057.jpg,litura,5,9
litura/5/9/xw_d9_058.jpg,litura,5,9
litura/5/9/xw_d9_059.jpg,litura,5,9
litura/5/9/xw_d9_060.jpg,litura,5,9
litura/5/9/xw_d9_061.jpg,litura,5,9
litura/5/9/xw_d9_062.jpg,litura,5,9
litura/5/9/xw_d9_063.jpg,litura,5,9
litura/5/9/xw_d9_064.jpg,litura,5,9
litura/5/9/xw_d9_065.jpg,litura,5,9
litura/5/9/xw_d9_066.jpg,litura,5,9
litura/5/9/xw_d9_067.jpg,litura,5,9
litura/5/9/xw_d9_068.jpg,litura,5,9
litura/5/9/xw_d9_069.jpg,litura,5,9
litura/5/9/xw_d9_070.jpg,litura,5,9
litura/5/9/xw_d9_071.jpg,litura,5,9
litura/5/9/xw_d9_072.jpg,litura,5,9
litura/5/9/xw_d9_073.jpg,litura,5,9
litura/5/9/xw_d9_074.jpg,litura,5,9
litura/5/9/xw_d9_075.jpg,litura,5,9
litura/5/9/xw_d9_076.jpg,litura,5,9
litura/5/9/xw_d9_077.jpg,litura,5,9
litura/5/9/xw_d9_078.jpg,litura,5,9
litura/5/9/xw_d9_079.jpg,litura,5,9
litura/5/9/xw_d9_080.jpg,litura,5,9
litura/5/9/xw_d9_081.jpg,litura,5,9
litura/5/9/xw_d9_082.jpg,litura,5,9
litura/5/9/xw_d9_083.jpg,litura,5,9
litura/5/9/xw_d9_084.jpg,litura,5,9
litura/5/9/xw_d9_085.jpg,litura,5,9
litura/5/9/xw_d9_086.jpg,litura,5,9
litura/5/9/xw_d9_087.jpg,litura,5,9
litura/5/9/xw_d9_088.jpg,litura,5,9
litura/5/9/xw_d9_089.jpg,litura,5,9
litura/5/9/xw_d9_090.jpg,litura,5,9
litura/5/9/xw_d9_091.jpg,litura,5,9
litura/5/9/xw_d9_092.jpg,litura,5,9
litura/5/9/xw_d9_093.jpg,litura,5,9
litura/5/9/xw_d9_094.jpg,litura,5,9
litura/5/9/xw_d9_095.jpg,litura,5,9
litura/5/9/xw_d9_096.jpg,litura,5,9
litura/5/9/xw_d9_097.jpg,litura,5,9
litura/5/9/xw_d9_098.jpg,litura,5,9
litura/5/9/xw_d9_099.jpg,litura,5,9
litura/5/9/xw_d9_100.jpg,litura,5,9
litura/5/9/xw_d9_101.jpg,litura,5,9
litura/5/9/xw_d9_102.jpg,litura,5,9
litura/5/9/xw_d9_103.jpg,litura,5,9
litura/5/9/xw_d9_104.jpg,litura,5,9
litura/5/9/xw_d9_105.jpg,litura,5,9
litura/5/9/xw_d9_106.jpg,litura,5,9
litura/5/9/xw_d9_107.jpg,litura,5,9
litura/5/9/xw_d9_108.jpg,litura,5,9
litura/5/9/xw_d9_109.jpg,litura,5,9
litura/5/9/xw_d9_110.jpg,litura,5,9
litura/5/9/xw_d9_111.jpg,litura,5,9
litura/5/9/xw_d9_112.jpg,litura,5,9
litura/5/9/xw_d9_113.jpg,litura,5,9
litura/5/9/xw_d9_114.jpg,litura,5,9
litura/5/9/xw_d9_115.jpg,litura,5,9
litura/5/9/xw_d9_116.jpg,litura,5,9
litura/5/9/xw_d9_117.jpg,litura,5,9
litura/5/9/xw_d9_118.jpg,litura,5,9
litura/5/9/xw_d9_119.jpg,litura,5,9
litura/5/9/xw_d9_120.jpg,litura,5,9
litura/5/9/xw_d9_121.jpg,litura,5,9
litura/5/9/xw_d9_122.jpg,litura,5,9
litura/5/9/xw_d9_123.jpg,litura,5,9
litura/5/9/xw_d9_124.jpg,litura,5,9
litura/5/9/xw_d9_125.jpg,litura,5,9
litura/5/9/xw_d9_126.jpg,litura,5,9
litura/5/9/xw_d9_127.jpg,litura,5,9
litura/5/9/xw_d9_128.jpg,litura,5,9
litura/5/9/xw_d9_129.jpg,litura,5,9
litura/5/9/xw_d9_130.jpg,litura,5,9
litura/5/9/xw_d9_131.jpg,litura,5,9
litura/5/9/xw_d9_132.jpg,litura,5,9
litura/5/9/xw_d9_133.jpg,litura,5,9
litura/5/9/xw_d9_134.jpg,litura,5,9
litura/5/9/xw_d9_135.jpg,litura,5,9
litura/5/9/xw_d9_136.jpg,litura,5,9
litura/5/9/xw_d9_137.jpg,litura,5,9
litura/5/9/xw_d9_138.jpg,litura,5,9
litura/5/9/xw_d9_139.jpg,litura,5,9
litura/5/9/xw_d9_140.jpg,litura,5,9
litura/5/9/xw_d9_141.jpg,litura,5,9
litura/5/9/xw_d9_142.jpg,litura,5,9
litura/5/9/xw_d9_143.jpg,litura,5,9
litura/5/9/xw_d9_144.jpg,litura,5,9
litura/5/9/xw_d9_145.jpg,litura,5,9
litura/5/9/xw_d9_146.jpg,litura,5,9
litura/5/9/xw_d9_147.jpg,litura,5,9
litura/5/9/xw_d9_148.jpg,litura,5,9
litura/5/9/xw_d9_149.jpg,litura,5,9
litura/5/9/xw_d9_150.jpg,litura,5,9
litura/5/9/xw_d9_151.jpg,litura,5,9
litura/5/9/xw_d9_152.jpg,litura,5,9
litura/5/9/xw_d9_153.jpg,litura,5,9
litura/5/9/xw_d9_154.jpg,litura,5,9
litura/5/9/xw_d9_155.jpg,litura,5,9
litura/5/9/xw_d9_156.jpg,litura,5,9
litura/5/9/xw_d9_157.jpg,litura,5,9
litura/5/9/xw_d9_158.jpg,litura,5,9
litura/5/9/xw_d9_159.jpg,litura,5,9
litura/5/9/xw_d9_160.jpg,litura,5,9
litura/5/9/xw_d9_161.jpg,litura,5,9
litura/5/9/xw_d9_162.jpg,litura,5,9
litura/5/9/xw_d9_163.jpg,litura,5,9
litura/5/9/xw_d9_164.jpg,litura,5,9
litura/5/9/xw_d9_165.jpg,litura,5,9
litura/5/9/xw_d9_166.jpg,litura,5,9
litura/5/9/xw_d9_167.jpg,litura,5,9
litura/5/9/xw_d9_168.jpg,litura,5,9
litura/5/9/xw_d9_169.jpg,litura,5,9
litura/5/9/xw_d9_170.jpg,litura,5,9
litura/5/9/xw_d9_171.jpg,litura,5,9
litura/5/9/xw_d9_172.jpg,litura,5,9
litura/5/9/xw_d9_173.jpg,litura,5,9
litura/5/9/xw_d9_174.jpg,litura,5,9
litura/5/9/xw_d9_175.jpg,litura,5,9
litura/5/9/xw_d9_176.jpg,litura,5,9
litura/5/9/xw_d9_177.jpg,litura,5,9
litura/5/9/xw_d9_178.jpg,litura,5,9
litura/5/9/xw_d9_179.jpg,litura,5,9
litura/5/9/xw_d9_180.jpg,litura,5,9
litura/5/9/xw_d9_181.jpg,litura,5,9
litura/5/9/xw_d9_182.jpg,litura,5,9
litura/5/9/xw_d9_183.jpg,litura,5,9
litura/5/9/xw_d9_184.jpg,litura,5,9
litura/5/9/xw_d9_185.jpg,litura,5,9
litura/5/9/xw_d9_186.jpg,litura,5,9
litura/5/9/xw_d9_187.jpg,litura,5,9
litura/5/9/xw_d9_188.jpg,litura,5,9
litura/5/9/xw_d9_189.jpg,litura,5,9
litura/5/9/xw_d9_190.jpg,litura,5,9
litura/5/9/xw_d9_191.jpg,litura,5,9
litura/5/9/xw_d9_192.jpg,litura,5,9
litura/5/9/xw_d9_193.jpg,litura,5,9
litura/5/9/xw_d9_194.jpg,litura,5,9
litura/5/9/xw_d9_195.jpg,litura,5,9
litura/5/9/xw_d9_196.jpg,litura,5,9
litura/5/9/xw_d9_197.jpg,litura,5,9
litura/5/9/xw_d9_198.jpg,litura,5,9
litura/5/9/xw_d9_199.jpg,litura,5,9
litura/5/9/xw_d9_200.jpg,litura,5,9
litura/6/13/xw_d13_001.jpg,litura,6,13
litura/6/13/xw_d13_002.jpg,litura,6,13
litura/6/13/xw_d13_003.jpg,litura,6,13
litura/6/13/xw_d13_004.jpg,litura,6,13
litura/6/13/xw_d13_005.jpg,litura,6,13
litura/6/13/xw_d13_006.jpg,litura,6,13
litura/6/13/xw_d13_007.jpg,litura,6,13
litura/6/13/xw_d13_008.jpg,litura,6,13
litura/6/13/xw_d13_009.jpg,litura,6,13
litura/6/13/xw_d13_010.jpg,litura,6,13
litura/6/13/xw_d13_011.jpg,litura,6,13
litura/6/13/xw_d13_012.jpg,litura,6,13
litura/6/13/xw_d13_013.jpg,litura,6,13
litura/6/13/xw_d13_014.jpg,litura,6,13
litura/6/13/xw_d13_015.jpg,litura,6,13
litura/6/13/xw_d13_016.jpg,litura,6,13
litura/6/13/xw_d13_017.jpg,litura,6,13
litura/6/13/xw_d13_018.jpg,litura,6,13
litura/6/13/xw_d13_019.jpg,litura,6,13
litura/6/13/xw_d13_020.jpg,litura,6,13
litura/6/13/xw_d13_021.jpg,litura,6,13
litura/6/13/xw_d13_022.jpg,litura,6,13
litura/6/13/xw_d13_023.jpg,litura,6,13
litura/6/13/xw_d13_024.jpg,litura,6,13
litura/6/13/xw_d13_025.jpg,litura,6,13
litura/6/13/xw_d13_026.jpg,litura,6,13
litura/6/13/xw_d13_027.jpg,litura,6,13
litura/6/13/xw_d13_028.jpg,litura,6,13
litura/6/13/xw_d13_029.jpg,litura,6,13
litura/6/13/xw_d13_030.jpg,litura,6,13
litura/6/13/xw_d13_031.jpg,litura,6,13
litura/6/13/xw_d13_032.jpg,litura,6,13
litura/6/13/xw_d13_033.jpg,litura,6,13
litura/6/13/xw_d13_034.jpg,litura,6,13
litura/6/13/xw_d13_035.jpg,litura,6,13
litura/6/13/xw_d13_036.jpg,litura,6,13
litura/6/13/xw_d13_037.jpg,litura,6,13
litura/6/13/xw_d13_038.jpg,litura,6,13
litura/6/13/xw_d13_039.jpg,litura,6,13
litura/6/13/xw_d13_040.jpg,litura,6,13
litura/6/13/xw_d13_041.jpg,litura,6,13
litura/6/13/xw_d13_042.jpg,litura,6,13
litura/6/13/xw_d13_043.jpg,litura,6,13
litura/6/13/xw_d13_044.jpg,litura,6,13
litura/6/13/xw_d13_045.jpg,litura,6,13
litura/6/13/xw_d13_046.jpg,litura,6,13
litura/6/13/xw_d13_047.jpg,litura,6,13
litura/6/13/xw_d13_048.jpg,litura,6,13
litura/6/13/xw_d13_049.jpg,litura,6,13
litura/6/13/xw_d13_050.jpg,litura,6,13
litura/6/13/xw_d13_051.jpg,litura,6,13
litura/6/13/xw_d13_052.jpg,litura,6,13
litura/6/13/xw_d13_053.jpg,litura,6,13
litura/6/13/xw_d13_054.jpg,litura,6,13
litura/6/13/xw_d13_055.jpg,litura,6,13
litura/6/13/xw_d13_056.jpg,litura,6,13
litura/6/13/xw_d13_057.jpg,litura,6,13
litura/6/13/xw_d13_058.jpg,litura,6,13
litura/6/13/xw_d13_059.jpg,litura,6,13
litura/6/13/xw_d13_060.jpg,litura,6,13
litura/6/13/xw_d13_061.jpg,litura,6,13
litura/6/13/xw_d13_062.jpg,litura,6,13
litura/6/13/xw_d13_063.jpg,litura,6,13
litura/6/13/xw_d13_064.jpg,litura,6,13
litura/6/13/xw_d13_065.jpg,litura,6,13
litura/6/13/xw_d13_066.jpg,litura,6,13
litura/6/13/xw_d13_067.jpg,litura,6,13
litura/6/13/xw_d13_068.jpg,litura,6,13
litura/6/13/xw_d13_069.jpg,litura,6,13
litura/6/13/xw_d13_070.jpg,litura,6,13
litura/6/13/xw_d13_071.jpg,litura,6,13
litura/6/13/xw_d13_072.jpg,litura,6,13
litura/6/13/xw_d13_073.jpg,litura,6,13
litura/6/13/xw_d13_074.jpg,litura,6,13
litura/6/13/xw_d13_075.jpg,litura,6,13
litura/6/13/xw_d13_076.jpg,litura,6,13
litura/6/13/xw_d13_077.jpg,litura,6,13
litura/6/13/xw_d13_078.jpg,litura,6,13
litura/6/13/xw_d13_079.jpg,litura,6,13
litura/6/13/xw_d13_080.jpg,litura,6,13
litura/6/13/xw_d13_081.jpg,litura,6,13
litura/6/13/xw_d13_082.jpg,litura,6,13
litura/6/13/xw_d13_083.jpg,litura,6,13
litura/6/13/xw_d13_084.jpg,litura,6,13
litura/6/13/xw_d13_085.jpg,litura,6,13
litura/6/13/xw_d13_086.jpg,litura,6,13
litura/6/13/xw_d13_087.jpg,litura,6,13
litura/6/13/xw_d13_088.jpg,litura,6,13
litura/6/13/xw_d13_089.jpg,litura,6,13
litura/6/13/xw_d13_090.jpg,litura,6,13
litura/6/13/xw_d13_091.jpg,litura,6,13
litura/6/13/xw_d13_092.jpg,litura,6,13
litura/6/13/xw_d13_093.jpg,litura,6,13
litura/6/13/xw_d13_094.jpg,litura,6,13
litura/6/13/xw_d13_095.jpg,litura,6,13
litura/6/13/xw_d13_096.jpg,litura,6,13
litura/6/13/xw_d13_097.jpg,litura,6,13
litura/6/13/xw_d13_098.jpg,litura,6,13
litura/6/13/xw_d13_099.jpg,litura,6,13
litura/6/13/xw_d13_100.jpg,litura,6,13
litura/6/13/xw_d13_101.jpg,litura,6,13
litura/6/13/xw_d13_102.jpg,litura,6,13
litura/6/13/xw_d13_103.jpg,litura,6,13
litura/6/13/xw_d13_104.jpg,litura,6,13
litura/6/13/xw_d13_105.jpg,litura,6,13
litura/6/13/xw_d13_106.jpg,litura,6,13
litura/6/13/xw_d13_107.jpg,litura,6,13
litura/6/13/xw_d13_108.jpg,litura,6,13
litura/6/13/xw_d13_109.jpg,litura,6,13
litura/6/13/xw_d13_110.jpg,litura,6,13
litura/6/13/xw_d13_111.jpg,litura,6,13
litura/6/13/xw_d13_112.jpg,litura,6,13
litura/6/13/xw_d13_113.jpg,litura,6,13
litura/6/13/xw_d13_114.jpg,litura,6,13
litura/6/13/xw_d13_115.jpg,litura,6,13
litura/6/13/xw_d13_116.jpg,litura,6,13
litura/6/13/xw_d13_117.jpg,litura,6,13
litura/6/13/xw_d13_118.jpg,litura,6,13
litura/6/13/xw_d13_119.jpg,litura,6,13
litura/6/13/xw_d13_120.jpg,litura,6,13
litura/6/13/xw_d13_121.jpg,litura,6,13
litura/6/13/xw_d13_122.jpg,litura,6,13
litura/6/13/xw_d13_123.jpg,litura,6,13
litura/6/13/xw_d13_124.jpg,litura,6,13
litura/6/13/xw_d13_125.jpg,litura,6,13
litura/6/13/xw_d13_126.jpg,litura,6,13
litura/6/13/xw_d13_127.jpg,litura,6,13
litura/6/13/xw_d13_128.jpg,litura,6,13
litura/6/13/xw_d13_129.jpg,litura,6,13
litura/6/13/xw_d13_130.jpg,litura,6,13
litura/6/13/xw_d13_131.jpg,litura,6,13
litura/6/13/xw_d13_132.jpg,litura,6,13
litura/6/13/xw_d13_133.jpg,litura,6,13
litura/6/13/xw_d13_134.jpg,litura,6,13
litura/6/13/xw_d13_135.jpg,litura,6,13
litura/6/13/xw_d13_136.jpg,litura,6,13
litura/6/13/xw_d13_137.jpg,litura,6,13
litura/6/13/xw_d13_138.jpg,litura,6,13
litura/6/13/xw_d13_139.jpg,litura,6,13
litura/6/13/xw_d13_140.jpg,litura,6,13
litura/6/13/xw_d13_141.jpg,litura,6,13
litura/6/13/xw_d13_142.jpg,litura,6,13
litura/6/13/xw_d13_143.jpg,litura,6,13
litura/6/13/xw_d13_144.jpg,litura,6,13
litura/6/13/xw_d13_145.jpg,litura,6,13
litura/6/13/xw_d13_146.jpg,litura,6,13
litura/6/13/xw_d13_147.jpg,litura,6,13
litura/6/13/xw_d13_148.jpg,litura,6,13
litura/6/13/xw_d13_149.jpg,litura,6,13
litura/6/13/xw_d13_150.jpg,litura,6,13
litura/6/13/xw_d13_151.jpg,litura,6,13
litura/6/13/xw_d13_152.jpg,litura,6,13
litura/6/13/xw_d13_153.jpg,litura,6,13
litura/6/13/xw_d13_154.jpg,litura,6,13
litura/6/13/xw_d13_155.jpg,litura,6,13
litura/6/13/xw_d13_156.jpg,litura,6,13
litura/6/13/xw_d13_157.jpg,litura,6,13
litura/6/13/xw_d13_158.jpg,litura,6,13
litura/6/13/xw_d13_159.jpg,litura,6,13
litura/6/13/xw_d13_160.jpg,litura,6,13
litura/6/13/xw_d13_161.jpg,litura,6,13
litura/6/13/xw_d13_162.jpg,litura,6,13
litura/6/13/xw_d13_163.jpg,litura,6,13
litura/6/13/xw_d13_164.jpg,litura,6,13
litura/6/13/xw_d13_165.jpg,litura,6,13
litura/6/13/xw_d13_166.jpg,litura,6,13
litura/6/13/xw_d13_167.jpg,litura,6,13
litura/6/13/xw_d13_168.jpg,litura,6,13
litura/6/13/xw_d13_169.jpg,litura,6,13
litura/6/13/xw_d13_170.jpg,litura,6,13
litura/6/13/xw_d13_171.jpg,litura,6,13
litura/6/13/xw_d13_172.jpg,litura,6,13
litura/6/13/xw_d13_173.jpg,litura,6,13
litura/6/13/xw_d13_174.jpg,litura,6,13
litura/6/13/xw_d13_175.jpg,litura,6,13
litura/6/13/xw_d13_176.jpg,litura,6,13
litura/6/13/xw_d13_177.jpg,litura,6,13
litura/6/13/xw_d13_178.jpg,litura,6,13
litura/6/13/xw_d13_179.jpg,litura,6,13
litura/6/13/xw_d13_180.jpg,litura,6,13
litura/6/13/xw_d13_181.jpg,litura,6,13
litura/6/13/xw_d13_182.jpg,litura,6,13
litura/6/13/xw_d13_183.jpg,litura,6,13
litura/6/13/xw_d13_184.jpg,litura,6,13
litura/6/13/xw_d13_185.jpg,litura,6,13
litura/6/13/xw_d13_186.jpg,litura,6,13
litura/6/13/xw_d13_187.jpg,litura,6,13
litura/6/13/xw_d13_188.jpg,litura,6,13
litura/6/13/xw_d13_189.jpg,litura,6,13
litura/6/13/xw_d13_190.jpg,litura,6,13
litura/6/13/xw_d13_191.jpg,litura,6,13
litura/6/13/xw_d13_192.jpg,litura,6,13
litura/6/13/xw_d13_193.jpg,litura,6,13
litura/6/13/xw_d13_194.jpg,litura,6,13
litura/6/13/xw_d13_195.jpg,litura,6,13
litura/6/13/xw_d13_196.jpg,litura,6,13
litura/6/13/xw_d13_197.jpg,litura,6,13
litura/6/13/xw_d13_198.jpg,litura,6,13
litura/6/13/xw_d13_199.jpg,litura,6,13
litura/6/13/xw_d13_200.jpg,litura,6,13
litura/6/14/xw_d14_001.jpg,litura,6,14
litura/6/14/xw_d14_002.jpg,litura,6,14
litura/6/14/xw_d14_003.jpg,litura,6,14
litura/6/14/xw_d14_004.jpg,litura,6,14
litura/6/14/xw_d14_005.jpg,litura,6,14
litura/6/14/xw_d14_006.jpg,litura,6,14
litura/6/14/xw_d14_007.jpg,litura,6,14
litura/6/14/xw_d14_008.jpg,litura,6,14
litura/6/14/xw_d14_009.jpg,litura,6,14
litura/6/14/xw_d14_010.jpg,litura,6,14
litura/6/14/xw_d14_011.jpg,litura,6,14
litura/6/14/xw_d14_012.jpg,litura,6,14
litura/6/14/xw_d14_013.jpg,litura,6,14
litura/6/14/xw_d14_014.jpg,litura,6,14
litura/6/14/xw_d14_015.jpg,litura,6,14
litura/6/14/xw_d14_016.jpg,litura,6,14
litura/6/14/xw_d14_017.jpg,litura,6,14
litura/6/14/xw_d14_018.jpg,litura,6,14
litura/6/14/xw_d14_019.jpg,litura,6,14
litura/6/14/xw_d14_020.jpg,litura,6,14
litura/6/14/xw_d14_021.jpg,litura,6,14
litura/6/14/xw_d14_022.jpg,litura,6,14
litura/6/14/xw_d14_023.jpg,litura,6,14
litura/6/14/xw_d14_024.jpg,litura,6,14
litura/6/14/xw_d14_025.jpg,litura,6,14
litura/6/14/xw_d14_026.jpg,litura,6,14
litura/6/14/xw_d14_027.jpg,litura,6,14
litura/6/14/xw_d14_028.jpg,litura,6,14
litura/6/14/xw_d14_029.jpg,litura,6,14
litura/6/14/xw_d14_030.jpg,litura,6,14
litura/6/14/xw_d14_031.jpg,litura,6,14
litura/6/14/xw_d14_032.jpg,litura,6,14
litura/6/14/xw_d14_033.jpg,litura,6,14
litura/6/14/xw_d14_034.jpg,litura,6,14
litura/6/14/xw_d14_035.jpg,litura,6,14
litura/6/14/xw_d14_036.jpg,litura,6,14
litura/6/14/xw_d14_037.jpg,litura,6,14
litura/6/14/xw_d14_038.jpg,litura,6,14
litura/6/14/xw_d14_039.jpg,litura,6,14
litura/6/14/xw_d14_040.jpg,litura,6,14
litura/6/14/xw_d14_041.jpg,litura,6,14
litura/6/14/xw_d14_042.jpg,litura,6,14
litura/6/14/xw_d14_043.jpg,litura,6,14
litura/6/14/xw_d14_044.jpg,litura,6,14
litura/6/14/xw_d14_045.jpg,litura,6,14
litura/6/14/xw_d14_046.jpg,litura,6,14
litura/6/14/xw_d14_047.jpg,litura,6,14
litura/6/14/xw_d14_048.jpg,litura,6,14
litura/6/14/xw_d14_049.jpg,litura,6,14
litura/6/14/xw_d14_050.jpg,litura,6,14
litura/6/14/xw_d14_051.jpg,litura,6,14
litura/6/14/xw_d14_052.jpg,litura,6,14
litura/6/14/xw_d14_053.jpg,litura,6,14
litura/6/14/xw_d14_054.jpg,litura,6,14
litura/6/14/xw_d14_055.jpg,litura,6,14
litura/6/14/xw_d14_056.jpg,litura,6,14
litura/6/14/xw_d14_057.jpg,litura,6,14
litura/6/14/xw_d14_058.jpg,litura,6,14
litura/6/14/xw_d14_059.jpg,litura,6,14
litura/6/14/xw_d14_060.jpg,litura,6,14
litura/6/14/xw_d14_061.jpg,litura,6,14
litura/6/14/xw_d14_062.jpg,litura,6,14
litura/6/14/xw_d14_063.jpg,litura,6,14
litura/6/14/xw_d14_064.jpg,litura,6,14
litura/6/14/xw_d14_065.jpg,litura,6,14
litura/6/14/xw_d14_066.jpg,litura,6,14
litura/6/14/xw_d14_067.jpg,litura,6,14
litura/6/14/xw_d14_068.jpg,litura,6,14
litura/6/14/xw_d14_069.jpg,litura,6,14
litura/6/14/xw_d14_070.jpg,litura,6,14
litura/6/14/xw_d14_071.jpg,litura,6,14
litura/6/14/xw_d14_072.jpg,litura,6,14
litura/6/14/xw_d14_073.jpg,litura,6,14
litura/6/14/xw_d14_074.jpg,litura,6,14
litura/6/14/xw_d14_075.jpg,litura,6,14
litura/6/14/xw_d14_076.jpg,litura,6,14
litura/6/14/xw_d14_077.jpg,litura,6,14
litura/6/14/xw_d14_078.jpg,litura,6,14
litura/6/14/xw_d14_079.jpg,litura,6,14
litura/6/14/xw_d14_080.jpg,litura,6,14
litura/6/14/xw_d14_081.jpg,litura,6,14
litura/6/14/xw_d14_082.jpg,litura,6,14
litura/6/14/xw_d14_083.jpg,litura,6,14
litura/6/14/xw_d14_084.jpg,litura,6,14
litura/6/14/xw_d14_085.jpg,litura,6,14
litura/6/14/xw_d14_086.jpg,litura,6,14
litura/6/14/xw_d14_087.jpg,litura,6,14
litura/6/14/xw_d14_088.jpg,litura,6,14
litura/6/14/xw_d14_089.jpg,litura,6,14
litura/6/14/xw_d14_090.jpg,litura,6,14
litura/6/14/xw_d14_091.jpg,litura,6,14
litura/6/14/xw_d14_092.jpg,litura,6,14
litura/6/14/xw_d14_093.jpg,litura,6,14
litura/6/14/xw_d14_094.jpg,litura,6,14
litura/6/14/xw_d14_095.jpg,litura,6,14
litura/6/14/xw_d14_096.jpg,litura,6,14
litura/6/14/xw_d14_097.jpg,litura,6,14
litura/6/14/xw_d14_098.jpg,litura,6,14
litura/6/14/xw_d14_099.jpg,litura,6,14
litura/6/14/xw_d14_100.jpg,litura,6,14
litura/6/14/xw_d14_101.jpg,litura,6,14
litura/6/14/xw_d14_102.jpg,litura,6,14
litura/6/14/xw_d14_103.jpg,litura,6,14
litura/6/14/xw_d14_104.jpg,litura,6,14
litura/6/14/xw_d14_105.jpg,litura,6,14
litura/6/14/xw_d14_106.jpg,litura,6,14
litura/6/14/xw_d14_107.jpg,litura,6,14
litura/6/14/xw_d14_108.jpg,litura,6,14
litura/6/14/xw_d14_109.jpg,litura,6,14
litura/6/14/xw_d14_110.jpg,litura,6,14
litura/6/14/xw_d14_111.jpg,litura,6,14
litura/6/14/xw_d14_112.jpg,litura,6,14
litura/6/14/xw_d14_113.jpg,litura,6,14
litura/6/14/xw_d14_114.jpg,litura,6,14
litura/6/14/xw_d14_115.jpg,litura,6,14
litura/6/14/xw_d14_116.jpg,litura,6,14
litura/6/14/xw_d14_117.jpg,litura,6,14
litura/6/14/xw_d14_118.jpg,litura,6,14
litura/6/14/xw_d14_119.jpg,litura,6,14
litura/6/14/xw_d14_120.jpg,litura,6,14
litura/6/14/xw_d14_121.jpg,litura,6,14
litura/6/14/xw_d14_122.jpg,litura,6,14
litura/6/14/xw_d14_123.jpg,litura,6,14
litura/6/14/xw_d14_124.jpg,litura,6,14
litura/6/14/xw_d14_125.jpg,litura,6,14
litura/6/14/xw_d14_126.jpg,litura,6,14
litura/6/14/xw_d14_127.jpg,litura,6,14
litura/6/14/xw_d14_128.jpg,litura,6,14
litura/6/14/xw_d14_129.jpg,litura,6,14
litura/6/14/xw_d14_130.jpg,litura,6,14
litura/6/14/xw_d14_131.jpg,litura,6,14
litura/6/14/xw_d14_132.jpg,litura,6,14
litura/6/14/xw_d14_133.jpg,litura,6,14
litura/6/14/xw_d14_134.jpg,litura,6,14
litura/6/14/xw_d14_135.jpg,litura,6,14
litura/6/14/xw_d14_136.jpg,litura,6,14
litura/6/14/xw_d14_137.jpg,litura,6,14
litura/6/14/xw_d14_138.jpg,litura,6,14
litura/6/14/xw_d14_139.jpg,litura,6,14
litura/6/14/xw_d14_140.jpg,litura,6,14
litura/6/14/xw_d14_141.jpg,litura,6,14
litura/6/14/xw_d14_142.jpg,litura,6,14
litura/6/14/xw_d14_143.jpg,litura,6,14
litura/6/14/xw_d14_144.jpg,litura,6,14
litura/6/14/xw_d14_145.jpg,litura,6,14
litura/6/14/xw_d14_146.jpg,litura,6,14
litura/6/14/xw_d14_147.jpg,litura,6,14
litura/6/14/xw_d14_148.jpg,litura,6,14
litura/6/14/xw_d14_149.jpg,litura,6,14
litura/6/14/xw_d14_150.jpg,litura,6,14
litura/6/14/xw_d14_151.jpg,litura,6,14
litura/6/14/xw_d14_152.jpg,litura,6,14
litura/6/14/xw_d14_153.jpg,litura,6,14
litura/6/14/xw_d14_154.jpg,litura,6,14
litura/6/14/xw_d14_155.jpg,litura,6,14
litura/6/14/xw_d14_156.jpg,litura,6,14
litura/6/14/xw_d14_157.jpg,litura,6,14
litura/6/14/xw_d14_158.jpg,litura,6,14
litura/6/14/xw_d14_159.jpg,litura,6,14
litura/6/14/xw_d14_160.jpg,litura,6,14
litura/6/14/xw_d14_161.jpg,litura,6,14
litura/6/14/xw_d14_162.jpg,litura,6,14
litura/6/14/xw_d14_163.jpg,litura,6,14
litura/6/14/xw_d14_164.jpg,litura,6,14
litura/6/14/xw_d14_165.jpg,litura,6,14
litura/6/14/xw_d14_166.jpg,litura,6,14
litura/6/14/xw_d14_167.jpg,litura,6,14
litura/6/14/xw_d14_168.jpg,litura,6,14
litura/6/14/xw_d14_169.jpg,litura,6,14
litura/6/14/xw_d14_170.jpg,litura,6,14
litura/6/14/xw_d14_171.jpg,litura,6,14
litura/6/14/xw_d14_172.jpg,litura,6,14
litura/6/14/xw_d14_173.jpg,litura,6,14
litura/6/14/xw_d14_174.jpg,litura,6,14
litura/6/14/xw_d14_175.jpg,litura,6,14
litura/6/14/xw_d14_176.jpg,litura,6,14
litura/6/14/xw_d14_177.jpg,litura,6,14
litura/6/14/xw_d14_178.jpg,litura,6,14
litura/6/14/xw_d14_179.jpg,litura,6,14
litura/6/14/xw_d14_180.jpg,litura,6,14
litura/6/14/xw_d14_181.jpg,litura,6,14
litura/6/14/xw_d14_182.jpg,litura,6,14
litura/6/14/xw_d14_183.jpg,litura,6,14
litura/6/14/xw_d14_184.jpg,litura,6,14
litura/6/14/xw_d14_185.jpg,litura,6,14
litura/6/14/xw_d14_186.jpg,litura,6,14
litura/6/14/xw_d14_187.jpg,litura,6,14
litura/6/14/xw_d14_188.jpg,litura,6,14
litura/6/14/xw_d14_189.jpg,litura,6,14
litura/6/14/xw_d14_190.jpg,litura,6,14
litura/6/14/xw_d14_191.jpg,litura,6,14
litura/6/14/xw_d14_192.jpg,litura,6,14
litura/6/14/xw_d14_193.jpg,litura,6,14
litura/6/14/xw_d14_194.jpg,litura,6,14
litura/6/14/xw_d14_195.jpg,litura,6,14
litura/6/14/xw_d14_196.jpg,litura,6,14
litura/6/14/xw_d14_197.jpg,litura,6,14
litura/6/14/xw_d14_198.jpg,litura,6,14
litura/6/14/xw_d14_199.jpg,litura,6,14
litura/6/14/xw_d14_200.jpg,litura,6,14
litura/6/15/xw_d15_001.jpg,litura,6,15
litura/6/15/xw_d15_002.jpg,litura,6,15
litura/6/15/xw_d15_003.jpg,litura,6,15
litura/6/15/xw_d15_004.jpg,litura,6,15
litura/6/15/xw_d15_005.jpg,litura,6,15
litura/6/15/xw_d15_006.jpg,litura,6,15
litura/6/15/xw_d15_007.jpg,litura,6,15
litura/6/15/xw_d15_008.jpg,litura,6,15
litura/6/15/xw_d15_009.jpg,litura,6,15
litura/6/15/xw_d15_010.jpg,litura,6,15
litura/6/15/xw_d15_011.jpg,litura,6,15
litura/6/15/xw_d15_012.jpg,litura,6,15
litura/6/15/xw_d15_013.jpg,litura,6,15
litura/6/15/xw_d15_014.jpg,litura,6,15
litura/6/15/xw_d15_015.jpg,litura,6,15
litura/6/15/xw_d15_016.jpg,litura,6,15
litura/6/15/xw_d15_017.jpg,litura,6,15
litura/6/15/xw_d15_018.jpg,litura,6,15
litura/6/15/xw_d15_019.jpg,litura,6,15
litura/6/15/xw_d15_020.jpg,litura,6,15
litura/6/15/xw_d15_021.jpg,litura,6,15
litura/6/15/xw_d15_022.jpg,litura,6,15
litura/6/15/xw_d15_023.jpg,litura,6,15
litura/6/15/xw_d15_024.jpg,litura,6,15
litura/6/15/xw_d15_025.jpg,litura,6,15
litura/6/15/xw_d15_026.jpg,litura,6,15
litura/6/15/xw_d15_027.jpg,litura,6,15
litura/6/15/xw_d15_028.jpg,litura,6,15
litura/6/15/xw_d15_029.jpg,litura,6,15
litura/6/15/xw_d15_030.jpg,litura,6,15
litura/6/15/xw_d15_031.jpg,litura,6,15
litura/6/15/xw_d15_032.jpg,litura,6,15
litura/6/15/xw_d15_033.jpg,litura,6,15
litura/6/15/xw_d15_034.jpg,litura,6,15
litura/6/15/xw_d15_035.jpg,litura,6,15
litura/6/15/xw_d15_036.jpg,litura,6,15
litura/6/15/xw_d15_037.jpg,litura,6,15
litura/6/15/xw_d15_038.jpg,litura,6,15
litura/6/15/xw_d15_039.jpg,litura,6,15
litura/6/15/xw_d15_040.jpg,litura,6,15
litura/6/15/xw_d15_041.jpg,litura,6,15
litura/6/15/xw_d15_042.jpg,litura,6,15
litura/6/15/xw_d15_043.jpg,litura,6,15
litura/6/15/xw_d15_044.jpg,litura,6,15
litura/6/15/xw_d15_045.jpg,litura,6,15
litura/6/15/xw_d15_046.jpg,litura,6,15
litura/6/15/xw_d15_047.jpg,litura,6,15
litura/6/15/xw_d15_048.jpg,litura,6,15
litura/6/15/xw_d15_049.jpg,litura,6,15
litura/6/15/xw_d15_050.jpg,litura,6,15
litura/6/15/xw_d15_051.jpg,litura,6,15
litura/6/15/xw_d15_052.jpg,litura,6,15
litura/6/15/xw_d15_053.jpg,litura,6,15
litura/6/15/xw_d15_054.jpg,litura,6,15
litura/6/15/xw_d15_055.jpg,litura,6,15
litura/6/15/xw_d15_056.jpg,litura,6,15
litura/6/15/xw_d15_057.jpg,litura,6,15
litura/6/15/xw_d15_058.jpg,litura,6,15
litura/6/15/xw_d15_059.jpg,litura,6,15
litura/6/15/xw_d15_060.jpg,litura,6,15
litura/6/15/xw_d15_061.jpg,litura,6,15
litura/6/15/xw_d15_062.jpg,litura,6,15
litura/6/15/xw_d15_063.jpg,litura,6,15
litura/6/15/xw_d15_064.jpg,litura,6,15
litura/6/15/xw_d15_065.jpg,litura,6,15
litura/6/15/xw_d15_066.jpg,litura,6,15
litura/6/15/xw_d15_067.jpg,litura,6,15
litura/6/15/xw_d15_068.jpg,litura,6,15
litura/6/15/xw_d15_069.jpg,litura,6,15
litura/6/15/xw_d15_070.jpg,litura,6,15
litura/6/15/xw_d15_071.jpg,litura,6,15
litura/6/15/xw_d15_072.jpg,litura,6,15
litura/6/15/xw_d15_073.jpg,litura,6,15
litura/6/15/xw_d15_074.jpg,litura,6,15
litura/6/15/xw_d15_075.jpg,litura,6,15
litura/6/15/xw_d15_076.jpg,litura,6,15
litura/6/15/xw_d15_077.jpg,litura,6,15
litura/6/15/xw_d15_078.jpg,litura,6,15
litura/6/15/xw_d15_079.jpg,litura,6,15
litura/6/15/xw_d15_080.jpg,litura,6,15
litura/6/15/xw_d15_081.jpg,litura,6,15
litura/6/15/xw_d15_082.jpg,litura,6,15
litura/6/15/xw_d15_083.jpg,litura,6,15
litura/6/15/xw_d15_084.jpg,litura,6,15
litura/6/15/xw_d15_085.jpg,litura,6,15
litura/6/15/xw_d15_086.jpg,litura,6,15
litura/6/15/xw_d15_087.jpg,litura,6,15
litura/6/15/xw_d15_088.jpg,litura,6,15
litura/6/15/xw_d15_089.jpg,litura,6,15
litura/6/15/xw_d15_090.jpg,litura,6,15
litura/6/15/xw_d15_091.jpg,litura,6,15
litura/6/15/xw_d15_092.jpg,litura,6,15
litura/6/15/xw_d15_093.jpg,litura,6,15
litura/6/15/xw_d15_094.jpg,litura,6,15
litura/6/15/xw_d15_095.jpg,litura,6,15
litura/6/15/xw_d15_096.jpg,litura,6,15
litura/6/15/xw_d15_097.jpg,litura,6,15
litura/6/15/xw_d15_098.jpg,litura,6,15
litura/6/15/xw_d15_099.jpg,litura,6,15
litura/6/15/xw_d15_100.jpg,litura,6,15
litura/6/15/xw_d15_101.jpg,litura,6,15
litura/6/15/xw_d15_102.jpg,litura,6,15
litura/6/15/xw_d15_103.jpg,litura,6,15
litura/6/15/xw_d15_104.jpg,litura,6,15
litura/6/15/xw_d15_105.jpg,litura,6,15
litura/6/15/xw_d15_106.jpg,litura,6,15
litura/6/15/xw_d15_107.jpg,litura,6,15
litura/6/15/xw_d15_108.jpg,litura,6,15
litura/6/15/xw_d15_109.jpg,litura,6,15
litura/6/15/xw_d15_110.jpg,litura,6,15
litura/6/15/xw_d15_111.jpg,litura,6,15
litura/6/15/xw_d15_112.jpg,litura,6,15
litura/6/15/xw_d15_113.jpg,litura,6,15
litura/6/15/xw_d15_114.jpg,litura,6,15
litura/6/15/xw_d15_115.jpg,litura,6,15
litura/6/15/xw_d15_116.jpg,litura,6,15
litura/6/15/xw_d15_117.jpg,litura,6,15
litura/6/15/xw_d15_118.jpg,litura,6,15
litura/6/15/xw_d15_119.jpg,litura,6,15
litura/6/15/xw_d15_120.jpg,litura,6,15
litura/6/15/xw_d15_121.jpg,litura,6,15
litura/6/15/xw_d15_122.jpg,litura,6,15
litura/6/15/xw_d15_123.jpg,litura,6,15
litura/6/15/xw_d15_124.jpg,litura,6,15
litura/6/15/xw_d15_125.jpg,litura,6,15
litura/6/15/xw_d15_126.jpg,litura,6,15
litura/6/15/xw_d15_127.jpg,litura,6,15
litura/6/15/xw_d15_128.jpg,litura,6,15
litura/6/15/xw_d15_129.jpg,litura,6,15
litura/6/15/xw_d15_130.jpg,litura,6,15
litura/6/15/xw_d15_131.jpg,litura,6,15
litura/6/15/xw_d15_132.jpg,litura,6,15
litura/6/15/xw_d15_133.jpg,litura,6,15
litura/6/15/xw_d15_134.jpg,litura,6,15
litura/6/15/xw_d15_135.jpg,litura,6,15
litura/6/15/xw_d15_136.jpg,litura,6,15
litura/6/15/xw_d15_137.jpg,litura,6,15
litura/6/15/xw_d15_138.jpg,litura,6,15
litura/6/15/xw_d15_139.jpg,litura,6,15
litura/6/15/xw_d15_140.jpg,litura,6,15
litura/6/15/xw_d15_141.jpg,litura,6,15
litura/6/15/xw_d15_142.jpg,litura,6,15
litura/6/15/xw_d15_143.jpg,litura,6,15
litura/6/15/xw_d15_144.jpg,litura,6,15
litura/6/15/xw_d15_145.jpg,litura,6,15
litura/6/15/xw_d15_146.jpg,litura,6,15
litura/6/15/xw_d15_147.jpg,litura,6,15
litura/6/15/xw_d15_148.jpg,litura,6,15
litura/6/15/xw_d15_149.jpg,litura,6,15
litura/6/15/xw_d15_150.jpg,litura,6,15
litura/6/15/xw_d15_151.jpg,litura,6,15
litura/6/15/xw_d15_152.jpg,litura,6,15
litura/6/15/xw_d15_153.jpg,litura,6,15
litura/6/15/xw_d15_154.jpg,litura,6,15
litura/6/15/xw_d15_155.jpg,litura,6,15
litura/6/15/xw_d15_156.jpg,litura,6,15
litura/6/15/xw_d15_157.jpg,litura,6,15
litura/6/15/xw_d15_158.jpg,litura,6,15
litura/6/15/xw_d15_159.jpg,litura,6,15
litura/6/15/xw_d15_160.jpg,litura,6,15
litura/6/15/xw_d15_161.jpg,litura,6,15
litura/6/15/xw_d15_162.jpg,litura,6,15
litura/6/15/xw_d15_163.jpg,litura,6,15
litura/6/15/xw_d15_164.jpg,litura,6,15
litura/6/15/xw_d15_165.jpg,litura,6,15
litura/6/15/xw_d15_166.jpg,litura,6,15
litura/6/15/xw_d15_167.jpg,litura,6,15
litura/6/15/xw_d15_168.jpg,litura,6,15
litura/6/15/xw_d15_169.jpg,litura,6,15
litura/6/15/xw_d15_170.jpg,litura,6,15
litura/6/15/xw_d15_171.jpg,litura,6,15
litura/6/15/xw_d15_172.jpg,litura,6,15
litura/6/15/xw_d15_173.jpg,litura,6,15
litura/6/15/xw_d15_174.jpg,litura,6,15
litura/6/15/xw_d15_175.jpg,litura,6,15
litura/6/15/xw_d15_176.jpg,litura,6,15
litura/6/15/xw_d15_177.jpg,litura,6,15
litura/6/15/xw_d15_178.jpg,litura,6,15
litura/6/15/xw_d15_179.jpg,litura,6,15
litura/6/15/xw_d15_180.jpg,litura,6,15
litura/6/15/xw_d15_181.jpg,litura,6,15
litura/6/15/xw_d15_182.jpg,litura,6,15
litura/6/15/xw_d15_183.jpg,litura,6,15
litura/6/15/xw_d15_184.jpg,litura,6,15
litura/6/15/xw_d15_185.jpg,litura,6,15
litura/6/15/xw_d15_186.jpg,litura,6,15
litura/6/15/xw_d15_187.jpg,litura,6,15
litura/6/15/xw_d15_188.jpg,litura,6,15
litura/6/15/xw_d15_189.jpg,litura,6,15
litura/6/15/xw_d15_190.jpg,litura,6,15
litura/6/15/xw_d15_191.jpg,litura,6,15
litura/6/15/xw_d15_192.jpg,litura,6,15
litura/6/15/xw_d15_193.jpg,litura,6,15
litura/6/15/xw_d15_194.jpg,litura,6,15
litura/6/15/xw_d15_195.jpg,litura,6,15
litura/6/15/xw_d15_196.jpg,litura,6,15
litura/6/15/xw_d15_197.jpg,litura,6,15
litura/6/15/xw_d15_198.jpg,litura,6,15
litura/6/15/xw_d15_199.jpg,litura,6,15
litura/6/15/xw_d15_200.jpg,litura,6,15
litura/6/15/xw_d15_201.jpg,litura,6,15
litura/6/15/xw_d15_202.jpg,litura,6,15
litura/6/15/xw_d15_203.jpg,litura,6,15
litura/6/15/xw_d15_204.jpg,litura,6,15
litura/6/15/xw_d15_205.jpg,litura,6,15
litura/6/15/xw_d15_206.jpg,litura,6,15
litura/6/16/xw_d16_001.jpg,litura,6,16
litura/6/16/xw_d16_002.jpg,litura,6,16
litura/6/16/xw_d16_003.jpg,litura,6,16
litura/6/16/xw_d16_004.jpg,litura,6,16
litura/6/16/xw_d16_005.jpg,litura,6,16
litura/6/16/xw_d16_006.jpg,litura,6,16
litura/6/16/xw_d16_007.jpg,litura,6,16
litura/6/16/xw_d16_008.jpg,litura,6,16
litura/6/16/xw_d16_009.jpg,litura,6,16
litura/6/16/xw_d16_010.jpg,litura,6,16
litura/6/16/xw_d16_011.jpg,litura,6,16
litura/6/16/xw_d16_012.jpg,litura,6,16
litura/6/16/xw_d16_013.jpg,litura,6,16
litura/6/16/xw_d16_014.jpg,litura,6,16
litura/6/16/xw_d16_015.jpg,litura,6,16
litura/6/16/xw_d16_016.jpg,litura,6,16
litura/6/16/xw_d16_017.jpg,litura,6,16
litura/6/16/xw_d16_018.jpg,litura,6,16
litura/6/16/xw_d16_019.jpg,litura,6,16
litura/6/16/xw_d16_020.jpg,litura,6,16
litura/6/16/xw_d16_021.jpg,litura,6,16
litura/6/16/xw_d16_022.jpg,litura,6,16
litura/6/16/xw_d16_023.jpg,litura,6,16
litura/6/16/xw_d16_024.jpg,litura,6,16
litura/6/16/xw_d16_025.jpg,litura,6,16
litura/6/16/xw_d16_026.jpg,litura,6,16
litura/6/16/xw_d16_027.jpg,litura,6,16
litura/6/16/xw_d16_028.jpg,litura,6,16
litura/6/16/xw_d16_029.jpg,litura,6,16
litura/6/16/xw_d16_030.jpg,litura,6,16
litura/6/16/xw_d16_031.jpg,litura,6,16
litura/6/16/xw_d16_032.jpg,litura,6,16
litura/6/16/xw_d16_033.jpg,litura,6,16
litura/6/16/xw_d16_034.jpg,litura,6,16
litura/6/16/xw_d16_035.jpg,litura,6,16
litura/6/16/xw_d16_036.jpg,litura,6,16
litura/6/16/xw_d16_037.jpg,litura,6,16
litura/6/16/xw_d16_038.jpg,litura,6,16
litura/6/16/xw_d16_039.jpg,litura,6,16
litura/6/16/xw_d16_040.jpg,litura,6,16
litura/6/16/xw_d16_041.jpg,litura,6,16
litura/6/16/xw_d16_042.jpg,litura,6,16
litura/6/16/xw_d16_043.jpg,litura,6,16
litura/6/16/xw_d16_044.jpg,litura,6,16
litura/6/16/xw_d16_045.jpg,litura,6,16
litura/6/16/xw_d16_046.jpg,litura,6,16
litura/6/16/xw_d16_047.jpg,litura,6,16
litura/6/16/xw_d16_048.jpg,litura,6,16
litura/6/16/xw_d16_049.jpg,litura,6,16
litura/6/16/xw_d16_050.jpg,litura,6,16
litura/6/16/xw_d16_051.jpg,litura,6,16
litura/6/16/xw_d16_052.jpg,litura,6,16
litura/6/16/xw_d16_053.jpg,litura,6,16
litura/6/16/xw_d16_054.jpg,litura,6,16
litura/6/16/xw_d16_055.jpg,litura,6,16
litura/6/16/xw_d16_056.jpg,litura,6,16
litura/6/16/xw_d16_057.jpg,litura,6,16
litura/6/16/xw_d16_058.jpg,litura,6,16
litura/6/16/xw_d16_059.jpg,litura,6,16
litura/6/16/xw_d16_060.jpg,litura,6,16
litura/6/16/xw_d16_061.jpg,litura,6,16
litura/6/16/xw_d16_062.jpg,litura,6,16
litura/6/16/xw_d16_063.jpg,litura,6,16
litura/6/16/xw_d16_064.jpg,litura,6,16
litura/6/16/xw_d16_065.jpg,litura,6,16
litura/6/16/xw_d16_066.jpg,litura,6,16
litura/6/16/xw_d16_067.jpg,litura,6,16
litura/6/16/xw_d16_068.jpg,litura,6,16
litura/6/16/xw_d16_069.jpg,litura,6,16
litura/6/16/xw_d16_070.jpg,litura,6,16
litura/6/16/xw_d16_071.jpg,litura,6,16
litura/6/16/xw_d16_072.jpg,litura,6,16
litura/6/16/xw_d16_073.jpg,litura,6,16
litura/6/16/xw_d16_074.jpg,litura,6,16
litura/6/16/xw_d16_075.jpg,litura,6,16
litura/6/16/xw_d16_076.jpg,litura,6,16
litura/6/16/xw_d16_077.jpg,litura,6,16
litura/6/16/xw_d16_078.jpg,litura,6,16
litura/6/16/xw_d16_079.jpg,litura,6,16
litura/6/16/xw_d16_080.jpg,litura,6,16
litura/6/16/xw_d16_081.jpg,litura,6,16
litura/6/16/xw_d16_082.jpg,litura,6,16
litura/6/16/xw_d16_083.jpg,litura,6,16
litura/6/16/xw_d16_084.jpg,litura,6,16
litura/6/16/xw_d16_085.jpg,litura,6,16
litura/6/16/xw_d16_086.jpg,litura,6,16
litura/6/16/xw_d16_087.jpg,litura,6,16
litura/6/16/xw_d16_088.jpg,litura,6,16
litura/6/16/xw_d16_089.jpg,litura,6,16
litura/6/16/xw_d16_090.jpg,litura,6,16
litura/6/16/xw_d16_091.jpg,litura,6,16
litura/6/16/xw_d16_092.jpg,litura,6,16
litura/6/16/xw_d16_093.jpg,litura,6,16
litura/6/16/xw_d16_094.jpg,litura,6,16
litura/6/16/xw_d16_095.jpg,litura,6,16
litura/6/16/xw_d16_096.jpg,litura,6,16
litura/6/16/xw_d16_097.jpg,litura,6,16
litura/6/16/xw_d16_098.jpg,litura,6,16
litura/6/16/xw_d16_099.jpg,litura,6,16
litura/6/16/xw_d16_100.jpg,litura,6,16
litura/6/16/xw_d16_101.jpg,litura,6,16
litura/6/16/xw_d16_102.jpg,litura,6,16
litura/6/16/xw_d16_103.jpg,litura,6,16
litura/6/16/xw_d16_104.jpg,litura,6,16
litura/6/16/xw_d16_105.jpg,litura,6,16
litura/6/16/xw_d16_106.jpg,litura,6,16
litura/6/16/xw_d16_107.jpg,litura,6,16
litura/6/16/xw_d16_108.jpg,litura,6,16
litura/6/16/xw_d16_109.jpg,litura,6,16
litura/6/16/xw_d16_110.jpg,litura,6,16
litura/6/16/xw_d16_111.jpg,litura,6,16
litura/6/16/xw_d16_112.jpg,litura,6,16
litura/6/16/xw_d16_113.jpg,litura,6,16
litura/6/16/xw_d16_114.jpg,litura,6,16
litura/6/16/xw_d16_115.jpg,litura,6,16
litura/6/16/xw_d16_116.jpg,litura,6,16
litura/6/16/xw_d16_117.jpg,litura,6,16
litura/6/16/xw_d16_118.jpg,litura,6,16
litura/6/16/xw_d16_119.jpg,litura,6,16
litura/6/16/xw_d16_120.jpg,litura,6,16
litura/6/16/xw_d16_121.jpg,litura,6,16
litura/6/16/xw_d16_122.jpg,litura,6,16
litura/6/16/xw_d16_123.jpg,litura,6,16
litura/6/16/xw_d16_124.jpg,litura,6,16
litura/6/16/xw_d16_125.jpg,litura,6,16
litura/6/16/xw_d16_126.jpg,litura,6,16
litura/6/16/xw_d16_127.jpg,litura,6,16
litura/6/16/xw_d16_128.jpg,litura,6,16
litura/6/16/xw_d16_129.jpg,litura,6,16
litura/6/16/xw_d16_130.jpg,litura,6,16
litura/6/16/xw_d16_131.jpg,litura,6,16
litura/6/16/xw_d16_132.jpg,litura,6,16
litura/6/16/xw_d16_133.jpg,litura,6,16
litura/6/16/xw_d16_134.jpg,litura,6,16
litura/6/16/xw_d16_135.jpg,litura,6,16
litura/6/16/xw_d16_136.jpg,litura,6,16
litura/6/16/xw_d16_137.jpg,litura,6,16
litura/6/16/xw_d16_138.jpg,litura,6,16
litura/6/16/xw_d16_139.jpg,litura,6,16
litura/6/16/xw_d16_140.jpg,litura,6,16
litura/6/16/xw_d16_141.jpg,litura,6,16
litura/6/16/xw_d16_142.jpg,litura,6,16
litura/6/16/xw_d16_143.jpg,litura,6,16
litura/6/16/xw_d16_144.jpg,litura,6,16
litura/6/16/xw_d16_145.jpg,litura,6,16
litura/6/16/xw_d16_146.jpg,litura,6,16
litura/6/16/xw_d16_147.jpg,litura,6,16
litura/6/16/xw_d16_148.jpg,litura,6,16
litura/6/16/xw_d16_149.jpg,litura,6,16
litura/6/16/xw_d16_150.jpg,litura,6,16
litura/6/16/xw_d16_151.jpg,litura,6,16
litura/6/16/xw_d16_152.jpg,litura,6,16
litura/6/16/xw_d16_153.jpg,litura,6,16
litura/6/16/xw_d16_154.jpg,litura,6,16
litura/6/16/xw_d16_155.jpg,litura,6,16
litura/6/16/xw_d16_156.jpg,litura,6,16
litura/6/16/xw_d16_157.jpg,litura,6,16
litura/6/16/xw_d16_158.jpg,litura,6,16
litura/6/16/xw_d16_159.jpg,litura,6,16
litura/6/16/xw_d16_160.jpg,litura,6,16
litura/6/16/xw_d16_161.jpg,litura,6,16
litura/6/16/xw_d16_162.jpg,litura,6,16
litura/6/16/xw_d16_163.jpg,litura,6,16
litura/6/16/xw_d16_164.jpg,litura,6,16
litura/6/16/xw_d16_165.jpg,litura,6,16
litura/6/16/xw_d16_166.jpg,litura,6,16
litura/6/16/xw_d16_167.jpg,litura,6,16
litura/6/16/xw_d16_168.jpg,litura,6,16
litura/6/16/xw_d16_169.jpg,litura,6,16
litura/6/16/xw_d16_170.jpg,litura,6,16
litura/6/16/xw_d16_171.jpg,litura,6,16
litura/6/16/xw_d16_172.jpg,litura,6,16
litura/6/16/xw_d16_173.jpg,litura,6,16
litura/6/16/xw_d16_174.jpg,litura,6,16
litura/6/16/xw_d16_175.jpg,litura,6,16
litura/6/16/xw_d16_176.jpg,litura,6,16
litura/6/16/xw_d16_177.jpg,litura,6,16
litura/6/16/xw_d16_178.jpg,litura,6,16
litura/6/16/xw_d16_179.jpg,litura,6,16
litura/6/16/xw_d16_180.jpg,litura,6,16
litura/6/16/xw_d16_181.jpg,litura,6,16
litura/6/16/xw_d16_182.jpg,litura,6,16
litura/6/16/xw_d16_183.jpg,litura,6,16
litura/6/16/xw_d16_184.jpg,litura,6,16
litura/6/16/xw_d16_185.jpg,litura,6,16
litura/6/16/xw_d16_186.jpg,litura,6,16
litura/6/16/xw_d16_187.jpg,litura,6,16
litura/6/16/xw_d16_188.jpg,litura,6,16
litura/6/16/xw_d16_189.jpg,litura,6,16
litura/6/16/xw_d16_190.jpg,litura,6,16
litura/6/16/xw_d16_191.jpg,litura,6,16
litura/6/16/xw_d16_192.jpg,litura,6,16
litura/6/16/xw_d16_193.jpg,litura,6,16
litura/6/16/xw_d16_194.jpg,litura,6,16
litura/6/16/xw_d16_195.jpg,litura,6,16
litura/6/16/xw_d16_196.jpg,litura,6,16
litura/6/16/xw_d16_197.jpg,litura,6,16
litura/6/16/xw_d16_198.jpg,litura,6,16
litura/6/16/xw_d16_199.jpg,litura,6,16
litura/6/16/xw_d16_200.jpg,litura,6,16
litura/6/16/xw_d16_201.jpg,litura,6,16
litura/6/16/xw_d16_202.jpg,litura,6,16
litura/6/16/xw_d16_203.jpg,litura,6,16
litura/6/16/xw_d16_204.jpg,litura,6,16
litura/6/16/xw_d16_205.jpg,litura,6,16
litura/6/16/xw_d16_206.jpg,litura,6,16
litura/6/17/xw_d17_001.jpg,litura,6,17
litura/6/17/xw_d17_002.jpg,litura,6,17
litura/6/17/xw_d17_003.jpg,litura,6,17
litura/6/17/xw_d17_004.jpg,litura,6,17
litura/6/17/xw_d17_005.jpg,litura,6,17
litura/6/17/xw_d17_006.jpg,litura,6,17
litura/6/17/xw_d17_007.jpg,litura,6,17
litura/6/17/xw_d17_008.jpg,litura,6,17
litura/6/17/xw_d17_009.jpg,litura,6,17
litura/6/17/xw_d17_010.jpg,litura,6,17
litura/6/17/xw_d17_011.jpg,litura,6,17
litura/6/17/xw_d17_012.jpg,litura,6,17
litura/6/17/xw_d17_013.jpg,litura,6,17
litura/6/17/xw_d17_014.jpg,litura,6,17
litura/6/17/xw_d17_015.jpg,litura,6,17
litura/6/17/xw_d17_016.jpg,litura,6,17
litura/6/17/xw_d17_017.jpg,litura,6,17
litura/6/17/xw_d17_018.jpg,litura,6,17
litura/6/17/xw_d17_019.jpg,litura,6,17
litura/6/17/xw_d17_020.jpg,litura,6,17
litura/6/17/xw_d17_021.jpg,litura,6,17
litura/6/17/xw_d17_022.jpg,litura,6,17
litura/6/17/xw_d17_023.jpg,litura,6,17
litura/6/17/xw_d17_024.jpg,litura,6,17
litura/6/17/xw_d17_025.jpg,litura,6,17
litura/6/17/xw_d17_026.jpg,litura,6,17
litura/6/17/xw_d17_027.jpg,litura,6,17
litura/6/17/xw_d17_028.jpg,litura,6,17
litura/6/17/xw_d17_029.jpg,litura,6,17
litura/6/17/xw_d17_030.jpg,litura,6,17
litura/6/17/xw_d17_031.jpg,litura,6,17
litura/6/17/xw_d17_032.jpg,litura,6,17
litura/6/17/xw_d17_033.jpg,litura,6,17
litura/6/17/xw_d17_034.jpg,litura,6,17
litura/6/17/xw_d17_035.jpg,litura,6,17
litura/6/17/xw_d17_036.jpg,litura,6,17
litura/6/17/xw_d17_037.jpg,litura,6,17
litura/6/17/xw_d17_038.jpg,litura,6,17
litura/6/17/xw_d17_039.jpg,litura,6,17
litura/6/17/xw_d17_040.jpg,litura,6,17
litura/6/17/xw_d17_041.jpg,litura,6,17
litura/6/17/xw_d17_042.jpg,litura,6,17
litura/6/17/xw_d17_043.jpg,litura,6,17
litura/6/17/xw_d17_044.jpg,litura,6,17
litura/6/17/xw_d17_045.jpg,litura,6,17
litura/6/17/xw_d17_046.jpg,litura,6,17
litura/6/17/xw_d17_047.jpg,litura,6,17
litura/6/17/xw_d17_048.jpg,litura,6,17
litura/6/17/xw_d17_049.jpg,litura,6,17
litura/6/17/xw_d17_050.jpg,litura,6,17
litura/6/17/xw_d17_051.jpg,litura,6,17
litura/6/17/xw_d17_052.jpg,litura,6,17
litura/6/17/xw_d17_053.jpg,litura,6,17
litura/6/17/xw_d17_054.jpg,litura,6,17
litura/6/17/xw_d17_055.jpg,litura,6,17
litura/6/17/xw_d17_056.jpg,litura,6,17
litura/6/17/xw_d17_057.jpg,litura,6,17
litura/6/17/xw_d17_058.jpg,litura,6,17
litura/6/17/xw_d17_059.jpg,litura,6,17
litura/6/17/xw_d17_060.jpg,litura,6,17
litura/6/17/xw_d17_061.jpg,litura,6,17
litura/6/17/xw_d17_062.jpg,litura,6,17
litura/6/17/xw_d17_063.jpg,litura,6,17
litura/6/17/xw_d17_064.jpg,litura,6,17
litura/6/17/xw_d17_065.jpg,litura,6,17
litura/6/17/xw_d17_066.jpg,litura,6,17
litura/6/17/xw_d17_067.jpg,litura,6,17
litura/6/17/xw_d17_068.jpg,litura,6,17
litura/6/17/xw_d17_069.jpg,litura,6,17
litura/6/17/xw_d17_070.jpg,litura,6,17
litura/6/17/xw_d17_071.jpg,litura,6,17
litura/6/17/xw_d17_072.jpg,litura,6,17
litura/6/17/xw_d17_073.jpg,litura,6,17
litura/6/17/xw_d17_074.jpg,litura,6,17
litura/6/17/xw_d17_075.jpg,litura,6,17
litura/6/17/xw_d17_076.jpg,litura,6,17
litura/6/17/xw_d17_077.jpg,litura,6,17
litura/6/17/xw_d17_078.jpg,litura,6,17
litura/6/17/xw_d17_079.jpg,litura,6,17
litura/6/17/xw_d17_080.jpg,litura,6,17
litura/6/17/xw_d17_081.jpg,litura,6,17
litura/6/17/xw_d17_082.jpg,litura,6,17
litura/6/17/xw_d17_083.jpg,litura,6,17
litura/6/17/xw_d17_084.jpg,litura,6,17
litura/6/17/xw_d17_085.jpg,litura,6,17
litura/6/17/xw_d17_086.jpg,litura,6,17
litura/6/17/xw_d17_087.jpg,litura,6,17
litura/6/17/xw_d17_088.jpg,litura,6,17
litura/6/17/xw_d17_089.jpg,litura,6,17
litura/6/17/xw_d17_090.jpg,litura,6,17
litura/6/17/xw_d17_091.jpg,litura,6,17
litura/6/17/xw_d17_092.jpg,litura,6,17
litura/6/17/xw_d17_093.jpg,litura,6,17
litura/6/17/xw_d17_094.jpg,litura,6,17
litura/6/17/xw_d17_095.jpg,litura,6,17
litura/6/17/xw_d17_096.jpg,litura,6,17
litura/6/17/xw_d17_097.jpg,litura,6,17
litura/6/17/xw_d17_098.jpg,litura,6,17
litura/6/17/xw_d17_099.jpg,litura,6,17
litura/6/17/xw_d17_100.jpg,litura,6,17
litura/6/17/xw_d17_101.jpg,litura,6,17
litura/6/17/xw_d17_102.jpg,litura,6,17
litura/6/17/xw_d17_103.jpg,litura,6,17
litura/6/17/xw_d17_104.jpg,litura,6,17
litura/6/17/xw_d17_105.jpg,litura,6,17
litura/6/17/xw_d17_106.jpg,litura,6,17
litura/6/17/xw_d17_107.jpg,litura,6,17
litura/6/17/xw_d17_108.jpg,litura,6,17
litura/6/17/xw_d17_109.jpg,litura,6,17
litura/6/17/xw_d17_110.jpg,litura,6,17
litura/6/17/xw_d17_111.jpg,litura,6,17
litura/6/17/xw_d17_112.jpg,litura,6,17
litura/6/17/xw_d17_113.jpg,litura,6,17
litura/6/17/xw_d17_114.jpg,litura,6,17
litura/6/17/xw_d17_115.jpg,litura,6,17
litura/6/17/xw_d17_116.jpg,litura,6,17
litura/6/17/xw_d17_117.jpg,litura,6,17
litura/6/17/xw_d17_118.jpg,litura,6,17
litura/6/17/xw_d17_119.jpg,litura,6,17
litura/6/17/xw_d17_120.jpg,litura,6,17
litura/6/17/xw_d17_121.jpg,litura,6,17
litura/6/17/xw_d17_122.jpg,litura,6,17
litura/6/17/xw_d17_123.jpg,litura,6,17
litura/6/17/xw_d17_124.jpg,litura,6,17
litura/6/17/xw_d17_125.jpg,litura,6,17
litura/6/17/xw_d17_126.jpg,litura,6,17
litura/6/17/xw_d17_127.jpg,litura,6,17
litura/6/17/xw_d17_128.jpg,litura,6,17
litura/6/17/xw_d17_129.jpg,litura,6,17
litura/6/17/xw_d17_130.jpg,litura,6,17
litura/6/17/xw_d17_131.jpg,litura,6,17
litura/6/17/xw_d17_132.jpg,litura,6,17
litura/6/17/xw_d17_133.jpg,litura,6,17
litura/6/17/xw_d17_134.jpg,litura,6,17
litura/6/17/xw_d17_135.jpg,litura,6,17
litura/6/17/xw_d17_136.jpg,litura,6,17
litura/6/17/xw_d17_137.jpg,litura,6,17
litura/6/17/xw_d17_138.jpg,litura,6,17
litura/6/17/xw_d17_139.jpg,litura,6,17
litura/6/17/xw_d17_140.jpg,litura,6,17
litura/6/17/xw_d17_141.jpg,litura,6,17
litura/6/17/xw_d17_142.jpg,litura,6,17
litura/6/17/xw_d17_143.jpg,litura,6,17
litura/6/17/xw_d17_144.jpg,litura,6,17
litura/6/17/xw_d17_145.jpg,litura,6,17
litura/6/17/xw_d17_146.jpg,litura,6,17
litura/6/17/xw_d17_147.jpg,litura,6,17
litura/6/17/xw_d17_148.jpg,litura,6,17
litura/6/17/xw_d17_149.jpg,litura,6,17
litura/6/17/xw_d17_150.jpg,litura,6,17
litura/6/17/xw_d17_151.jpg,litura,6,17
litura/6/17/xw_d17_152.jpg,litura,6,17
litura/6/17/xw_d17_153.jpg,litura,6,17
litura/6/17/xw_d17_154.jpg,litura,6,17
litura/6/17/xw_d17_155.jpg,litura,6,17
litura/6/17/xw_d17_156.jpg,litura,6,17
litura/6/17/xw_d17_157.jpg,litura,6,17
litura/6/17/xw_d17_158.jpg,litura,6,17
litura/6/17/xw_d17_159.jpg,litura,6,17
litura/6/17/xw_d17_160.jpg,litura,6,17
litura/6/17/xw_d17_161.jpg,litura,6,17
litura/6/17/xw_d17_162.jpg,litura,6,17
litura/6/17/xw_d17_163.jpg,litura,6,17
litura/6/17/xw_d17_164.jpg,litura,6,17
litura/6/17/xw_d17_165.jpg,litura,6,17
litura/6/17/xw_d17_166.jpg,litura,6,17
litura/6/17/xw_d17_167.jpg,litura,6,17
litura/6/17/xw_d17_168.jpg,litura,6,17
litura/6/17/xw_d17_169.jpg,litura,6,17
litura/6/17/xw_d17_170.jpg,litura,6,17
litura/6/17/xw_d17_171.jpg,litura,6,17
litura/6/17/xw_d17_172.jpg,litura,6,17
litura/6/17/xw_d17_173.jpg,litura,6,17
litura/6/17/xw_d17_174.jpg,litura,6,17
litura/6/17/xw_d17_175.jpg,litura,6,17
litura/6/17/xw_d17_176.jpg,litura,6,17
litura/6/17/xw_d17_177.jpg,litura,6,17
litura/6/17/xw_d17_178.jpg,litura,6,17
litura/6/17/xw_d17_179.jpg,litura,6,17
litura/6/17/xw_d17_180.jpg,litura,6,17
litura/6/17/xw_d17_181.jpg,litura,6,17
litura/6/17/xw_d17_182.jpg,litura,6,17
litura/6/17/xw_d17_183.jpg,litura,6,17
litura/6/17/xw_d17_184.jpg,litura,6,17
litura/6/17/xw_d17_185.jpg,litura,6,17
litura/6/17/xw_d17_186.jpg,litura,6,17
litura/6/17/xw_d17_187.jpg,litura,6,17
litura/6/17/xw_d17_188.jpg,litura,6,17
litura/6/17/xw_d17_189.jpg,litura,6,17
litura/6/17/xw_d17_190.jpg,litura,6,17
litura/6/17/xw_d17_191.jpg,litura,6,17
litura/6/17/xw_d17_192.jpg,litura,6,17
litura/6/17/xw_d17_193.jpg,litura,6,17
litura/6/17/xw_d17_194.jpg,litura,6,17
litura/6/17/xw_d17_195.jpg,litura,6,17
litura/6/17/xw_d17_196.jpg,litura,6,17
litura/6/17/xw_d17_197.jpg,litura,6,17
litura/6/17/xw_d17_198.jpg,litura,6,17
litura/6/17/xw_d17_199.jpg,litura,6,17
litura/6/17/xw_d17_200.jpg,litura,6,17
litura/6/18/xw_d18_001.jpg,litura,6,18
litura/6/18/xw_d18_002.jpg,litura,6,18
litura/6/18/xw_d18_003.jpg,litura,6,18
litura/6/18/xw_d18_004.jpg,litura,6,18
litura/6/18/xw_d18_005.jpg,litura,6,18
litura/6/18/xw_d18_006.jpg,litura,6,18
litura/6/18/xw_d18_007.jpg,litura,6,18
litura/6/18/xw_d18_008.jpg,litura,6,18
litura/6/18/xw_d18_009.jpg,litura,6,18
litura/6/18/xw_d18_010.jpg,litura,6,18
litura/6/18/xw_d18_011.jpg,litura,6,18
litura/6/18/xw_d18_012.jpg,litura,6,18
litura/6/18/xw_d18_013.jpg,litura,6,18
litura/6/18/xw_d18_014.jpg,litura,6,18
litura/6/18/xw_d18_015.jpg,litura,6,18
litura/6/18/xw_d18_016.jpg,litura,6,18
litura/6/18/xw_d18_017.jpg,litura,6,18
litura/6/18/xw_d18_018.jpg,litura,6,18
litura/6/18/xw_d18_019.jpg,litura,6,18
litura/6/18/xw_d18_020.jpg,litura,6,18
litura/6/18/xw_d18_021.jpg,litura,6,18
litura/6/18/xw_d18_022.jpg,litura,6,18
litura/6/18/xw_d18_023.jpg,litura,6,18
litura/6/18/xw_d18_024.jpg,litura,6,18
litura/6/18/xw_d18_025.jpg,litura,6,18
litura/6/18/xw_d18_026.jpg,litura,6,18
litura/6/18/xw_d18_027.jpg,litura,6,18
litura/6/18/xw_d18_028.jpg,litura,6,18
litura/6/18/xw_d18_029.jpg,litura,6,18
litura/6/18/xw_d18_030.jpg,litura,6,18
litura/6/18/xw_d18_031.jpg,litura,6,18
litura/6/18/xw_d18_032.jpg,litura,6,18
litura/6/18/xw_d18_033.jpg,litura,6,18
litura/6/18/xw_d18_034.jpg,litura,6,18
litura/6/18/xw_d18_035.jpg,litura,6,18
litura/6/18/xw_d18_036.jpg,litura,6,18
litura/6/18/xw_d18_037.jpg,litura,6,18
litura/6/18/xw_d18_038.jpg,litura,6,18
litura/6/18/xw_d18_039.jpg,litura,6,18
litura/6/18/xw_d18_040.jpg,litura,6,18
litura/6/18/xw_d18_041.jpg,litura,6,18
litura/6/18/xw_d18_042.jpg,litura,6,18
litura/6/18/xw_d18_043.jpg,litura,6,18
litura/6/18/xw_d18_044.jpg,litura,6,18
litura/6/18/xw_d18_045.jpg,litura,6,18
litura/6/18/xw_d18_046.jpg,litura,6,18
litura/6/18/xw_d18_047.jpg,litura,6,18
litura/6/18/xw_d18_048.jpg,litura,6,18
litura/6/18/xw_d18_049.jpg,litura,6,18
litura/6/18/xw_d18_050.jpg,litura,6,18
litura/6/18/xw_d18_051.jpg,litura,6,18
litura/6/18/xw_d18_052.jpg,litura,6,18
litura/6/18/xw_d18_053.jpg,litura,6,18
litura/6/18/xw_d18_054.jpg,litura,6,18
litura/6/18/xw_d18_055.jpg,litura,6,18
litura/6/18/xw_d18_056.jpg,litura,6,18
litura/6/18/xw_d18_057.jpg,litura,6,18
litura/6/18/xw_d18_058.jpg,litura,6,18
litura/6/18/xw_d18_059.jpg,litura,6,18
litura/6/18/xw_d18_060.jpg,litura,6,18
litura/6/18/xw_d18_061.jpg,litura,6,18
litura/6/18/xw_d18_062.jpg,litura,6,18
litura/6/18/xw_d18_063.jpg,litura,6,18
litura/6/18/xw_d18_064.jpg,litura,6,18
litura/6/18/xw_d18_065.jpg,litura,6,18
litura/6/18/xw_d18_066.jpg,litura,6,18
litura/6/18/xw_d18_067.jpg,litura,6,18
litura/6/18/xw_d18_068.jpg,litura,6,18
litura/6/18/xw_d18_069.jpg,litura,6,18
litura/6/18/xw_d18_070.jpg,litura,6,18
litura/6/18/xw_d18_071.jpg,litura,6,18
litura/6/18/xw_d18_072.jpg,litura,6,18
litura/6/18/xw_d18_073.jpg,litura,6,18
litura/6/18/xw_d18_074.jpg,litura,6,18
litura/6/18/xw_d18_075.jpg,litura,6,18
litura/6/18/xw_d18_076.jpg,litura,6,18
litura/6/18/xw_d18_077.jpg,litura,6,18
litura/6/18/xw_d18_078.jpg,litura,6,18
litura/6/18/xw_d18_079.jpg,litura,6,18
litura/6/18/xw_d18_080.jpg,litura,6,18
litura/6/18/xw_d18_081.jpg,litura,6,18
litura/6/18/xw_d18_082.jpg,litura,6,18
litura/6/18/xw_d18_083.jpg,litura,6,18
litura/6/18/xw_d18_084.jpg,litura,6,18
litura/6/18/xw_d18_085.jpg,litura,6,18
litura/6/18/xw_d18_086.jpg,litura,6,18
litura/6/18/xw_d18_087.jpg,litura,6,18
litura/6/18/xw_d18_088.jpg,litura,6,18
litura/6/18/xw_d18_089.jpg,litura,6,18
litura/6/18/xw_d18_090.jpg,litura,6,18
litura/6/18/xw_d18_091.jpg,litura,6,18
litura/6/18/xw_d18_092.jpg,litura,6,18
litura/6/18/xw_d18_093.jpg,litura,6,18
litura/6/18/xw_d18_094.jpg,litura,6,18
litura/6/18/xw_d18_095.jpg,litura,6,18
litura/6/18/xw_d18_096.jpg,litura,6,18
litura/6/18/xw_d18_097.jpg,litura,6,18
litura/6/18/xw_d18_098.jpg,litura,6,18
litura/6/18/xw_d18_099.jpg,litura,6,18
litura/6/18/xw_d18_100.jpg,litura,6,18
litura/6/18/xw_d18_101.jpg,litura,6,18
litura/6/18/xw_d18_102.jpg,litura,6,18
litura/6/18/xw_d18_103.jpg,litura,6,18
litura/6/18/xw_d18_104.jpg,litura,6,18
litura/6/18/xw_d18_105.jpg,litura,6,18
litura/6/18/xw_d18_106.jpg,litura,6,18
litura/6/18/xw_d18_107.jpg,litura,6,18
litura/6/18/xw_d18_108.jpg,litura,6,18
litura/6/18/xw_d18_109.jpg,litura,6,18
litura/6/18/xw_d18_110.jpg,litura,6,18
litura/6/18/xw_d18_111.jpg,litura,6,18
litura/6/18/xw_d18_112.jpg,litura,6,18
litura/6/18/xw_d18_113.jpg,litura,6,18
litura/6/18/xw_d18_114.jpg,litura,6,18
litura/6/18/xw_d18_115.jpg,litura,6,18
litura/6/18/xw_d18_116.jpg,litura,6,18
litura/6/18/xw_d18_117.jpg,litura,6,18
litura/6/18/xw_d18_118.jpg,litura,6,18
litura/6/18/xw_d18_119.jpg,litura,6,18
litura/6/18/xw_d18_120.jpg,litura,6,18
litura/6/18/xw_d18_121.jpg,litura,6,18
litura/6/18/xw_d18_122.jpg,litura,6,18
litura/6/18/xw_d18_123.jpg,litura,6,18
litura/6/18/xw_d18_124.jpg,litura,6,18
litura/6/18/xw_d18_125.jpg,litura,6,18
litura/6/18/xw_d18_126.jpg,litura,6,18
litura/6/18/xw_d18_127.jpg,litura,6,18
litura/6/18/xw_d18_128.jpg,litura,6,18
litura/6/18/xw_d18_129.jpg,litura,6,18
litura/6/18/xw_d18_130.jpg,litura,6,18
litura/6/18/xw_d18_131.jpg,litura,6,18
litura/6/18/xw_d18_132.jpg,litura,6,18
litura/6/18/xw_d18_133.jpg,litura,6,18
litura/6/18/xw_d18_134.jpg,litura,6,18
litura/6/18/xw_d18_135.jpg,litura,6,18
litura/6/18/xw_d18_136.jpg,litura,6,18
litura/6/18/xw_d18_137.jpg,litura,6,18
litura/6/18/xw_d18_138.jpg,litura,6,18
litura/6/18/xw_d18_139.jpg,litura,6,18
litura/6/18/xw_d18_140.jpg,litura,6,18
litura/6/18/xw_d18_141.jpg,litura,6,18
litura/6/18/xw_d18_142.jpg,litura,6,18
litura/6/18/xw_d18_143.jpg,litura,6,18
litura/6/18/xw_d18_144.jpg,litura,6,18
litura/6/18/xw_d18_145.jpg,litura,6,18
litura/6/18/xw_d18_146.jpg,litura,6,18
litura/6/18/xw_d18_147.jpg,litura,6,18
litura/6/18/xw_d18_148.jpg,litura,6,18
litura/6/18/xw_d18_149.jpg,litura,6,18
litura/6/18/xw_d18_150.jpg,litura,6,18
litura/6/18/xw_d18_151.jpg,litura,6,18
litura/6/18/xw_d18_152.jpg,litura,6,18
litura/6/18/xw_d18_153.jpg,litura,6,18
litura/6/18/xw_d18_154.jpg,litura,6,18
litura/6/18/xw_d18_155.jpg,litura,6,18
litura/6/18/xw_d18_156.jpg,litura,6,18
litura/6/18/xw_d18_157.jpg,litura,6,18
litura/6/18/xw_d18_158.jpg,litura,6,18
litura/6/18/xw_d18_159.jpg,litura,6,18
litura/6/18/xw_d18_160.jpg,litura,6,18
litura/6/18/xw_d18_161.jpg,litura,6,18
litura/6/18/xw_d18_162.jpg,litura,6,18
litura/6/18/xw_d18_163.jpg,litura,6,18
litura/6/18/xw_d18_164.jpg,litura,6,18
litura/6/18/xw_d18_165.jpg,litura,6,18
litura/6/18/xw_d18_166.jpg,litura,6,18
litura/6/18/xw_d18_167.jpg,litura,6,18
litura/6/18/xw_d18_168.jpg,litura,6,18
litura/6/18/xw_d18_169.jpg,litura,6,18
litura/6/18/xw_d18_170.jpg,litura,6,18
litura/6/18/xw_d18_171.jpg,litura,6,18
litura/6/18/xw_d18_172.jpg,litura,6,18
litura/6/18/xw_d18_173.jpg,litura,6,18
litura/6/18/xw_d18_174.jpg,litura,6,18
litura/6/18/xw_d18_175.jpg,litura,6,18
litura/6/18/xw_d18_176.jpg,litura,6,18
litura/6/18/xw_d18_177.jpg,litura,6,18
litura/6/18/xw_d18_178.jpg,litura,6,18
litura/6/18/xw_d18_179.jpg,litura,6,18
litura/6/18/xw_d18_180.jpg,litura,6,18
litura/6/18/xw_d18_181.jpg,litura,6,18
litura/6/18/xw_d18_182.jpg,litura,6,18
litura/6/18/xw_d18_183.jpg,litura,6,18
litura/6/18/xw_d18_184.jpg,litura,6,18
litura/6/18/xw_d18_185.jpg,litura,6,18
litura/6/18/xw_d18_186.jpg,litura,6,18
litura/6/18/xw_d18_187.jpg,litura,6,18
litura/6/18/xw_d18_188.jpg,litura,6,18
litura/6/18/xw_d18_189.jpg,litura,6,18
litura/6/18/xw_d18_190.jpg,litura,6,18
litura/6/18/xw_d18_191.jpg,litura,6,18
litura/6/18/xw_d18_192.jpg,litura,6,18
litura/6/18/xw_d18_193.jpg,litura,6,18
litura/6/18/xw_d18_194.jpg,litura,6,18
litura/6/18/xw_d18_195.jpg,litura,6,18
litura/6/18/xw_d18_196.jpg,litura,6,18
litura/6/18/xw_d18_197.jpg,litura,6,18
litura/6/18/xw_d18_198.jpg,litura,6,18
litura/6/18/xw_d18_199.jpg,litura,6,18
litura/6/18/xw_d18_200.jpg,litura,6,18
litura/6/19/xw_d19_001.jpg,litura,6,19
litura/6/19/xw_d19_002.jpg,litura,6,19
litura/6/19/xw_d19_003.jpg,litura,6,19
litura/6/19/xw_d19_004.jpg,litura,6,19
litura/6/19/xw_d19_005.jpg,litura,6,19
litura/6/19/xw_d19_006.jpg,litura,6,19
litura/6/19/xw_d19_007.jpg,litura,6,19
litura/6/19/xw_d19_008.jpg,litura,6,19
litura/6/19/xw_d19_009.jpg,litura,6,19
litura/6/19/xw_d19_010.jpg,litura,6,19
litura/6/19/xw_d19_011.jpg,litura,6,19
litura/6/19/xw_d19_012.jpg,litura,6,19
litura/6/19/xw_d19_013.jpg,litura,6,19
litura/6/19/xw_d19_014.jpg,litura,6,19
litura/6/19/xw_d19_015.jpg,litura,6,19
litura/6/19/xw_d19_016.jpg,litura,6,19
litura/6/19/xw_d19_017.jpg,litura,6,19
litura/6/19/xw_d19_018.jpg,litura,6,19
litura/6/19/xw_d19_019.jpg,litura,6,19
litura/6/19/xw_d19_020.jpg,litura,6,19
litura/6/19/xw_d19_021.jpg,litura,6,19
litura/6/19/xw_d19_022.jpg,litura,6,19
litura/6/19/xw_d19_023.jpg,litura,6,19
litura/6/19/xw_d19_024.jpg,litura,6,19
litura/6/19/xw_d19_025.jpg,litura,6,19
litura/6/19/xw_d19_026.jpg,litura,6,19
litura/6/19/xw_d19_027.jpg,litura,6,19
litura/6/19/xw_d19_028.jpg,litura,6,19
litura/6/19/xw_d19_029.jpg,litura,6,19
litura/6/19/xw_d19_030.jpg,litura,6,19
litura/6/19/xw_d19_031.jpg,litura,6,19
litura/6/19/xw_d19_032.jpg,litura,6,19
litura/6/19/xw_d19_033.jpg,litura,6,19
litura/6/19/xw_d19_034.jpg,litura,6,19
litura/6/19/xw_d19_035.jpg,litura,6,19
litura/6/19/xw_d19_036.jpg,litura,6,19
litura/6/19/xw_d19_037.jpg,litura,6,19
litura/6/19/xw_d19_038.jpg,litura,6,19
litura/6/19/xw_d19_039.jpg,litura,6,19
litura/6/19/xw_d19_040.jpg,litura,6,19
litura/6/19/xw_d19_041.jpg,litura,6,19
litura/6/19/xw_d19_042.jpg,litura,6,19
litura/6/19/xw_d19_043.jpg,litura,6,19
litura/6/19/xw_d19_044.jpg,litura,6,19
litura/6/19/xw_d19_045.jpg,litura,6,19
litura/6/19/xw_d19_046.jpg,litura,6,19
litura/6/19/xw_d19_047.jpg,litura,6,19
litura/6/19/xw_d19_048.jpg,litura,6,19
litura/6/19/xw_d19_049.jpg,litura,6,19
litura/6/19/xw_d19_050.jpg,litura,6,19
litura/6/19/xw_d19_051.jpg,litura,6,19
litura/6/19/xw_d19_052.jpg,litura,6,19
litura/6/19/xw_d19_053.jpg,litura,6,19
litura/6/19/xw_d19_054.jpg,litura,6,19
litura/6/19/xw_d19_055.jpg,litura,6,19
litura/6/19/xw_d19_056.jpg,litura,6,19
litura/6/19/xw_d19_057.jpg,litura,6,19
litura/6/19/xw_d19_058.jpg,litura,6,19
litura/6/19/xw_d19_059.jpg,litura,6,19
litura/6/19/xw_d19_060.jpg,litura,6,19
litura/6/19/xw_d19_061.jpg,litura,6,19
litura/6/19/xw_d19_062.jpg,litura,6,19
litura/6/19/xw_d19_063.jpg,litura,6,19
litura/6/19/xw_d19_064.jpg,litura,6,19
litura/6/19/xw_d19_065.jpg,litura,6,19
litura/6/19/xw_d19_066.jpg,litura,6,19
litura/6/19/xw_d19_067.jpg,litura,6,19
litura/6/19/xw_d19_068.jpg,litura,6,19
litura/6/19/xw_d19_069.jpg,litura,6,19
litura/6/19/xw_d19_070.jpg,litura,6,19
litura/6/19/xw_d19_071.jpg,litura,6,19
litura/6/19/xw_d19_072.jpg,litura,6,19
litura/6/19/xw_d19_073.jpg,litura,6,19
litura/6/19/xw_d19_074.jpg,litura,6,19
litura/6/19/xw_d19_075.jpg,litura,6,19
litura/6/19/xw_d19_076.jpg,litura,6,19
litura/6/19/xw_d19_077.jpg,litura,6,19
litura/6/19/xw_d19_078.jpg,litura,6,19
litura/6/19/xw_d19_079.jpg,litura,6,19
litura/6/19/xw_d19_080.jpg,litura,6,19
litura/6/19/xw_d19_081.jpg,litura,6,19
litura/6/19/xw_d19_082.jpg,litura,6,19
litura/6/19/xw_d19_083.jpg,litura,6,19
litura/6/19/xw_d19_084.jpg,litura,6,19
litura/6/19/xw_d19_085.jpg,litura,6,19
litura/6/19/xw_d19_086.jpg,litura,6,19
litura/6/19/xw_d19_087.jpg,litura,6,19
litura/6/19/xw_d19_088.jpg,litura,6,19
litura/6/19/xw_d19_089.jpg,litura,6,19
litura/6/19/xw_d19_090.jpg,litura,6,19
litura/6/19/xw_d19_091.jpg,litura,6,19
litura/6/19/xw_d19_092.jpg,litura,6,19
litura/6/19/xw_d19_093.jpg,litura,6,19
litura/6/19/xw_d19_094.jpg,litura,6,19
litura/6/19/xw_d19_095.jpg,litura,6,19
litura/6/19/xw_d19_096.jpg,litura,6,19
litura/6/19/xw_d19_097.jpg,litura,6,19
litura/6/19/xw_d19_098.jpg,litura,6,19
litura/6/19/xw_d19_099.jpg,litura,6,19
litura/6/19/xw_d19_100.jpg,litura,6,19
litura/6/19/xw_d19_101.jpg,litura,6,19
litura/6/19/xw_d19_102.jpg,litura,6,19
litura/6/19/xw_d19_103.jpg,litura,6,19
litura/6/19/xw_d19_104.jpg,litura,6,19
litura/6/19/xw_d19_105.jpg,litura,6,19
litura/6/19/xw_d19_106.jpg,litura,6,19
litura/6/19/xw_d19_107.jpg,litura,6,19
litura/6/19/xw_d19_108.jpg,litura,6,19
litura/6/19/xw_d19_109.jpg,litura,6,19
litura/6/19/xw_d19_110.jpg,litura,6,19
litura/6/19/xw_d19_111.jpg,litura,6,19
litura/6/19/xw_d19_112.jpg,litura,6,19
litura/6/19/xw_d19_113.jpg,litura,6,19
litura/6/19/xw_d19_114.jpg,litura,6,19
litura/6/19/xw_d19_115.jpg,litura,6,19
litura/6/19/xw_d19_116.jpg,litura,6,19
litura/6/19/xw_d19_117.jpg,litura,6,19
litura/6/19/xw_d19_118.jpg,litura,6,19
litura/6/19/xw_d19_119.jpg,litura,6,19
litura/6/19/xw_d19_120.jpg,litura,6,19
litura/6/19/xw_d19_121.jpg,litura,6,19
litura/6/19/xw_d19_122.jpg,litura,6,19
litura/6/19/xw_d19_123.jpg,litura,6,19
litura/6/19/xw_d19_124.jpg,litura,6,19
litura/6/19/xw_d19_125.jpg,litura,6,19
litura/6/19/xw_d19_126.jpg,litura,6,19
litura/6/19/xw_d19_127.jpg,litura,6,19
litura/6/19/xw_d19_128.jpg,litura,6,19
litura/6/19/xw_d19_129.jpg,litura,6,19
litura/6/19/xw_d19_130.jpg,litura,6,19
litura/6/19/xw_d19_131.jpg,litura,6,19
litura/6/19/xw_d19_132.jpg,litura,6,19
litura/6/19/xw_d19_133.jpg,litura,6,19
litura/6/19/xw_d19_134.jpg,litura,6,19
litura/6/19/xw_d19_135.jpg,litura,6,19
litura/6/19/xw_d19_136.jpg,litura,6,19
litura/6/19/xw_d19_137.jpg,litura,6,19
litura/6/19/xw_d19_138.jpg,litura,6,19
litura/6/19/xw_d19_139.jpg,litura,6,19
litura/6/19/xw_d19_140.jpg,litura,6,19
litura/6/19/xw_d19_141.jpg,litura,6,19
litura/6/19/xw_d19_142.jpg,litura,6,19
litura/6/19/xw_d19_143.jpg,litura,6,19
litura/6/19/xw_d19_144.jpg,litura,6,19
litura/6/19/xw_d19_145.jpg,litura,6,19
litura/6/19/xw_d19_146.jpg,litura,6,19
litura/6/19/xw_d19_147.jpg,litura,6,19
litura/6/19/xw_d19_148.jpg,litura,6,19
litura/6/19/xw_d19_149.jpg,litura,6,19
litura/6/19/xw_d19_150.jpg,litura,6,19
litura/6/19/xw_d19_151.jpg,litura,6,19
litura/6/19/xw_d19_152.jpg,litura,6,19
litura/6/19/xw_d19_153.jpg,litura,6,19
litura/6/19/xw_d19_154.jpg,litura,6,19
litura/6/19/xw_d19_155.jpg,litura,6,19
litura/6/19/xw_d19_156.jpg,litura,6,19
litura/6/19/xw_d19_157.jpg,litura,6,19
litura/6/19/xw_d19_158.jpg,litura,6,19
litura/6/19/xw_d19_159.jpg,litura,6,19
litura/6/19/xw_d19_160.jpg,litura,6,19
litura/6/19/xw_d19_161.jpg,litura,6,19
litura/6/19/xw_d19_162.jpg,litura,6,19
litura/6/19/xw_d19_163.jpg,litura,6,19
litura/6/19/xw_d19_164.jpg,litura,6,19
litura/6/19/xw_d19_165.jpg,litura,6,19
litura/6/19/xw_d19_166.jpg,litura,6,19
litura/6/19/xw_d19_167.jpg,litura,6,19
litura/6/19/xw_d19_168.jpg,litura,6,19
litura/6/19/xw_d19_169.jpg,litura,6,19
litura/6/19/xw_d19_170.jpg,litura,6,19
litura/6/19/xw_d19_171.jpg,litura,6,19
litura/6/19/xw_d19_172.jpg,litura,6,19
litura/6/19/xw_d19_173.jpg,litura,6,19
litura/6/19/xw_d19_174.jpg,litura,6,19
litura/6/19/xw_d19_175.jpg,litura,6,19
litura/6/19/xw_d19_176.jpg,litura,6,19
litura/6/19/xw_d19_177.jpg,litura,6,19
litura/6/19/xw_d19_178.jpg,litura,6,19
litura/6/19/xw_d19_179.jpg,litura,6,19
litura/6/19/xw_d19_180.jpg,litura,6,19
litura/6/19/xw_d19_181.jpg,litura,6,19
litura/6/19/xw_d19_182.jpg,litura,6,19
litura/6/19/xw_d19_183.jpg,litura,6,19
litura/6/19/xw_d19_184.jpg,litura,6,19
litura/6/19/xw_d19_185.jpg,litura,6,19
litura/6/19/xw_d19_186.jpg,litura,6,19
litura/6/19/xw_d19_187.jpg,litura,6,19
litura/6/19/xw_d19_188.jpg,litura,6,19
litura/6/19/xw_d19_189.jpg,litura,6,19
litura/6/19/xw_d19_190.jpg,litura,6,19
litura/6/19/xw_d19_191.jpg,litura,6,19
litura/6/19/xw_d19_192.jpg,litura,6,19
litura/6/19/xw_d19_193.jpg,litura,6,19
litura/6/19/xw_d19_194.jpg,litura,6,19
litura/6/19/xw_d19_195.jpg,litura,6,19
litura/6/19/xw_d19_196.jpg,litura,6,19
litura/6/19/xw_d19_197.jpg,litura,6,19
litura/6/19/xw_d19_198.jpg,litura,6,19
litura/6/19/xw_d19_199.jpg,litura,6,19
litura/6/19/xw_d19_200.jpg,litura,6,19
litura/6/19/xw_d19_201.jpg,litura,6,19
litura/6/19/xw_d19_202.jpg,litura,6,19
separata/1/0/1.jpg,separata,1,0
separata/1/0/10.jpg,separata,1,0
separata/1/0/100.jpg,separata,1,0
separata/1/0/101.jpg,separata,1,0
separata/1/0/102.jpg,separata,1,0
separata/1/0/103.jpg,separata,1,0
separata/1/0/104.jpg,separata,1,0
separata/1/0/105.jpg,separata,1,0
separata/1/0/106.jpg,separata,1,0
separata/1/0/107.jpg,separata,1,0
separata/1/0/108.jpg,separata,1,0
separata/1/0/109.jpg,separata,1,0
separata/1/0/11.jpg,separata,1,0
separata/1/0/110.jpg,separata,1,0
separata/1/0/111.jpg,separata,1,0
separata/1/0/112.jpg,separata,1,0
separata/1/0/113.jpg,separata,1,0
separata/1/0/114.jpg,separata,1,0
separata/1/0/115.jpg,separata,1,0
separata/1/0/116.jpg,separata,1,0
separata/1/0/117.jpg,separata,1,0
separata/1/0/118.jpg,separata,1,0
separata/1/0/119.jpg,separata,1,0
separata/1/0/12.jpg,separata,1,0
separata/1/0/120.jpg,separata,1,0
separata/1/0/121.jpg,separata,1,0
separata/1/0/122.jpg,separata,1,0
separata/1/0/123.jpg,separata,1,0
separata/1/0/124.jpg,separata,1,0
separata/1/0/125.jpg,separata,1,0
separata/1/0/126.jpg,separata,1,0
separata/1/0/127.jpg,separata,1,0
separata/1/0/128.jpg,separata,1,0
separata/1/0/129.jpg,separata,1,0
separata/1/0/13.jpg,separata,1,0
separata/1/0/130.jpg,separata,1,0
separata/1/0/131.jpg,separata,1,0
separata/1/0/132.jpg,separata,1,0
separata/1/0/133.jpg,separata,1,0
separata/1/0/134.jpg,separata,1,0
separata/1/0/135.jpg,separata,1,0
separata/1/0/136.jpg,separata,1,0
separata/1/0/137.jpg,separata,1,0
separata/1/0/138.jpg,separata,1,0
separata/1/0/139.jpg,separata,1,0
separata/1/0/14.jpg,separata,1,0
separata/1/0/140.jpg,separata,1,0
separata/1/0/141.jpg,separata,1,0
separata/1/0/142.jpg,separata,1,0
separata/1/0/143.jpg,separata,1,0
separata/1/0/144.jpg,separata,1,0
separata/1/0/145.jpg,separata,1,0
separata/1/0/146.jpg,separata,1,0
separata/1/0/147.jpg,separata,1,0
separata/1/0/148.jpg,separata,1,0
separata/1/0/149.jpg,separata,1,0
separata/1/0/15.jpg,separata,1,0
separata/1/0/150.jpg,separata,1,0
separata/1/0/151.jpg,separata,1,0
separata/1/0/152.jpg,separata,1,0
separata/1/0/153.jpg,separata,1,0
separata/1/0/154.jpg,separata,1,0
separata/1/0/155.jpg,separata,1,0
separata/1/0/156.jpg,separata,1,0
separata/1/0/157.jpg,separata,1,0
separata/1/0/158.jpg,separata,1,0
separata/1/0/159.jpg,separata,1,0
separata/1/0/16.jpg,separata,1,0
separata/1/0/160.jpg,separata,1,0
separata/1/0/161.jpg,separata,1,0
separata/1/0/162.jpg,separata,1,0
separata/1/0/163.jpg,separata,1,0
separata/1/0/164.jpg,separata,1,0
separata/1/0/165.jpg,separata,1,0
separata/1/0/166.jpg,separata,1,0
separata/1/0/167.jpg,separata,1,0
separata/1/0/168.jpg,separata,1,0
separata/1/0/169.jpg,separata,1,0
separata/1/0/17.jpg,separata,1,0
separata/1/0/170.jpg,separata,1,0
separata/1/0/171.jpg,separata,1,0
separata/1/0/172.jpg,separata,1,0
separata/1/0/173.jpg,separata,1,0
separata/1/0/174.jpg,separata,1,0
separata/1/0/175.jpg,separata,1,0
separata/1/0/176.jpg,separata,1,0
separata/1/0/177.jpg,separata,1,0
separata/1/0/178.jpg,separata,1,0
separata/1/0/179.jpg,separata,1,0
separata/1/0/18.jpg,separata,1,0
separata/1/0/180.jpg,separata,1,0
separata/1/0/181.jpg,separata,1,0
separata/1/0/182.jpg,separata,1,0
separata/1/0/183.jpg,separata,1,0
separata/1/0/184.jpg,separata,1,0
separata/1/0/185.jpg,separata,1,0
separata/1/0/186.jpg,separata,1,0
separata/1/0/187.jpg,separata,1,0
separata/1/0/188.jpg,separata,1,0
separata/1/0/189.jpg,separata,1,0
separata/1/0/19.jpg,separata,1,0
separata/1/0/190.jpg,separata,1,0
separata/1/0/191.jpg,separata,1,0
separata/1/0/192.jpg,separata,1,0
separata/1/0/193.jpg,separata,1,0
separata/1/0/194.jpg,separata,1,0
separata/1/0/195.jpg,separata,1,0
separata/1/0/196.jpg,separata,1,0
separata/1/0/197.jpg,separata,1,0
separata/1/0/198.jpg,separata,1,0
separata/1/0/199.jpg,separata,1,0
separata/1/0/2.jpg,separata,1,0
separata/1/0/20.jpg,separata,1,0
separata/1/0/200.jpg,separata,1,0
separata/1/0/201.jpg,separata,1,0
separata/1/0/202.jpg,separata,1,0
separata/1/0/203.jpg,separata,1,0
separata/1/0/204.jpg,separata,1,0
separata/1/0/205.jpg,separata,1,0
separata/1/0/206.jpg,separata,1,0
separata/1/0/207.jpg,separata,1,0
separata/1/0/208.jpg,separata,1,0
separata/1/0/209.jpg,separata,1,0
separata/1/0/21.jpg,separata,1,0
separata/1/0/210.jpg,separata,1,0
separata/1/0/211.jpg,separata,1,0
separata/1/0/22.jpg,separata,1,0
separata/1/0/23.jpg,separata,1,0
separata/1/0/24.jpg,separata,1,0
separata/1/0/25.jpg,separata,1,0
separata/1/0/26.jpg,separata,1,0
separata/1/0/27.jpg,separata,1,0
separata/1/0/28.jpg,separata,1,0
separata/1/0/29.jpg,separata,1,0
separata/1/0/3.jpg,separata,1,0
separata/1/0/30.jpg,separata,1,0
separata/1/0/31.jpg,separata,1,0
separata/1/0/32.jpg,separata,1,0
separata/1/0/33.jpg,separata,1,0
separata/1/0/34.jpg,separata,1,0
separata/1/0/35.jpg,separata,1,0
separata/1/0/36.jpg,separata,1,0
separata/1/0/37.jpg,separata,1,0
separata/1/0/38.jpg,separata,1,0
separata/1/0/39.jpg,separata,1,0
separata/1/0/4.jpg,separata,1,0
separata/1/0/40.jpg,separata,1,0
separata/1/0/41.jpg,separata,1,0
separata/1/0/42.jpg,separata,1,0
separata/1/0/43.jpg,separata,1,0
separata/1/0/44.jpg,separata,1,0
separata/1/0/45.jpg,separata,1,0
separata/1/0/46.jpg,separata,1,0
separata/1/0/47.jpg,separata,1,0
separata/1/0/48.jpg,separata,1,0
separata/1/0/49.jpg,separata,1,0
separata/1/0/5.jpg,separata,1,0
separata/1/0/50.jpg,separata,1,0
separata/1/0/51.jpg,separata,1,0
separata/1/0/52.jpg,separata,1,0
separata/1/0/53.jpg,separata,1,0
separata/1/0/54.jpg,separata,1,0
separata/1/0/55.jpg,separata,1,0
separata/1/0/56.jpg,separata,1,0
separata/1/0/57.jpg,separata,1,0
separata/1/0/58.jpg,separata,1,0
separata/1/0/59.jpg,separata,1,0
separata/1/0/6.jpg,separata,1,0
separata/1/0/60.jpg,separata,1,0
separata/1/0/61.jpg,separata,1,0
separata/1/0/62.jpg,separata,1,0
separata/1/0/63.jpg,separata,1,0
separata/1/0/64.jpg,separata,1,0
separata/1/0/65.jpg,separata,1,0
separata/1/0/66.jpg,separata,1,0
separata/1/0/67.jpg,separata,1,0
separata/1/0/68.jpg,separata,1,0
separata/1/0/69.jpg,separata,1,0
separata/1/0/7.jpg,separata,1,0
separata/1/0/70.jpg,separata,1,0
separata/1/0/71.jpg,separata,1,0
separata/1/0/72.jpg,separata,1,0
separata/1/0/73.jpg,separata,1,0
separata/1/0/74.jpg,separata,1,0
separata/1/0/75.jpg,separata,1,0
separata/1/0/76.jpg,separata,1,0
separata/1/0/77.jpg,separata,1,0
separata/1/0/78.jpg,separata,1,0
separata/1/0/79.jpg,separata,1,0
separata/1/0/8.jpg,separata,1,0
separata/1/0/80.jpg,separata,1,0
separata/1/0/81.jpg,separata,1,0
separata/1/0/82.jpg,separata,1,0
separata/1/0/83.jpg,separata,1,0
separata/1/0/84.jpg,separata,1,0
separata/1/0/85.jpg,separata,1,0
separata/1/0/86.jpg,separata,1,0
separata/1/0/87.jpg,separata,1,0
separata/1/0/88.jpg,separata,1,0
separata/1/0/89.jpg,separata,1,0
separata/1/0/9.jpg,separata,1,0
separata/1/0/90.jpg,separata,1,0
separata/1/0/91.jpg,separata,1,0
separata/1/0/92.jpg,separata,1,0
separata/1/0/93.jpg,separata,1,0
separata/1/0/94.jpg,separata,1,0
separata/1/0/95.jpg,separata,1,0
separata/1/0/96.jpg,separata,1,0
separata/1/0/97.jpg,separata,1,0
separata/1/0/98.jpg,separata,1,0
separata/1/0/99.jpg,separata,1,0
separata/1/1/1.jpg,separata,1,1
separata/1/1/10.jpg,separata,1,1
separata/1/1/100.jpg,separata,1,1
separata/1/1/101.jpg,separata,1,1
separata/1/1/102.jpg,separata,1,1
separata/1/1/103.jpg,separata,1,1
separata/1/1/104.jpg,separata,1,1
separata/1/1/105.jpg,separata,1,1
separata/1/1/106.jpg,separata,1,1
separata/1/1/107.jpg,separata,1,1
separata/1/1/108.jpg,separata,1,1
separata/1/1/109.jpg,separata,1,1
separata/1/1/11.jpg,separata,1,1
separata/1/1/110.jpg,separata,1,1
separata/1/1/111.jpg,separata,1,1
separata/1/1/112.jpg,separata,1,1
separata/1/1/113.jpg,separata,1,1
separata/1/1/114.jpg,separata,1,1
separata/1/1/115.jpg,separata,1,1
separata/1/1/116.jpg,separata,1,1
separata/1/1/117.jpg,separata,1,1
separata/1/1/118.jpg,separata,1,1
separata/1/1/119.jpg,separata,1,1
separata/1/1/12.jpg,separata,1,1
separata/1/1/120.jpg,separata,1,1
separata/1/1/121.jpg,separata,1,1
separata/1/1/122.jpg,separata,1,1
separata/1/1/123.jpg,separata,1,1
separata/1/1/124.jpg,separata,1,1
separata/1/1/125.jpg,separata,1,1
separata/1/1/126.jpg,separata,1,1
separata/1/1/127.jpg,separata,1,1
separata/1/1/128.jpg,separata,1,1
separata/1/1/129.jpg,separata,1,1
separata/1/1/13.jpg,separata,1,1
separata/1/1/130.jpg,separata,1,1
separata/1/1/131.jpg,separata,1,1
separata/1/1/132.jpg,separata,1,1
separata/1/1/133.jpg,separata,1,1
separata/1/1/134.jpg,separata,1,1
separata/1/1/135.jpg,separata,1,1
separata/1/1/136.jpg,separata,1,1
separata/1/1/137.jpg,separata,1,1
separata/1/1/138.jpg,separata,1,1
separata/1/1/139.jpg,separata,1,1
separata/1/1/14.jpg,separata,1,1
separata/1/1/140.jpg,separata,1,1
separata/1/1/141.jpg,separata,1,1
separata/1/1/142.jpg,separata,1,1
separata/1/1/143.jpg,separata,1,1
separata/1/1/144.jpg,separata,1,1
separata/1/1/145.jpg,separata,1,1
separata/1/1/146.jpg,separata,1,1
separata/1/1/147.jpg,separata,1,1
separata/1/1/148.jpg,separata,1,1
separata/1/1/149.jpg,separata,1,1
separata/1/1/15.jpg,separata,1,1
separata/1/1/150.jpg,separata,1,1
separata/1/1/151.jpg,separata,1,1
separata/1/1/152.jpg,separata,1,1
separata/1/1/153.jpg,separata,1,1
separata/1/1/154.jpg,separata,1,1
separata/1/1/155.jpg,separata,1,1
separata/1/1/156.jpg,separata,1,1
separata/1/1/157.jpg,separata,1,1
separata/1/1/158.jpg,separata,1,1
separata/1/1/159.jpg,separata,1,1
separata/1/1/16.jpg,separata,1,1
separata/1/1/160.jpg,separata,1,1
separata/1/1/161.jpg,separata,1,1
separata/1/1/162.jpg,separata,1,1
separata/1/1/163.jpg,separata,1,1
separata/1/1/164.jpg,separata,1,1
separata/1/1/165.jpg,separata,1,1
separata/1/1/166.jpg,separata,1,1
separata/1/1/167.jpg,separata,1,1
separata/1/1/168.jpg,separata,1,1
separata/1/1/169.jpg,separata,1,1
separata/1/1/17.jpg,separata,1,1
separata/1/1/170.jpg,separata,1,1
separata/1/1/171.jpg,separata,1,1
separata/1/1/172.jpg,separata,1,1
separata/1/1/173.jpg,separata,1,1
separata/1/1/174.jpg,separata,1,1
separata/1/1/175.jpg,separata,1,1
separata/1/1/176.jpg,separata,1,1
separata/1/1/177.jpg,separata,1,1
separata/1/1/178.jpg,separata,1,1
separata/1/1/179.jpg,separata,1,1
separata/1/1/18.jpg,separata,1,1
separata/1/1/180.jpg,separata,1,1
separata/1/1/181.jpg,separata,1,1
separata/1/1/182.jpg,separata,1,1
separata/1/1/183.jpg,separata,1,1
separata/1/1/184.jpg,separata,1,1
separata/1/1/185.jpg,separata,1,1
separata/1/1/186.jpg,separata,1,1
separata/1/1/187.jpg,separata,1,1
separata/1/1/188.jpg,separata,1,1
separata/1/1/189.jpg,separata,1,1
separata/1/1/19.jpg,separata,1,1
separata/1/1/190.jpg,separata,1,1
separata/1/1/191.jpg,separata,1,1
separata/1/1/192.jpg,separata,1,1
separata/1/1/193.jpg,separata,1,1
separata/1/1/194.jpg,separata,1,1
separata/1/1/195.jpg,separata,1,1
separata/1/1/196.jpg,separata,1,1
separata/1/1/197.jpg,separata,1,1
separata/1/1/198.jpg,separata,1,1
separata/1/1/199.jpg,separata,1,1
separata/1/1/2.jpg,separata,1,1
separata/1/1/20.jpg,separata,1,1
separata/1/1/200.jpg,separata,1,1
separata/1/1/201.jpg,separata,1,1
separata/1/1/202.jpg,separata,1,1
separata/1/1/203.jpg,separata,1,1
separata/1/1/204.jpg,separata,1,1
separata/1/1/205.jpg,separata,1,1
separata/1/1/206.jpg,separata,1,1
separata/1/1/207.jpg,separata,1,1
separata/1/1/208.jpg,separata,1,1
separata/1/1/209.jpg,separata,1,1
separata/1/1/21.jpg,separata,1,1
separata/1/1/210.jpg,separata,1,1
separata/1/1/211.jpg,separata,1,1
separata/1/1/212.jpg,separata,1,1
separata/1/1/213.jpg,separata,1,1
separata/1/1/214.jpg,separata,1,1
separata/1/1/215.jpg,separata,1,1
separata/1/1/216.jpg,separata,1,1
separata/1/1/217.jpg,separata,1,1
separata/1/1/218.jpg,separata,1,1
separata/1/1/219.jpg,separata,1,1
separata/1/1/22.jpg,separata,1,1
separata/1/1/220.jpg,separata,1,1
separata/1/1/221.jpg,separata,1,1
separata/1/1/222.jpg,separata,1,1
separata/1/1/223.jpg,separata,1,1
separata/1/1/224.jpg,separata,1,1
separata/1/1/225.jpg,separata,1,1
separata/1/1/226.jpg,separata,1,1
separata/1/1/227.jpg,separata,1,1
separata/1/1/228.jpg,separata,1,1
separata/1/1/229.jpg,separata,1,1
separata/1/1/23.jpg,separata,1,1
separata/1/1/230.jpg,separata,1,1
separata/1/1/231.jpg,separata,1,1
separata/1/1/232.jpg,separata,1,1
separata/1/1/233.jpg,separata,1,1
separata/1/1/234.jpg,separata,1,1
separata/1/1/235.jpg,separata,1,1
separata/1/1/236.jpg,separata,1,1
separata/1/1/237.jpg,separata,1,1
separata/1/1/238.jpg,separata,1,1
separata/1/1/239.jpg,separata,1,1
separata/1/1/24.jpg,separata,1,1
separata/1/1/240.jpg,separata,1,1
separata/1/1/241.jpg,separata,1,1
separata/1/1/242.jpg,separata,1,1
separata/1/1/243.jpg,separata,1,1
separata/1/1/244.jpg,separata,1,1
separata/1/1/245.jpg,separata,1,1
separata/1/1/246.jpg,separata,1,1
separata/1/1/247.jpg,separata,1,1
separata/1/1/248.jpg,separata,1,1
separata/1/1/249.jpg,separata,1,1
separata/1/1/25.jpg,separata,1,1
separata/1/1/250.jpg,separata,1,1
separata/1/1/251.jpg,separata,1,1
separata/1/1/252.jpg,separata,1,1
separata/1/1/253.jpg,separata,1,1
separata/1/1/254.jpg,separata,1,1
separata/1/1/255.jpg,separata,1,1
separata/1/1/256.jpg,separata,1,1
separata/1/1/257.jpg,separata,1,1
separata/1/1/258.jpg,separata,1,1
separata/1/1/259.jpg,separata,1,1
separata/1/1/26.jpg,separata,1,1
separata/1/1/260.jpg,separata,1,1
separata/1/1/261.jpg,separata,1,1
separata/1/1/262.jpg,separata,1,1
separata/1/1/263.jpg,separata,1,1
separata/1/1/264.jpg,separata,1,1
separata/1/1/265.jpg,separata,1,1
separata/1/1/266.jpg,separata,1,1
separata/1/1/267.jpg,separata,1,1
separata/1/1/268.jpg,separata,1,1
separata/1/1/269.jpg,separata,1,1
separata/1/1/27.jpg,separata,1,1
separata/1/1/270.jpg,separata,1,1
separata/1/1/271.jpg,separata,1,1
separata/1/1/272.jpg,separata,1,1
separata/1/1/28.jpg,separata,1,1
separata/1/1/29.jpg,separata,1,1
separata/1/1/3.jpg,separata,1,1
separata/1/1/30.jpg,separata,1,1
separata/1/1/31.jpg,separata,1,1
separata/1/1/32.jpg,separata,1,1
separata/1/1/33.jpg,separata,1,1
separata/1/1/34.jpg,separata,1,1
separata/1/1/35.jpg,separata,1,1
separata/1/1/36.jpg,separata,1,1
separata/1/1/37.jpg,separata,1,1
separata/1/1/38.jpg,separata,1,1
separata/1/1/39.jpg,separata,1,1
separata/1/1/4.jpg,separata,1,1
separata/1/1/40.jpg,separata,1,1
separata/1/1/41.jpg,separata,1,1
separata/1/1/42.jpg,separata,1,1
separata/1/1/43.jpg,separata,1,1
separata/1/1/44.jpg,separata,1,1
separata/1/1/45.jpg,separata,1,1
separata/1/1/46.jpg,separata,1,1
separata/1/1/47.jpg,separata,1,1
separata/1/1/48.jpg,separata,1,1
separata/1/1/49.jpg,separata,1,1
separata/1/1/5.jpg,separata,1,1
separata/1/1/50.jpg,separata,1,1
separata/1/1/51.jpg,separata,1,1
separata/1/1/52.jpg,separata,1,1
separata/1/1/53.jpg,separata,1,1
separata/1/1/54.jpg,separata,1,1
separata/1/1/55.jpg,separata,1,1
separata/1/1/56.jpg,separata,1,1
separata/1/1/57.jpg,separata,1,1
separata/1/1/58.jpg,separata,1,1
separata/1/1/59.jpg,separata,1,1
separata/1/1/6.jpg,separata,1,1
separata/1/1/60.jpg,separata,1,1
separata/1/1/61.jpg,separata,1,1
separata/1/1/62.jpg,separata,1,1
separata/1/1/63.jpg,separata,1,1
separata/1/1/64.jpg,separata,1,1
separata/1/1/65.jpg,separata,1,1
separata/1/1/66.jpg,separata,1,1
separata/1/1/67.jpg,separata,1,1
separata/1/1/68.jpg,separata,1,1
separata/1/1/69.jpg,separata,1,1
separata/1/1/7.jpg,separata,1,1
separata/1/1/70.jpg,separata,1,1
separata/1/1/71.jpg,separata,1,1
separata/1/1/72.jpg,separata,1,1
separata/1/1/73.jpg,separata,1,1
separata/1/1/74.jpg,separata,1,1
separata/1/1/75.jpg,separata,1,1
separata/1/1/76.jpg,separata,1,1
separata/1/1/77.jpg,separata,1,1
separata/1/1/78.jpg,separata,1,1
separata/1/1/79.jpg,separata,1,1
separata/1/1/8.jpg,separata,1,1
separata/1/1/80.jpg,separata,1,1
separata/1/1/81.jpg,separata,1,1
separata/1/1/82.jpg,separata,1,1
separata/1/1/83.jpg,separata,1,1
separata/1/1/84.jpg,separata,1,1
separata/1/1/85.jpg,separata,1,1
separata/1/1/86.jpg,separata,1,1
separata/1/1/87.jpg,separata,1,1
separata/1/1/88.jpg,separata,1,1
separata/1/1/89.jpg,separata,1,1
separata/1/1/9.jpg,separata,1,1
separata/1/1/90.jpg,separata,1,1
separata/1/1/91.jpg,separata,1,1
separata/1/1/92.jpg,separata,1,1
separata/1/1/93.jpg,separata,1,1
separata/1/1/94.jpg,separata,1,1
separata/1/1/95.jpg,separata,1,1
separata/1/1/96.jpg,separata,1,1
separata/1/1/97.jpg,separata,1,1
separata/1/1/98.jpg,separata,1,1
separata/1/1/99.jpg,separata,1,1
separata/2/2/1.jpg,separata,2,2
separata/2/2/10.jpg,separata,2,2
separata/2/2/100.jpg,separata,2,2
separata/2/2/101.jpg,separata,2,2
separata/2/2/102.jpg,separata,2,2
separata/2/2/103.jpg,separata,2,2
separata/2/2/104.jpg,separata,2,2
separata/2/2/105.jpg,separata,2,2
separata/2/2/106.jpg,separata,2,2
separata/2/2/107.jpg,separata,2,2
separata/2/2/108.jpg,separata,2,2
separata/2/2/109.jpg,separata,2,2
separata/2/2/11.jpg,separata,2,2
separata/2/2/110.jpg,separata,2,2
separata/2/2/111.jpg,separata,2,2
separata/2/2/112.jpg,separata,2,2
separata/2/2/113.jpg,separata,2,2
separata/2/2/114.jpg,separata,2,2
separata/2/2/115.jpg,separata,2,2
separata/2/2/116.jpg,separata,2,2
separata/2/2/117.jpg,separata,2,2
separata/2/2/118.jpg,separata,2,2
separata/2/2/119.jpg,separata,2,2
separata/2/2/12.jpg,separata,2,2
separata/2/2/120.jpg,separata,2,2
separata/2/2/121.jpg,separata,2,2
separata/2/2/122.jpg,separata,2,2
separata/2/2/123.jpg,separata,2,2
separata/2/2/124.jpg,separata,2,2
separata/2/2/125.jpg,separata,2,2
separata/2/2/126.jpg,separata,2,2
separata/2/2/127.jpg,separata,2,2
separata/2/2/128.jpg,separata,2,2
separata/2/2/129.jpg,separata,2,2
separata/2/2/13.jpg,separata,2,2
separata/2/2/130.jpg,separata,2,2
separata/2/2/131.jpg,separata,2,2
separata/2/2/132.jpg,separata,2,2
separata/2/2/133.jpg,separata,2,2
separata/2/2/134.jpg,separata,2,2
separata/2/2/135.jpg,separata,2,2
separata/2/2/136.jpg,separata,2,2
separata/2/2/137.jpg,separata,2,2
separata/2/2/138.jpg,separata,2,2
separata/2/2/139.jpg,separata,2,2
separata/2/2/14.jpg,separata,2,2
separata/2/2/140.jpg,separata,2,2
separata/2/2/141.jpg,separata,2,2
separata/2/2/142.jpg,separata,2,2
separata/2/2/143.jpg,separata,2,2
separata/2/2/144.jpg,separata,2,2
separata/2/2/145.jpg,separata,2,2
separata/2/2/146.jpg,separata,2,2
separata/2/2/147.jpg,separata,2,2
separata/2/2/148.jpg,separata,2,2
separata/2/2/149.jpg,separata,2,2
separata/2/2/15.jpg,separata,2,2
separata/2/2/150.jpg,separata,2,2
separata/2/2/151.jpg,separata,2,2
separata/2/2/152.jpg,separata,2,2
separata/2/2/153.jpg,separata,2,2
separata/2/2/154.jpg,separata,2,2
separata/2/2/155.jpg,separata,2,2
separata/2/2/156.jpg,separata,2,2
separata/2/2/157.jpg,separata,2,2
separata/2/2/158.jpg,separata,2,2
separata/2/2/159.jpg,separata,2,2
separata/2/2/16.jpg,separata,2,2
separata/2/2/160.jpg,separata,2,2
separata/2/2/161.jpg,separata,2,2
separata/2/2/162.jpg,separata,2,2
separata/2/2/163.jpg,separata,2,2
separata/2/2/164.jpg,separata,2,2
separata/2/2/165.jpg,separata,2,2
separata/2/2/166.jpg,separata,2,2
separata/2/2/167.jpg,separata,2,2
separata/2/2/168.jpg,separata,2,2
separata/2/2/169.jpg,separata,2,2
separata/2/2/17.jpg,separata,2,2
separata/2/2/170.jpg,separata,2,2
separata/2/2/171.jpg,separata,2,2
separata/2/2/172.jpg,separata,2,2
separata/2/2/173.jpg,separata,2,2
separata/2/2/174.jpg,separata,2,2
separata/2/2/175.jpg,separata,2,2
separata/2/2/176.jpg,separata,2,2
separata/2/2/177.jpg,separata,2,2
separata/2/2/178.jpg,separata,2,2
separata/2/2/179.jpg,separata,2,2
separata/2/2/18.jpg,separata,2,2
separata/2/2/180.jpg,separata,2,2
separata/2/2/181.jpg,separata,2,2
separata/2/2/182.jpg,separata,2,2
separata/2/2/183.jpg,separata,2,2
separata/2/2/184.jpg,separata,2,2
separata/2/2/185.jpg,separata,2,2
separata/2/2/186.jpg,separata,2,2
separata/2/2/187.jpg,separata,2,2
separata/2/2/188.jpg,separata,2,2
separata/2/2/189.jpg,separata,2,2
separata/2/2/19.jpg,separata,2,2
separata/2/2/190.jpg,separata,2,2
separata/2/2/191.jpg,separata,2,2
separata/2/2/192.jpg,separata,2,2
separata/2/2/193.jpg,separata,2,2
separata/2/2/194.jpg,separata,2,2
separata/2/2/195.jpg,separata,2,2
separata/2/2/196.jpg,separata,2,2
separata/2/2/197.jpg,separata,2,2
separata/2/2/198.jpg,separata,2,2
separata/2/2/199.jpg,separata,2,2
separata/2/2/2.jpg,separata,2,2
separata/2/2/20.jpg,separata,2,2
separata/2/2/200.jpg,separata,2,2
separata/2/2/201.jpg,separata,2,2
separata/2/2/202.jpg,separata,2,2
separata/2/2/203.jpg,separata,2,2
separata/2/2/204.jpg,separata,2,2
separata/2/2/205.jpg,separata,2,2
separata/2/2/206.jpg,separata,2,2
separata/2/2/207.jpg,separata,2,2
separata/2/2/208.jpg,separata,2,2
separata/2/2/209.jpg,separata,2,2
separata/2/2/21.jpg,separata,2,2
separata/2/2/210.jpg,separata,2,2
separata/2/2/211.jpg,separata,2,2
separata/2/2/212.jpg,separata,2,2
separata/2/2/213.jpg,separata,2,2
separata/2/2/214.jpg,separata,2,2
separata/2/2/215.jpg,separata,2,2
separata/2/2/216.jpg,separata,2,2
separata/2/2/217.jpg,separata,2,2
separata/2/2/218.jpg,separata,2,2
separata/2/2/219.jpg,separata,2,2
separata/2/2/22.jpg,separata,2,2
separata/2/2/220.jpg,separata,2,2
separata/2/2/221.jpg,separata,2,2
separata/2/2/222.jpg,separata,2,2
separata/2/2/223.jpg,separata,2,2
separata/2/2/224.jpg,separata,2,2
separata/2/2/225.jpg,separata,2,2
separata/2/2/23.jpg,separata,2,2
separata/2/2/24.jpg,separata,2,2
separata/2/2/25.jpg,separata,2,2
separata/2/2/26.jpg,separata,2,2
separata/2/2/27.jpg,separata,2,2
separata/2/2/28.jpg,separata,2,2
separata/2/2/29.jpg,separata,2,2
separata/2/2/3.jpg,separata,2,2
separata/2/2/30.jpg,separata,2,2
separata/2/2/31.jpg,separata,2,2
separata/2/2/32.jpg,separata,2,2
separata/2/2/33.jpg,separata,2,2
separata/2/2/34.jpg,separata,2,2
separata/2/2/35.jpg,separata,2,2
separata/2/2/36.jpg,separata,2,2
separata/2/2/37.jpg,separata,2,2
separata/2/2/38.jpg,separata,2,2
separata/2/2/39.jpg,separata,2,2
separata/2/2/4.jpg,separata,2,2
separata/2/2/40.jpg,separata,2,2
separata/2/2/41.jpg,separata,2,2
separata/2/2/42.jpg,separata,2,2
separata/2/2/43.jpg,separata,2,2
separata/2/2/44.jpg,separata,2,2
separata/2/2/45.jpg,separata,2,2
separata/2/2/46.jpg,separata,2,2
separata/2/2/47.jpg,separata,2,2
separata/2/2/48.jpg,separata,2,2
separata/2/2/49.jpg,separata,2,2
separata/2/2/5.jpg,separata,2,2
separata/2/2/50.jpg,separata,2,2
separata/2/2/51.jpg,separata,2,2
separata/2/2/52.jpg,separata,2,2
separata/2/2/53.jpg,separata,2,2
separata/2/2/54.jpg,separata,2,2
separata/2/2/55.jpg,separata,2,2
separata/2/2/56.jpg,separata,2,2
separata/2/2/57.jpg,separata,2,2
separata/2/2/58.jpg,separata,2,2
separata/2/2/59.jpg,separata,2,2
separata/2/2/6.jpg,separata,2,2
separata/2/2/60.jpg,separata,2,2
separata/2/2/61.jpg,separata,2,2
separata/2/2/62.jpg,separata,2,2
separata/2/2/63.jpg,separata,2,2
separata/2/2/64.jpg,separata,2,2
separata/2/2/65.jpg,separata,2,2
separata/2/2/66.jpg,separata,2,2
separata/2/2/67.jpg,separata,2,2
separata/2/2/68.jpg,separata,2,2
separata/2/2/69.jpg,separata,2,2
separata/2/2/7.jpg,separata,2,2
separata/2/2/70.jpg,separata,2,2
separata/2/2/71.jpg,separata,2,2
separata/2/2/72.jpg,separata,2,2
separata/2/2/73.jpg,separata,2,2
separata/2/2/74.jpg,separata,2,2
separata/2/2/75.jpg,separata,2,2
separata/2/2/76.jpg,separata,2,2
separata/2/2/77.jpg,separata,2,2
separata/2/2/78.jpg,separata,2,2
separata/2/2/79.jpg,separata,2,2
separata/2/2/8.jpg,separata,2,2
separata/2/2/80.jpg,separata,2,2
separata/2/2/81.jpg,separata,2,2
separata/2/2/82.jpg,separata,2,2
separata/2/2/83.jpg,separata,2,2
separata/2/2/84.jpg,separata,2,2
separata/2/2/85.jpg,separata,2,2
separata/2/2/86.jpg,separata,2,2
separata/2/2/87.jpg,separata,2,2
separata/2/2/88.jpg,separata,2,2
separata/2/2/89.jpg,separata,2,2
separata/2/2/9.jpg,separata,2,2
separata/2/2/90.jpg,separata,2,2
separata/2/2/91.jpg,separata,2,2
separata/2/2/92.jpg,separata,2,2
separata/2/2/93.jpg,separata,2,2
separata/2/2/94.jpg,separata,2,2
separata/2/2/95.jpg,separata,2,2
separata/2/2/96.jpg,separata,2,2
separata/2/2/97.jpg,separata,2,2
separata/2/2/98.jpg,separata,2,2
separata/2/2/99.jpg,separata,2,2
separata/2/3/1.jpg,separata,2,3
separata/2/3/10.jpg,separata,2,3
separata/2/3/100.jpg,separata,2,3
separata/2/3/101.jpg,separata,2,3
separata/2/3/102.jpg,separata,2,3
separata/2/3/103.jpg,separata,2,3
separata/2/3/104.jpg,separata,2,3
separata/2/3/105.jpg,separata,2,3
separata/2/3/106.jpg,separata,2,3
separata/2/3/107.jpg,separata,2,3
separata/2/3/108.jpg,separata,2,3
separata/2/3/109.jpg,separata,2,3
separata/2/3/11.jpg,separata,2,3
separata/2/3/110.jpg,separata,2,3
separata/2/3/111.jpg,separata,2,3
separata/2/3/112.jpg,separata,2,3
separata/2/3/113.jpg,separata,2,3
separata/2/3/114.jpg,separata,2,3
separata/2/3/115.jpg,separata,2,3
separata/2/3/116.jpg,separata,2,3
separata/2/3/117.jpg,separata,2,3
separata/2/3/118.jpg,separata,2,3
separata/2/3/119.jpg,separata,2,3
separata/2/3/12.jpg,separata,2,3
separata/2/3/120.jpg,separata,2,3
separata/2/3/121.jpg,separata,2,3
separata/2/3/122.jpg,separata,2,3
separata/2/3/123.jpg,separata,2,3
separata/2/3/124.jpg,separata,2,3
separata/2/3/125.jpg,separata,2,3
separata/2/3/126.jpg,separata,2,3
separata/2/3/127.jpg,separata,2,3
separata/2/3/128.jpg,separata,2,3
separata/2/3/129.jpg,separata,2,3
separata/2/3/13.jpg,separata,2,3
separata/2/3/130.jpg,separata,2,3
separata/2/3/131.jpg,separata,2,3
separata/2/3/132.jpg,separata,2,3
separata/2/3/133.jpg,separata,2,3
separata/2/3/134.jpg,separata,2,3
separata/2/3/135.jpg,separata,2,3
separata/2/3/136.jpg,separata,2,3
separata/2/3/137.jpg,separata,2,3
separata/2/3/138.jpg,separata,2,3
separata/2/3/139.jpg,separata,2,3
separata/2/3/14.jpg,separata,2,3
separata/2/3/140.jpg,separata,2,3
separata/2/3/141.jpg,separata,2,3
separata/2/3/142.jpg,separata,2,3
separata/2/3/143.jpg,separata,2,3
separata/2/3/144.jpg,separata,2,3
separata/2/3/145.jpg,separata,2,3
separata/2/3/146.jpg,separata,2,3
separata/2/3/147.jpg,separata,2,3
separata/2/3/148.jpg,separata,2,3
separata/2/3/149.jpg,separata,2,3
separata/2/3/15.jpg,separata,2,3
separata/2/3/150.jpg,separata,2,3
separata/2/3/151.jpg,separata,2,3
separata/2/3/152.jpg,separata,2,3
separata/2/3/153.jpg,separata,2,3
separata/2/3/154.jpg,separata,2,3
separata/2/3/155.jpg,separata,2,3
separata/2/3/156.jpg,separata,2,3
separata/2/3/157.jpg,separata,2,3
separata/2/3/158.jpg,separata,2,3
separata/2/3/159.jpg,separata,2,3
separata/2/3/16.jpg,separata,2,3
separata/2/3/160.jpg,separata,2,3
separata/2/3/161.jpg,separata,2,3
separata/2/3/162.jpg,separata,2,3
separata/2/3/163.jpg,separata,2,3
separata/2/3/164.jpg,separata,2,3
separata/2/3/165.jpg,separata,2,3
separata/2/3/166.jpg,separata,2,3
separata/2/3/167.jpg,separata,2,3
separata/2/3/168.jpg,separata,2,3
separata/2/3/169.jpg,separata,2,3
separata/2/3/17.jpg,separata,2,3
separata/2/3/170.jpg,separata,2,3
separata/2/3/171.jpg,separata,2,3
separata/2/3/172.jpg,separata,2,3
separata/2/3/173.jpg,separata,2,3
separata/2/3/174.jpg,separata,2,3
separata/2/3/175.jpg,separata,2,3
separata/2/3/176.jpg,separata,2,3
separata/2/3/177.jpg,separata,2,3
separata/2/3/178.jpg,separata,2,3
separata/2/3/179.jpg,separata,2,3
separata/2/3/18.jpg,separata,2,3
separata/2/3/180.jpg,separata,2,3
separata/2/3/181.jpg,separata,2,3
separata/2/3/182.jpg,separata,2,3
separata/2/3/183.jpg,separata,2,3
separata/2/3/184.jpg,separata,2,3
separata/2/3/185.jpg,separata,2,3
separata/2/3/186.jpg,separata,2,3
separata/2/3/187.jpg,separata,2,3
separata/2/3/188.jpg,separata,2,3
separata/2/3/189.jpg,separata,2,3
separata/2/3/19.jpg,separata,2,3
separata/2/3/190.jpg,separata,2,3
separata/2/3/191.jpg,separata,2,3
separata/2/3/192.jpg,separata,2,3
separata/2/3/193.jpg,separata,2,3
separata/2/3/194.jpg,separata,2,3
separata/2/3/195.jpg,separata,2,3
separata/2/3/196.jpg,separata,2,3
separata/2/3/197.jpg,separata,2,3
separata/2/3/198.jpg,separata,2,3
separata/2/3/199.jpg,separata,2,3
separata/2/3/2.jpg,separata,2,3
separata/2/3/20.jpg,separata,2,3
separata/2/3/200.jpg,separata,2,3
separata/2/3/201.jpg,separata,2,3
separata/2/3/202.jpg,separata,2,3
separata/2/3/203.jpg,separata,2,3
separata/2/3/204.jpg,separata,2,3
separata/2/3/205.jpg,separata,2,3
separata/2/3/206.jpg,separata,2,3
separata/2/3/207.jpg,separata,2,3
separata/2/3/208.jpg,separata,2,3
separata/2/3/209.jpg,separata,2,3
separata/2/3/21.jpg,separata,2,3
separata/2/3/210.jpg,separata,2,3
separata/2/3/211.jpg,separata,2,3
separata/2/3/212.jpg,separata,2,3
separata/2/3/213.jpg,separata,2,3
separata/2/3/214.jpg,separata,2,3
separata/2/3/215.jpg,separata,2,3
separata/2/3/216.jpg,separata,2,3
separata/2/3/217.jpg,separata,2,3
separata/2/3/218.jpg,separata,2,3
separata/2/3/219.jpg,separata,2,3
separata/2/3/22.jpg,separata,2,3
separata/2/3/220.jpg,separata,2,3
separata/2/3/221.jpg,separata,2,3
separata/2/3/222.jpg,separata,2,3
separata/2/3/223.jpg,separata,2,3
separata/2/3/224.jpg,separata,2,3
separata/2/3/225.jpg,separata,2,3
separata/2/3/226.jpg,separata,2,3
separata/2/3/227.jpg,separata,2,3
separata/2/3/228.jpg,separata,2,3
separata/2/3/229.jpg,separata,2,3
separata/2/3/23.jpg,separata,2,3
separata/2/3/230.jpg,separata,2,3
separata/2/3/231.jpg,separata,2,3
separata/2/3/232.jpg,separata,2,3
separata/2/3/233.jpg,separata,2,3
separata/2/3/234.jpg,separata,2,3
separata/2/3/235.jpg,separata,2,3
separata/2/3/236.jpg,separata,2,3
separata/2/3/237.jpg,separata,2,3
separata/2/3/238.jpg,separata,2,3
separata/2/3/239.jpg,separata,2,3
separata/2/3/24.jpg,separata,2,3
separata/2/3/240.jpg,separata,2,3
separata/2/3/241.jpg,separata,2,3
separata/2/3/242.jpg,separata,2,3
separata/2/3/243.jpg,separata,2,3
separata/2/3/244.jpg,separata,2,3
separata/2/3/245.jpg,separata,2,3
separata/2/3/246.jpg,separata,2,3
separata/2/3/247.jpg,separata,2,3
separata/2/3/248.jpg,separata,2,3
separata/2/3/249.jpg,separata,2,3
separata/2/3/25.jpg,separata,2,3
separata/2/3/250.jpg,separata,2,3
separata/2/3/251.jpg,separata,2,3
separata/2/3/252.jpg,separata,2,3
separata/2/3/253.jpg,separata,2,3
separata/2/3/254.jpg,separata,2,3
separata/2/3/255.jpg,separata,2,3
separata/2/3/256.jpg,separata,2,3
separata/2/3/257.jpg,separata,2,3
separata/2/3/258.jpg,separata,2,3
separata/2/3/259.jpg,separata,2,3
separata/2/3/26.jpg,separata,2,3
separata/2/3/260.jpg,separata,2,3
separata/2/3/261.jpg,separata,2,3
separata/2/3/262.jpg,separata,2,3
separata/2/3/263.jpg,separata,2,3
separata/2/3/264.jpg,separata,2,3
separata/2/3/265.jpg,separata,2,3
separata/2/3/266.jpg,separata,2,3
separata/2/3/267.jpg,separata,2,3
separata/2/3/268.jpg,separata,2,3
separata/2/3/269.jpg,separata,2,3
separata/2/3/27.jpg,separata,2,3
separata/2/3/270.jpg,separata,2,3
separata/2/3/271.jpg,separata,2,3
separata/2/3/28.jpg,separata,2,3
separata/2/3/29.jpg,separata,2,3
separata/2/3/3.jpg,separata,2,3
separata/2/3/30.jpg,separata,2,3
separata/2/3/31.jpg,separata,2,3
separata/2/3/32.jpg,separata,2,3
separata/2/3/33.jpg,separata,2,3
separata/2/3/34.jpg,separata,2,3
separata/2/3/35.jpg,separata,2,3
separata/2/3/36.jpg,separata,2,3
separata/2/3/37.jpg,separata,2,3
separata/2/3/38.jpg,separata,2,3
separata/2/3/39.jpg,separata,2,3
separata/2/3/4.jpg,separata,2,3
separata/2/3/40.jpg,separata,2,3
separata/2/3/41.jpg,separata,2,3
separata/2/3/42.jpg,separata,2,3
separata/2/3/43.jpg,separata,2,3
separata/2/3/44.jpg,separata,2,3
separata/2/3/45.jpg,separata,2,3
separata/2/3/46.jpg,separata,2,3
separata/2/3/47.jpg,separata,2,3
separata/2/3/48.jpg,separata,2,3
separata/2/3/49.jpg,separata,2,3
separata/2/3/5.jpg,separata,2,3
separata/2/3/50.jpg,separata,2,3
separata/2/3/51.jpg,separata,2,3
separata/2/3/52.jpg,separata,2,3
separata/2/3/53.jpg,separata,2,3
separata/2/3/54.jpg,separata,2,3
separata/2/3/55.jpg,separata,2,3
separata/2/3/56.jpg,separata,2,3
separata/2/3/57.jpg,separata,2,3
separata/2/3/58.jpg,separata,2,3
separata/2/3/59.jpg,separata,2,3
separata/2/3/6.jpg,separata,2,3
separata/2/3/60.jpg,separata,2,3
separata/2/3/61.jpg,separata,2,3
separata/2/3/62.jpg,separata,2,3
separata/2/3/63.jpg,separata,2,3
separata/2/3/64.jpg,separata,2,3
separata/2/3/65.jpg,separata,2,3
separata/2/3/66.jpg,separata,2,3
separata/2/3/67.jpg,separata,2,3
separata/2/3/68.jpg,separata,2,3
separata/2/3/69.jpg,separata,2,3
separata/2/3/7.jpg,separata,2,3
separata/2/3/70.jpg,separata,2,3
separata/2/3/71.jpg,separata,2,3
separata/2/3/72.jpg,separata,2,3
separata/2/3/73.jpg,separata,2,3
separata/2/3/74.jpg,separata,2,3
separata/2/3/75.jpg,separata,2,3
separata/2/3/76.jpg,separata,2,3
separata/2/3/77.jpg,separata,2,3
separata/2/3/78.jpg,separata,2,3
separata/2/3/79.jpg,separata,2,3
separata/2/3/8.jpg,separata,2,3
separata/2/3/80.jpg,separata,2,3
separata/2/3/81.jpg,separata,2,3
separata/2/3/82.jpg,separata,2,3
separata/2/3/83.jpg,separata,2,3
separata/2/3/84.jpg,separata,2,3
separata/2/3/85.jpg,separata,2,3
separata/2/3/86.jpg,separata,2,3
separata/2/3/87.jpg,separata,2,3
separata/2/3/88.jpg,separata,2,3
separata/2/3/89.jpg,separata,2,3
separata/2/3/9.jpg,separata,2,3
separata/2/3/90.jpg,separata,2,3
separata/2/3/91.jpg,separata,2,3
separata/2/3/92.jpg,separata,2,3
separata/2/3/93.jpg,separata,2,3
separata/2/3/94.jpg,separata,2,3
separata/2/3/95.jpg,separata,2,3
separata/2/3/96.jpg,separata,2,3
separata/2/3/97.jpg,separata,2,3
separata/2/3/98.jpg,separata,2,3
separata/2/3/99.jpg,separata,2,3
separata/3/4/1.jpg,separata,3,4
separata/3/4/10.jpg,separata,3,4
separata/3/4/100.jpg,separata,3,4
separata/3/4/101.jpg,separata,3,4
separata/3/4/102.jpg,separata,3,4
separata/3/4/103.jpg,separata,3,4
separata/3/4/104.jpg,separata,3,4
separata/3/4/105.jpg,separata,3,4
separata/3/4/106.jpg,separata,3,4
separata/3/4/107.jpg,separata,3,4
separata/3/4/108.jpg,separata,3,4
separata/3/4/109.jpg,separata,3,4
separata/3/4/11.jpg,separata,3,4
separata/3/4/110.jpg,separata,3,4
separata/3/4/111.jpg,separata,3,4
separata/3/4/112.jpg,separata,3,4
separata/3/4/113.jpg,separata,3,4
separata/3/4/114.jpg,separata,3,4
separata/3/4/115.jpg,separata,3,4
separata/3/4/116.jpg,separata,3,4
separata/3/4/117.jpg,separata,3,4
separata/3/4/118.jpg,separata,3,4
separata/3/4/119.jpg,separata,3,4
separata/3/4/12.jpg,separata,3,4
separata/3/4/120.jpg,separata,3,4
separata/3/4/121.jpg,separata,3,4
separata/3/4/122.jpg,separata,3,4
separata/3/4/123.jpg,separata,3,4
separata/3/4/124.jpg,separata,3,4
separata/3/4/125.jpg,separata,3,4
separata/3/4/126.jpg,separata,3,4
separata/3/4/127.jpg,separata,3,4
separata/3/4/128.jpg,separata,3,4
separata/3/4/129.jpg,separata,3,4
separata/3/4/13.jpg,separata,3,4
separata/3/4/130.jpg,separata,3,4
separata/3/4/131.jpg,separata,3,4
separata/3/4/132.jpg,separata,3,4
separata/3/4/133.jpg,separata,3,4
separata/3/4/134.jpg,separata,3,4
separata/3/4/135.jpg,separata,3,4
separata/3/4/136.jpg,separata,3,4
separata/3/4/137.jpg,separata,3,4
separata/3/4/138.jpg,separata,3,4
separata/3/4/139.jpg,separata,3,4
separata/3/4/14.jpg,separata,3,4
separata/3/4/140.jpg,separata,3,4
separata/3/4/141.jpg,separata,3,4
separata/3/4/142.jpg,separata,3,4
separata/3/4/143.jpg,separata,3,4
separata/3/4/144.jpg,separata,3,4
separata/3/4/145.jpg,separata,3,4
separata/3/4/146.jpg,separata,3,4
separata/3/4/147.jpg,separata,3,4
separata/3/4/148.jpg,separata,3,4
separata/3/4/149.jpg,separata,3,4
separata/3/4/15.jpg,separata,3,4
separata/3/4/150.jpg,separata,3,4
separata/3/4/151.jpg,separata,3,4
separata/3/4/152.jpg,separata,3,4
separata/3/4/153.jpg,separata,3,4
separata/3/4/154.jpg,separata,3,4
separata/3/4/155.jpg,separata,3,4
separata/3/4/156.jpg,separata,3,4
separata/3/4/157.jpg,separata,3,4
separata/3/4/158.jpg,separata,3,4
separata/3/4/159.jpg,separata,3,4
separata/3/4/16.jpg,separata,3,4
separata/3/4/160.jpg,separata,3,4
separata/3/4/161.jpg,separata,3,4
separata/3/4/162.jpg,separata,3,4
separata/3/4/163.jpg,separata,3,4
separata/3/4/164.jpg,separata,3,4
separata/3/4/165.jpg,separata,3,4
separata/3/4/166.jpg,separata,3,4
separata/3/4/167.jpg,separata,3,4
separata/3/4/168.jpg,separata,3,4
separata/3/4/169.jpg,separata,3,4
separata/3/4/17.jpg,separata,3,4
separata/3/4/170.jpg,separata,3,4
separata/3/4/171.jpg,separata,3,4
separata/3/4/172.jpg,separata,3,4
separata/3/4/173.jpg,separata,3,4
separata/3/4/174.jpg,separata,3,4
separata/3/4/175.jpg,separata,3,4
separata/3/4/176.jpg,separata,3,4
separata/3/4/177.jpg,separata,3,4
separata/3/4/178.jpg,separata,3,4
separata/3/4/179.jpg,separata,3,4
separata/3/4/18.jpg,separata,3,4
separata/3/4/180.jpg,separata,3,4
separata/3/4/181.jpg,separata,3,4
separata/3/4/182.jpg,separata,3,4
separata/3/4/183.jpg,separata,3,4
separata/3/4/184.jpg,separata,3,4
separata/3/4/185.jpg,separata,3,4
separata/3/4/186.jpg,separata,3,4
separata/3/4/187.jpg,separata,3,4
separata/3/4/188.jpg,separata,3,4
separata/3/4/189.jpg,separata,3,4
separata/3/4/19.jpg,separata,3,4
separata/3/4/190.jpg,separata,3,4
separata/3/4/191.jpg,separata,3,4
separata/3/4/192.jpg,separata,3,4
separata/3/4/193.jpg,separata,3,4
separata/3/4/194.jpg,separata,3,4
separata/3/4/195.jpg,separata,3,4
separata/3/4/196.jpg,separata,3,4
separata/3/4/197.jpg,separata,3,4
separata/3/4/198.jpg,separata,3,4
separata/3/4/199.jpg,separata,3,4
separata/3/4/2.jpg,separata,3,4
separata/3/4/20.jpg,separata,3,4
separata/3/4/200.jpg,separata,3,4
separata/3/4/21.jpg,separata,3,4
separata/3/4/22.jpg,separata,3,4
separata/3/4/23.jpg,separata,3,4
separata/3/4/24.jpg,separata,3,4
separata/3/4/25.jpg,separata,3,4
separata/3/4/26.jpg,separata,3,4
separata/3/4/27.jpg,separata,3,4
separata/3/4/28.jpg,separata,3,4
separata/3/4/29.jpg,separata,3,4
separata/3/4/3.jpg,separata,3,4
separata/3/4/30.jpg,separata,3,4
separata/3/4/31.jpg,separata,3,4
separata/3/4/32.jpg,separata,3,4
separata/3/4/33.jpg,separata,3,4
separata/3/4/34.jpg,separata,3,4
separata/3/4/35.jpg,separata,3,4
separata/3/4/36.jpg,separata,3,4
separata/3/4/37.jpg,separata,3,4
separata/3/4/38.jpg,separata,3,4
separata/3/4/39.jpg,separata,3,4
separata/3/4/4.jpg,separata,3,4
separata/3/4/40.jpg,separata,3,4
separata/3/4/41.jpg,separata,3,4
separata/3/4/42.jpg,separata,3,4
separata/3/4/43.jpg,separata,3,4
separata/3/4/44.jpg,separata,3,4
separata/3/4/45.jpg,separata,3,4
separata/3/4/46.jpg,separata,3,4
separata/3/4/47.jpg,separata,3,4
separata/3/4/48.jpg,separata,3,4
separata/3/4/49.jpg,separata,3,4
separata/3/4/5.jpg,separata,3,4
separata/3/4/50.jpg,separata,3,4
separata/3/4/51.jpg,separata,3,4
separata/3/4/52.jpg,separata,3,4
separata/3/4/53.jpg,separata,3,4
separata/3/4/54.jpg,separata,3,4
separata/3/4/55.jpg,separata,3,4
separata/3/4/56.jpg,separata,3,4
separata/3/4/57.jpg,separata,3,4
separata/3/4/58.jpg,separata,3,4
separata/3/4/59.jpg,separata,3,4
separata/3/4/6.jpg,separata,3,4
separata/3/4/60.jpg,separata,3,4
separata/3/4/61.jpg,separata,3,4
separata/3/4/62.jpg,separata,3,4
separata/3/4/63.jpg,separata,3,4
separata/3/4/64.jpg,separata,3,4
separata/3/4/65.jpg,separata,3,4
separata/3/4/66.jpg,separata,3,4
separata/3/4/67.jpg,separata,3,4
separata/3/4/68.jpg,separata,3,4
separata/3/4/69.jpg,separata,3,4
separata/3/4/7.jpg,separata,3,4
separata/3/4/70.jpg,separata,3,4
separata/3/4/71.jpg,separata,3,4
separata/3/4/72.jpg,separata,3,4
separata/3/4/73.jpg,separata,3,4
separata/3/4/74.jpg,separata,3,4
separata/3/4/75.jpg,separata,3,4
separata/3/4/76.jpg,separata,3,4
separata/3/4/77.jpg,separata,3,4
separata/3/4/78.jpg,separata,3,4
separata/3/4/79.jpg,separata,3,4
separata/3/4/8.jpg,separata,3,4
separata/3/4/80.jpg,separata,3,4
separata/3/4/81.jpg,separata,3,4
separata/3/4/82.jpg,separata,3,4
separata/3/4/83.jpg,separata,3,4
separata/3/4/84.jpg,separata,3,4
separata/3/4/85.jpg,separata,3,4
separata/3/4/86.jpg,separata,3,4
separata/3/4/87.jpg,separata,3,4
separata/3/4/88.jpg,separata,3,4
separata/3/4/89.jpg,separata,3,4
separata/3/4/9.jpg,separata,3,4
separata/3/4/90.jpg,separata,3,4
separata/3/4/91.jpg,separata,3,4
separata/3/4/92.jpg,separata,3,4
separata/3/4/93.jpg,separata,3,4
separata/3/4/94.jpg,separata,3,4
separata/3/4/95.jpg,separata,3,4
separata/3/4/96.jpg,separata,3,4
separata/3/4/97.jpg,separata,3,4
separata/3/4/98.jpg,separata,3,4
separata/3/4/99.jpg,separata,3,4
separata/3/5/1.jpg,separata,3,5
separata/3/5/10.jpg,separata,3,5
separata/3/5/100.jpg,separata,3,5
separata/3/5/101.jpg,separata,3,5
separata/3/5/102.jpg,separata,3,5
separata/3/5/103.jpg,separata,3,5
separata/3/5/104.jpg,separata,3,5
separata/3/5/105.jpg,separata,3,5
separata/3/5/106.jpg,separata,3,5
separata/3/5/107.jpg,separata,3,5
separata/3/5/108.jpg,separata,3,5
separata/3/5/109.jpg,separata,3,5
separata/3/5/11.jpg,separata,3,5
separata/3/5/110.jpg,separata,3,5
separata/3/5/111.jpg,separata,3,5
separata/3/5/112.jpg,separata,3,5
separata/3/5/113.jpg,separata,3,5
separata/3/5/114.jpg,separata,3,5
separata/3/5/115.jpg,separata,3,5
separata/3/5/116.jpg,separata,3,5
separata/3/5/117.jpg,separata,3,5
separata/3/5/118.jpg,separata,3,5
separata/3/5/119.jpg,separata,3,5
separata/3/5/12.jpg,separata,3,5
separata/3/5/120.jpg,separata,3,5
separata/3/5/121.jpg,separata,3,5
separata/3/5/122.jpg,separata,3,5
separata/3/5/123.jpg,separata,3,5
separata/3/5/124.jpg,separata,3,5
separata/3/5/125.jpg,separata,3,5
separata/3/5/126.jpg,separata,3,5
separata/3/5/127.jpg,separata,3,5
separata/3/5/128.jpg,separata,3,5
separata/3/5/129.jpg,separata,3,5
separata/3/5/13.jpg,separata,3,5
separata/3/5/130.jpg,separata,3,5
separata/3/5/131.jpg,separata,3,5
separata/3/5/132.jpg,separata,3,5
separata/3/5/133.jpg,separata,3,5
separata/3/5/134.jpg,separata,3,5
separata/3/5/135.jpg,separata,3,5
separata/3/5/136.jpg,separata,3,5
separata/3/5/137.jpg,separata,3,5
separata/3/5/138.jpg,separata,3,5
separata/3/5/139.jpg,separata,3,5
separata/3/5/14.jpg,separata,3,5
separata/3/5/140.jpg,separata,3,5
separata/3/5/141.jpg,separata,3,5
separata/3/5/142.jpg,separata,3,5
separata/3/5/143.jpg,separata,3,5
separata/3/5/144.jpg,separata,3,5
separata/3/5/145.jpg,separata,3,5
separata/3/5/146.jpg,separata,3,5
separata/3/5/147.jpg,separata,3,5
separata/3/5/148.jpg,separata,3,5
separata/3/5/149.jpg,separata,3,5
separata/3/5/15.jpg,separata,3,5
separata/3/5/150.jpg,separata,3,5
separata/3/5/151.jpg,separata,3,5
separata/3/5/152.jpg,separata,3,5
separata/3/5/153.jpg,separata,3,5
separata/3/5/154.jpg,separata,3,5
separata/3/5/155.jpg,separata,3,5
separata/3/5/156.jpg,separata,3,5
separata/3/5/157.jpg,separata,3,5
separata/3/5/158.jpg,separata,3,5
separata/3/5/159.jpg,separata,3,5
separata/3/5/16.jpg,separata,3,5
separata/3/5/160.jpg,separata,3,5
separata/3/5/161.jpg,separata,3,5
separata/3/5/162.jpg,separata,3,5
separata/3/5/163.jpg,separata,3,5
separata/3/5/164.jpg,separata,3,5
separata/3/5/165.jpg,separata,3,5
separata/3/5/166.jpg,separata,3,5
separata/3/5/167.jpg,separata,3,5
separata/3/5/168.jpg,separata,3,5
separata/3/5/169.jpg,separata,3,5
separata/3/5/17.jpg,separata,3,5
separata/3/5/170.jpg,separata,3,5
separata/3/5/171.jpg,separata,3,5
separata/3/5/172.jpg,separata,3,5
separata/3/5/173.jpg,separata,3,5
separata/3/5/174.jpg,separata,3,5
separata/3/5/175.jpg,separata,3,5
separata/3/5/176.jpg,separata,3,5
separata/3/5/177.jpg,separata,3,5
separata/3/5/178.jpg,separata,3,5
separata/3/5/179.jpg,separata,3,5
separata/3/5/18.jpg,separata,3,5
separata/3/5/180.jpg,separata,3,5
separata/3/5/181.jpg,separata,3,5
separata/3/5/182.jpg,separata,3,5
separata/3/5/183.jpg,separata,3,5
separata/3/5/184.jpg,separata,3,5
separata/3/5/185.jpg,separata,3,5
separata/3/5/186.jpg,separata,3,5
separata/3/5/187.jpg,separata,3,5
separata/3/5/188.jpg,separata,3,5
separata/3/5/189.jpg,separata,3,5
separata/3/5/19.jpg,separata,3,5
separata/3/5/190.jpg,separata,3,5
separata/3/5/191.jpg,separata,3,5
separata/3/5/192.jpg,separata,3,5
separata/3/5/193.jpg,separata,3,5
separata/3/5/194.jpg,separata,3,5
separata/3/5/195.jpg,separata,3,5
separata/3/5/196.jpg,separata,3,5
separata/3/5/197.jpg,separata,3,5
separata/3/5/198.jpg,separata,3,5
separata/3/5/199.jpg,separata,3,5
separata/3/5/2.jpg,separata,3,5
separata/3/5/20.jpg,separata,3,5
separata/3/5/200.jpg,separata,3,5
separata/3/5/201.jpg,separata,3,5
separata/3/5/202.jpg,separata,3,5
separata/3/5/203.jpg,separata,3,5
separata/3/5/204.jpg,separata,3,5
separata/3/5/205.jpg,separata,3,5
separata/3/5/21.jpg,separata,3,5
separata/3/5/22.jpg,separata,3,5
separata/3/5/23.jpg,separata,3,5
separata/3/5/24.jpg,separata,3,5
separata/3/5/25.jpg,separata,3,5
separata/3/5/26.jpg,separata,3,5
separata/3/5/27.jpg,separata,3,5
separata/3/5/28.jpg,separata,3,5
separata/3/5/29.jpg,separata,3,5
separata/3/5/3.jpg,separata,3,5
separata/3/5/30.jpg,separata,3,5
separata/3/5/31.jpg,separata,3,5
separata/3/5/32.jpg,separata,3,5
separata/3/5/33.jpg,separata,3,5
separata/3/5/34.jpg,separata,3,5
separata/3/5/35.jpg,separata,3,5
separata/3/5/36.jpg,separata,3,5
separata/3/5/37.jpg,separata,3,5
separata/3/5/38.jpg,separata,3,5
separata/3/5/39.jpg,separata,3,5
separata/3/5/4.jpg,separata,3,5
separata/3/5/40.jpg,separata,3,5
separata/3/5/41.jpg,separata,3,5
separata/3/5/42.jpg,separata,3,5
separata/3/5/43.jpg,separata,3,5
separata/3/5/44.jpg,separata,3,5
separata/3/5/45.jpg,separata,3,5
separata/3/5/46.jpg,separata,3,5
separata/3/5/47.jpg,separata,3,5
separata/3/5/48.jpg,separata,3,5
separata/3/5/49.jpg,separata,3,5
separata/3/5/5.jpg,separata,3,5
separata/3/5/50.jpg,separata,3,5
separata/3/5/51.jpg,separata,3,5
separata/3/5/52.jpg,separata,3,5
separata/3/5/53.jpg,separata,3,5
separata/3/5/54.jpg,separata,3,5
separata/3/5/55.jpg,separata,3,5
separata/3/5/56.jpg,separata,3,5
separata/3/5/57.jpg,separata,3,5
separata/3/5/58.jpg,separata,3,5
separata/3/5/59.jpg,separata,3,5
separata/3/5/6.jpg,separata,3,5
separata/3/5/60.jpg,separata,3,5
separata/3/5/61.jpg,separata,3,5
separata/3/5/62.jpg,separata,3,5
separata/3/5/63.jpg,separata,3,5
separata/3/5/64.jpg,separata,3,5
separata/3/5/65.jpg,separata,3,5
separata/3/5/66.jpg,separata,3,5
separata/3/5/67.jpg,separata,3,5
separata/3/5/68.jpg,separata,3,5
separata/3/5/69.jpg,separata,3,5
separata/3/5/7.jpg,separata,3,5
separata/3/5/70.jpg,separata,3,5
separata/3/5/71.jpg,separata,3,5
separata/3/5/72.jpg,separata,3,5
separata/3/5/73.jpg,separata,3,5
separata/3/5/74.jpg,separata,3,5
separata/3/5/75.jpg,separata,3,5
separata/3/5/76.jpg,separata,3,5
separata/3/5/77.jpg,separata,3,5
separata/3/5/78.jpg,separata,3,5
separata/3/5/79.jpg,separata,3,5
separata/3/5/8.jpg,separata,3,5
separata/3/5/80.jpg,separata,3,5
separata/3/5/81.jpg,separata,3,5
separata/3/5/82.jpg,separata,3,5
separata/3/5/83.jpg,separata,3,5
separata/3/5/84.jpg,separata,3,5
separata/3/5/85.jpg,separata,3,5
separata/3/5/86.jpg,separata,3,5
separata/3/5/87.jpg,separata,3,5
separata/3/5/88.jpg,separata,3,5
separata/3/5/89.jpg,separata,3,5
separata/3/5/9.jpg,separata,3,5
separata/3/5/90.jpg,separata,3,5
separata/3/5/91.jpg,separata,3,5
separata/3/5/92.jpg,separata,3,5
separata/3/5/93.jpg,separata,3,5
separata/3/5/94.jpg,separata,3,5
separata/3/5/95.jpg,separata,3,5
separata/3/5/96.jpg,separata,3,5
separata/3/5/97.jpg,separata,3,5
separata/3/5/98.jpg,separata,3,5
separata/3/5/99.jpg,separata,3,5
separata/4/6/1.jpg,separata,4,6
separata/4/6/10.jpg,separata,4,6
separata/4/6/100.jpg,separata,4,6
separata/4/6/101.jpg,separata,4,6
separata/4/6/102.jpg,separata,4,6
separata/4/6/103.jpg,separata,4,6
separata/4/6/104.jpg,separata,4,6
separata/4/6/105.jpg,separata,4,6
separata/4/6/106.jpg,separata,4,6
separata/4/6/107.jpg,separata,4,6
separata/4/6/108.jpg,separata,4,6
separata/4/6/109.jpg,separata,4,6
separata/4/6/11.jpg,separata,4,6
separata/4/6/110.jpg,separata,4,6
separata/4/6/111.jpg,separata,4,6
separata/4/6/112.jpg,separata,4,6
separata/4/6/113.jpg,separata,4,6
separata/4/6/114.jpg,separata,4,6
separata/4/6/115.jpg,separata,4,6
separata/4/6/116.jpg,separata,4,6
separata/4/6/117.jpg,separata,4,6
separata/4/6/118.jpg,separata,4,6
separata/4/6/119.jpg,separata,4,6
separata/4/6/12.jpg,separata,4,6
separata/4/6/120.jpg,separata,4,6
separata/4/6/121.jpg,separata,4,6
separata/4/6/122.jpg,separata,4,6
separata/4/6/123.jpg,separata,4,6
separata/4/6/124.jpg,separata,4,6
separata/4/6/125.jpg,separata,4,6
separata/4/6/126.jpg,separata,4,6
separata/4/6/127.jpg,separata,4,6
separata/4/6/128.jpg,separata,4,6
separata/4/6/129.jpg,separata,4,6
separata/4/6/13.jpg,separata,4,6
separata/4/6/130.jpg,separata,4,6
separata/4/6/131.jpg,separata,4,6
separata/4/6/132.jpg,separata,4,6
separata/4/6/133.jpg,separata,4,6
separata/4/6/134.jpg,separata,4,6
separata/4/6/135.jpg,separata,4,6
separata/4/6/136.jpg,separata,4,6
separata/4/6/137.jpg,separata,4,6
separata/4/6/138.jpg,separata,4,6
separata/4/6/139.jpg,separata,4,6
separata/4/6/14.jpg,separata,4,6
separata/4/6/140.jpg,separata,4,6
separata/4/6/141.jpg,separata,4,6
separata/4/6/142.jpg,separata,4,6
separata/4/6/143.jpg,separata,4,6
separata/4/6/144.jpg,separata,4,6
separata/4/6/145.jpg,separata,4,6
separata/4/6/146.jpg,separata,4,6
separata/4/6/147.jpg,separata,4,6
separata/4/6/148.jpg,separata,4,6
separata/4/6/149.jpg,separata,4,6
separata/4/6/15.jpg,separata,4,6
separata/4/6/150.jpg,separata,4,6
separata/4/6/151.jpg,separata,4,6
separata/4/6/152.jpg,separata,4,6
separata/4/6/153.jpg,separata,4,6
separata/4/6/154.jpg,separata,4,6
separata/4/6/155.jpg,separata,4,6
separata/4/6/156.jpg,separata,4,6
separata/4/6/157.jpg,separata,4,6
separata/4/6/158.jpg,separata,4,6
separata/4/6/159.jpg,separata,4,6
separata/4/6/16.jpg,separata,4,6
separata/4/6/160.jpg,separata,4,6
separata/4/6/161.jpg,separata,4,6
separata/4/6/162.jpg,separata,4,6
separata/4/6/163.jpg,separata,4,6
separata/4/6/164.jpg,separata,4,6
separata/4/6/165.jpg,separata,4,6
separata/4/6/166.jpg,separata,4,6
separata/4/6/167.jpg,separata,4,6
separata/4/6/168.jpg,separata,4,6
separata/4/6/169.jpg,separata,4,6
separata/4/6/17.jpg,separata,4,6
separata/4/6/170.jpg,separata,4,6
separata/4/6/171.jpg,separata,4,6
separata/4/6/172.jpg,separata,4,6
separata/4/6/173.jpg,separata,4,6
separata/4/6/174.jpg,separata,4,6
separata/4/6/175.jpg,separata,4,6
separata/4/6/176.jpg,separata,4,6
separata/4/6/177.jpg,separata,4,6
separata/4/6/178.jpg,separata,4,6
separata/4/6/179.jpg,separata,4,6
separata/4/6/18.jpg,separata,4,6
separata/4/6/180.jpg,separata,4,6
separata/4/6/181.jpg,separata,4,6
separata/4/6/182.jpg,separata,4,6
separata/4/6/183.jpg,separata,4,6
separata/4/6/184.jpg,separata,4,6
separata/4/6/185.jpg,separata,4,6
separata/4/6/186.jpg,separata,4,6
separata/4/6/187.jpg,separata,4,6
separata/4/6/188.jpg,separata,4,6
separata/4/6/189.jpg,separata,4,6
separata/4/6/19.jpg,separata,4,6
separata/4/6/190.jpg,separata,4,6
separata/4/6/191.jpg,separata,4,6
separata/4/6/192.jpg,separata,4,6
separata/4/6/193.jpg,separata,4,6
separata/4/6/194.jpg,separata,4,6
separata/4/6/195.jpg,separata,4,6
separata/4/6/196.jpg,separata,4,6
separata/4/6/197.jpg,separata,4,6
separata/4/6/198.jpg,separata,4,6
separata/4/6/199.jpg,separata,4,6
separata/4/6/2.jpg,separata,4,6
separata/4/6/20.jpg,separata,4,6
separata/4/6/200.jpg,separata,4,6
separata/4/6/201.jpg,separata,4,6
separata/4/6/202.jpg,separata,4,6
separata/4/6/203.jpg,separata,4,6
separata/4/6/204.jpg,separata,4,6
separata/4/6/205.jpg,separata,4,6
separata/4/6/206.jpg,separata,4,6
separata/4/6/21.jpg,separata,4,6
separata/4/6/22.jpg,separata,4,6
separata/4/6/23.jpg,separata,4,6
separata/4/6/24.jpg,separata,4,6
separata/4/6/25.jpg,separata,4,6
separata/4/6/26.jpg,separata,4,6
separata/4/6/27.jpg,separata,4,6
separata/4/6/28.jpg,separata,4,6
separata/4/6/29.jpg,separata,4,6
separata/4/6/3.jpg,separata,4,6
separata/4/6/30.jpg,separata,4,6
separata/4/6/31.jpg,separata,4,6
separata/4/6/32.jpg,separata,4,6
separata/4/6/33.jpg,separata,4,6
separata/4/6/34.jpg,separata,4,6
separata/4/6/35.jpg,separata,4,6
separata/4/6/36.jpg,separata,4,6
separata/4/6/37.jpg,separata,4,6
separata/4/6/38.jpg,separata,4,6
separata/4/6/39.jpg,separata,4,6
separata/4/6/4.jpg,separata,4,6
separata/4/6/40.jpg,separata,4,6
separata/4/6/41.jpg,separata,4,6
separata/4/6/42.jpg,separata,4,6
separata/4/6/43.jpg,separata,4,6
separata/4/6/44.jpg,separata,4,6
separata/4/6/45.jpg,separata,4,6
separata/4/6/46.jpg,separata,4,6
separata/4/6/47.jpg,separata,4,6
separata/4/6/48.jpg,separata,4,6
separata/4/6/49.jpg,separata,4,6
separata/4/6/5.jpg,separata,4,6
separata/4/6/50.jpg,separata,4,6
separata/4/6/51.jpg,separata,4,6
separata/4/6/52.jpg,separata,4,6
separata/4/6/53.jpg,separata,4,6
separata/4/6/54.jpg,separata,4,6
separata/4/6/55.jpg,separata,4,6
separata/4/6/56.jpg,separata,4,6
separata/4/6/57.jpg,separata,4,6
separata/4/6/58.jpg,separata,4,6
separata/4/6/59.jpg,separata,4,6
separata/4/6/6.jpg,separata,4,6
separata/4/6/60.jpg,separata,4,6
separata/4/6/61.jpg,separata,4,6
separata/4/6/62.jpg,separata,4,6
separata/4/6/63.jpg,separata,4,6
separata/4/6/64.jpg,separata,4,6
separata/4/6/65.jpg,separata,4,6
separata/4/6/66.jpg,separata,4,6
separata/4/6/67.jpg,separata,4,6
separata/4/6/68.jpg,separata,4,6
separata/4/6/69.jpg,separata,4,6
separata/4/6/7.jpg,separata,4,6
separata/4/6/70.jpg,separata,4,6
separata/4/6/71.jpg,separata,4,6
separata/4/6/72.jpg,separata,4,6
separata/4/6/73.jpg,separata,4,6
separata/4/6/74.jpg,separata,4,6
separata/4/6/75.jpg,separata,4,6
separata/4/6/76.jpg,separata,4,6
separata/4/6/77.jpg,separata,4,6
separata/4/6/78.jpg,separata,4,6
separata/4/6/79.jpg,separata,4,6
separata/4/6/8.jpg,separata,4,6
separata/4/6/80.jpg,separata,4,6
separata/4/6/81.jpg,separata,4,6
separata/4/6/82.jpg,separata,4,6
separata/4/6/83.jpg,separata,4,6
separata/4/6/84.jpg,separata,4,6
separata/4/6/85.jpg,separata,4,6
separata/4/6/86.jpg,separata,4,6
separata/4/6/87.jpg,separata,4,6
separata/4/6/88.jpg,separata,4,6
separata/4/6/89.jpg,separata,4,6
separata/4/6/9.jpg,separata,4,6
separata/4/6/90.jpg,separata,4,6
separata/4/6/91.jpg,separata,4,6
separata/4/6/92.jpg,separata,4,6
separata/4/6/93.jpg,separata,4,6
separata/4/6/94.jpg,separata,4,6
separata/4/6/95.jpg,separata,4,6
separata/4/6/96.jpg,separata,4,6
separata/4/6/97.jpg,separata,4,6
separata/4/6/98.jpg,separata,4,6
separata/4/6/99.jpg,separata,4,6
separata/4/7/1.jpg,separata,4,7
separata/4/7/10.jpg,separata,4,7
separata/4/7/100.jpg,separata,4,7
separata/4/7/101.jpg,separata,4,7
separata/4/7/102.jpg,separata,4,7
separata/4/7/103.jpg,separata,4,7
separata/4/7/104.jpg,separata,4,7
separata/4/7/105.jpg,separata,4,7
separata/4/7/106.jpg,separata,4,7
separata/4/7/107.jpg,separata,4,7
separata/4/7/108.jpg,separata,4,7
separata/4/7/109.jpg,separata,4,7
separata/4/7/11.jpg,separata,4,7
separata/4/7/110.jpg,separata,4,7
separata/4/7/111.jpg,separata,4,7
separata/4/7/112.jpg,separata,4,7
separata/4/7/113.jpg,separata,4,7
separata/4/7/114.jpg,separata,4,7
separata/4/7/115.jpg,separata,4,7
separata/4/7/116.jpg,separata,4,7
separata/4/7/117.jpg,separata,4,7
separata/4/7/118.jpg,separata,4,7
separata/4/7/119.jpg,separata,4,7
separata/4/7/12.jpg,separata,4,7
separata/4/7/120.jpg,separata,4,7
separata/4/7/121.jpg,separata,4,7
separata/4/7/122.jpg,separata,4,7
separata/4/7/123.jpg,separata,4,7
separata/4/7/124.jpg,separata,4,7
separata/4/7/125.jpg,separata,4,7
separata/4/7/126.jpg,separata,4,7
separata/4/7/127.jpg,separata,4,7
separata/4/7/128.jpg,separata,4,7
separata/4/7/129.jpg,separata,4,7
separata/4/7/13.jpg,separata,4,7
separata/4/7/130.jpg,separata,4,7
separata/4/7/131.jpg,separata,4,7
separata/4/7/132.jpg,separata,4,7
separata/4/7/133.jpg,separata,4,7
separata/4/7/134.jpg,separata,4,7
separata/4/7/135.jpg,separata,4,7
separata/4/7/136.jpg,separata,4,7
separata/4/7/137.jpg,separata,4,7
separata/4/7/138.jpg,separata,4,7
separata/4/7/139.jpg,separata,4,7
separata/4/7/14.jpg,separata,4,7
separata/4/7/140.jpg,separata,4,7
separata/4/7/141.jpg,separata,4,7
separata/4/7/142.jpg,separata,4,7
separata/4/7/143.jpg,separata,4,7
separata/4/7/144.jpg,separata,4,7
separata/4/7/145.jpg,separata,4,7
separata/4/7/146.jpg,separata,4,7
separata/4/7/147.jpg,separata,4,7
separata/4/7/148.jpg,separata,4,7
separata/4/7/149.jpg,separata,4,7
separata/4/7/15.jpg,separata,4,7
separata/4/7/150.jpg,separata,4,7
separata/4/7/151.jpg,separata,4,7
separata/4/7/152.jpg,separata,4,7
separata/4/7/153.jpg,separata,4,7
separata/4/7/154.jpg,separata,4,7
separata/4/7/155.jpg,separata,4,7
separata/4/7/156.jpg,separata,4,7
separata/4/7/157.jpg,separata,4,7
separata/4/7/158.jpg,separata,4,7
separata/4/7/159.jpg,separata,4,7
separata/4/7/16.jpg,separata,4,7
separata/4/7/160.jpg,separata,4,7
separata/4/7/161.jpg,separata,4,7
separata/4/7/162.jpg,separata,4,7
separata/4/7/163.jpg,separata,4,7
separata/4/7/164.jpg,separata,4,7
separata/4/7/165.jpg,separata,4,7
separata/4/7/166.jpg,separata,4,7
separata/4/7/167.jpg,separata,4,7
separata/4/7/168.jpg,separata,4,7
separata/4/7/169.jpg,separata,4,7
separata/4/7/17.jpg,separata,4,7
separata/4/7/170.jpg,separata,4,7
separata/4/7/171.jpg,separata,4,7
separata/4/7/172.jpg,separata,4,7
separata/4/7/173.jpg,separata,4,7
separata/4/7/174.jpg,separata,4,7
separata/4/7/175.jpg,separata,4,7
separata/4/7/176.jpg,separata,4,7
separata/4/7/177.jpg,separata,4,7
separata/4/7/178.jpg,separata,4,7
separata/4/7/179.jpg,separata,4,7
separata/4/7/18.jpg,separata,4,7
separata/4/7/180.jpg,separata,4,7
separata/4/7/181.jpg,separata,4,7
separata/4/7/182.jpg,separata,4,7
separata/4/7/183.jpg,separata,4,7
separata/4/7/184.jpg,separata,4,7
separata/4/7/185.jpg,separata,4,7
separata/4/7/186.jpg,separata,4,7
separata/4/7/187.jpg,separata,4,7
separata/4/7/188.jpg,separata,4,7
separata/4/7/189.jpg,separata,4,7
separata/4/7/19.jpg,separata,4,7
separata/4/7/190.jpg,separata,4,7
separata/4/7/191.jpg,separata,4,7
separata/4/7/192.jpg,separata,4,7
separata/4/7/193.jpg,separata,4,7
separata/4/7/194.jpg,separata,4,7
separata/4/7/195.jpg,separata,4,7
separata/4/7/196.jpg,separata,4,7
separata/4/7/197.jpg,separata,4,7
separata/4/7/198.jpg,separata,4,7
separata/4/7/199.jpg,separata,4,7
separata/4/7/2.jpg,separata,4,7
separata/4/7/20.jpg,separata,4,7
separata/4/7/200.jpg,separata,4,7
separata/4/7/21.jpg,separata,4,7
separata/4/7/22.jpg,separata,4,7
separata/4/7/23.jpg,separata,4,7
separata/4/7/24.jpg,separata,4,7
separata/4/7/25.jpg,separata,4,7
separata/4/7/26.jpg,separata,4,7
separata/4/7/27.jpg,separata,4,7
separata/4/7/28.jpg,separata,4,7
separata/4/7/29.jpg,separata,4,7
separata/4/7/3.jpg,separata,4,7
separata/4/7/30.jpg,separata,4,7
separata/4/7/31.jpg,separata,4,7
separata/4/7/32.jpg,separata,4,7
separata/4/7/33.jpg,separata,4,7
separata/4/7/34.jpg,separata,4,7
separata/4/7/35.jpg,separata,4,7
separata/4/7/36.jpg,separata,4,7
separata/4/7/37.jpg,separata,4,7
separata/4/7/38.jpg,separata,4,7
separata/4/7/39.jpg,separata,4,7
separata/4/7/4.jpg,separata,4,7
separata/4/7/40.jpg,separata,4,7
separata/4/7/41.jpg,separata,4,7
separata/4/7/42.jpg,separata,4,7
separata/4/7/43.jpg,separata,4,7
separata/4/7/44.jpg,separata,4,7
separata/4/7/45.jpg,separata,4,7
separata/4/7/46.jpg,separata,4,7
separata/4/7/47.jpg,separata,4,7
separata/4/7/48.jpg,separata,4,7
separata/4/7/49.jpg,separata,4,7
separata/4/7/5.jpg,separata,4,7
separata/4/7/50.jpg,separata,4,7
separata/4/7/51.jpg,separata,4,7
separata/4/7/52.jpg,separata,4,7
separata/4/7/53.jpg,separata,4,7
separata/4/7/54.jpg,separata,4,7
separata/4/7/55.jpg,separata,4,7
separata/4/7/56.jpg,separata,4,7
separata/4/7/57.jpg,separata,4,7
separata/4/7/58.jpg,separata,4,7
separata/4/7/59.jpg,separata,4,7
separata/4/7/6.jpg,separata,4,7
separata/4/7/60.jpg,separata,4,7
separata/4/7/61.jpg,separata,4,7
separata/4/7/62.jpg,separata,4,7
separata/4/7/63.jpg,separata,4,7
separata/4/7/64.jpg,separata,4,7
separata/4/7/65.jpg,separata,4,7
separata/4/7/66.jpg,separata,4,7
separata/4/7/67.jpg,separata,4,7
separata/4/7/68.jpg,separata,4,7
separata/4/7/69.jpg,separata,4,7
separata/4/7/7.jpg,separata,4,7
separata/4/7/70.jpg,separata,4,7
separata/4/7/71.jpg,separata,4,7
separata/4/7/72.jpg,separata,4,7
separata/4/7/73.jpg,separata,4,7
separata/4/7/74.jpg,separata,4,7
separata/4/7/75.jpg,separata,4,7
separata/4/7/76.jpg,separata,4,7
separata/4/7/77.jpg,separata,4,7
separata/4/7/78.jpg,separata,4,7
separata/4/7/79.jpg,separata,4,7
separata/4/7/8.jpg,separata,4,7
separata/4/7/80.jpg,separata,4,7
separata/4/7/81.jpg,separata,4,7
separata/4/7/82.jpg,separata,4,7
separata/4/7/83.jpg,separata,4,7
separata/4/7/84.jpg,separata,4,7
separata/4/7/85.jpg,separata,4,7
separata/4/7/86.jpg,separata,4,7
separata/4/7/87.jpg,separata,4,7
separata/4/7/88.jpg,separata,4,7
separata/4/7/89.jpg,separata,4,7
separata/4/7/9.jpg,separata,4,7
separata/4/7/90.jpg,separata,4,7
separata/4/7/91.jpg,separata,4,7
separata/4/7/92.jpg,separata,4,7
separata/4/7/93.jpg,separata,4,7
separata/4/7/94.jpg,separata,4,7
separata/4/7/95.jpg,separata,4,7
separata/4/7/96.jpg,separata,4,7
separata/4/7/97.jpg,separata,4,7
separata/4/7/98.jpg,separata,4,7
separata/4/7/99.jpg,separata,4,7
separata/5/10/1.jpg,separata,5,10
separata/5/10/10.jpg,separata,5,10
separata/5/10/100.jpg,separata,5,10
separata/5/10/101.jpg,separata,5,10
separata/5/10/102.jpg,separata,5,10
separata/5/10/103.jpg,separata,5,10
separata/5/10/104.jpg,separata,5,10
separata/5/10/105.jpg,separata,5,10
separata/5/10/106.jpg,separata,5,10
separata/5/10/107.jpg,separata,5,10
separata/5/10/108.jpg,separata,5,10
separata/5/10/109.jpg,separata,5,10
separata/5/10/10d011.jpg,separata,5,10
separata/5/10/11.jpg,separata,5,10
separata/5/10/110.jpg,separata,5,10
separata/5/10/111.jpg,separata,5,10
separata/5/10/112.jpg,separata,5,10
separata/5/10/113.jpg,separata,5,10
separata/5/10/114.jpg,separata,5,10
separata/5/10/115.jpg,separata,5,10
separata/5/10/116.jpg,separata,5,10
separata/5/10/117.jpg,separata,5,10
separata/5/10/118.jpg,separata,5,10
separata/5/10/119.jpg,separata,5,10
separata/5/10/12.jpg,separata,5,10
separata/5/10/120.jpg,separata,5,10
separata/5/10/121.jpg,separata,5,10
separata/5/10/122.jpg,separata,5,10
separata/5/10/123.jpg,separata,5,10
separata/5/10/124.jpg,separata,5,10
separata/5/10/125.jpg,separata,5,10
separata/5/10/126.jpg,separata,5,10
separata/5/10/127.jpg,separata,5,10
separata/5/10/128.jpg,separata,5,10
separata/5/10/129.jpg,separata,5,10
separata/5/10/13.jpg,separata,5,10
separata/5/10/130.jpg,separata,5,10
separata/5/10/131.jpg,separata,5,10
separata/5/10/132.jpg,separata,5,10
separata/5/10/133.jpg,separata,5,10
separata/5/10/134.jpg,separata,5,10
separata/5/10/135.jpg,separata,5,10
separata/5/10/136.jpg,separata,5,10
separata/5/10/137.jpg,separata,5,10
separata/5/10/138.jpg,separata,5,10
separata/5/10/139.jpg,separata,5,10
separata/5/10/14.jpg,separata,5,10
separata/5/10/140.jpg,separata,5,10
separata/5/10/141.jpg,separata,5,10
separata/5/10/142.jpg,separata,5,10
separata/5/10/143.jpg,separata,5,10
separata/5/10/144.jpg,separata,5,10
separata/5/10/145.jpg,separata,5,10
separata/5/10/146.jpg,separata,5,10
separata/5/10/147.jpg,separata,5,10
separata/5/10/148.jpg,separata,5,10
separata/5/10/149.jpg,separata,5,10
separata/5/10/15.jpg,separata,5,10
separata/5/10/150.jpg,separata,5,10
separata/5/10/151.jpg,separata,5,10
separata/5/10/152.jpg,separata,5,10
separata/5/10/153.jpg,separata,5,10
separata/5/10/154.jpg,separata,5,10
separata/5/10/155.jpg,separata,5,10
separata/5/10/156.jpg,separata,5,10
separata/5/10/157.jpg,separata,5,10
separata/5/10/158.jpg,separata,5,10
separata/5/10/159.jpg,separata,5,10
separata/5/10/16.jpg,separata,5,10
separata/5/10/160.jpg,separata,5,10
separata/5/10/161.jpg,separata,5,10
separata/5/10/162.jpg,separata,5,10
separata/5/10/163.jpg,separata,5,10
separata/5/10/164.jpg,separata,5,10
separata/5/10/165.jpg,separata,5,10
separata/5/10/166.jpg,separata,5,10
separata/5/10/167.jpg,separata,5,10
separata/5/10/168.jpg,separata,5,10
separata/5/10/169.jpg,separata,5,10
separata/5/10/17.jpg,separata,5,10
separata/5/10/170.jpg,separata,5,10
separata/5/10/171.jpg,separata,5,10
separata/5/10/172.jpg,separata,5,10
separata/5/10/173.jpg,separata,5,10
separata/5/10/174.jpg,separata,5,10
separata/5/10/175.jpg,separata,5,10
separata/5/10/176.jpg,separata,5,10
separata/5/10/177.jpg,separata,5,10
separata/5/10/178.jpg,separata,5,10
separata/5/10/179.jpg,separata,5,10
separata/5/10/18.jpg,separata,5,10
separata/5/10/180.jpg,separata,5,10
separata/5/10/181.jpg,separata,5,10
separata/5/10/182.jpg,separata,5,10
separata/5/10/183.jpg,separata,5,10
separata/5/10/184.jpg,separata,5,10
separata/5/10/185.jpg,separata,5,10
separata/5/10/186.jpg,separata,5,10
separata/5/10/187.jpg,separata,5,10
separata/5/10/188.jpg,separata,5,10
separata/5/10/189.jpg,separata,5,10
separata/5/10/19.jpg,separata,5,10
separata/5/10/190.jpg,separata,5,10
separata/5/10/191.jpg,separata,5,10
separata/5/10/192.jpg,separata,5,10
separata/5/10/193.jpg,separata,5,10
separata/5/10/194.jpg,separata,5,10
separata/5/10/195.jpg,separata,5,10
separata/5/10/196.jpg,separata,5,10
separata/5/10/197.jpg,separata,5,10
separata/5/10/198.jpg,separata,5,10
separata/5/10/199.jpg,separata,5,10
separata/5/10/2.jpg,separata,5,10
separata/5/10/20.jpg,separata,5,10
separata/5/10/200.jpg,separata,5,10
separata/5/10/201.jpg,separata,5,10
separata/5/10/21.jpg,separata,5,10
separata/5/10/22.jpg,separata,5,10
separata/5/10/23.jpg,separata,5,10
separata/5/10/24.jpg,separata,5,10
separata/5/10/25.jpg,separata,5,10
separata/5/10/26.jpg,separata,5,10
separata/5/10/27.jpg,separata,5,10
separata/5/10/28.jpg,separata,5,10
separata/5/10/29.jpg,separata,5,10
separata/5/10/3.jpg,separata,5,10
separata/5/10/30.jpg,separata,5,10
separata/5/10/31.jpg,separata,5,10
separata/5/10/32.jpg,separata,5,10
separata/5/10/33.jpg,separata,5,10
separata/5/10/34.jpg,separata,5,10
separata/5/10/35.jpg,separata,5,10
separata/5/10/36.jpg,separata,5,10
separata/5/10/37.jpg,separata,5,10
separata/5/10/38.jpg,separata,5,10
separata/5/10/39.jpg,separata,5,10
separata/5/10/4.jpg,separata,5,10
separata/5/10/40.jpg,separata,5,10
separata/5/10/41.jpg,separata,5,10
separata/5/10/42.jpg,separata,5,10
separata/5/10/43.jpg,separata,5,10
separata/5/10/44.jpg,separata,5,10
separata/5/10/45.jpg,separata,5,10
separata/5/10/46.jpg,separata,5,10
separata/5/10/47.jpg,separata,5,10
separata/5/10/48.jpg,separata,5,10
separata/5/10/49.jpg,separata,5,10
separata/5/10/5.jpg,separata,5,10
separata/5/10/50.jpg,separata,5,10
separata/5/10/51.jpg,separata,5,10
separata/5/10/52.jpg,separata,5,10
separata/5/10/53.jpg,separata,5,10
separata/5/10/54.jpg,separata,5,10
separata/5/10/55.jpg,separata,5,10
separata/5/10/56.jpg,separata,5,10
separata/5/10/57.jpg,separata,5,10
separata/5/10/58.jpg,separata,5,10
separata/5/10/59.jpg,separata,5,10
separata/5/10/6.jpg,separata,5,10
separata/5/10/60.jpg,separata,5,10
separata/5/10/61.jpg,separata,5,10
separata/5/10/62.jpg,separata,5,10
separata/5/10/63.jpg,separata,5,10
separata/5/10/64.jpg,separata,5,10
separata/5/10/65.jpg,separata,5,10
separata/5/10/66.jpg,separata,5,10
separata/5/10/67.jpg,separata,5,10
separata/5/10/68.jpg,separata,5,10
separata/5/10/69.jpg,separata,5,10
separata/5/10/7.jpg,separata,5,10
separata/5/10/70.jpg,separata,5,10
separata/5/10/71.jpg,separata,5,10
separata/5/10/72.jpg,separata,5,10
separata/5/10/73.jpg,separata,5,10
separata/5/10/74.jpg,separata,5,10
separata/5/10/75.jpg,separata,5,10
separata/5/10/76.jpg,separata,5,10
separata/5/10/77.jpg,separata,5,10
separata/5/10/78.jpg,separata,5,10
separata/5/10/79.jpg,separata,5,10
separata/5/10/8.jpg,separata,5,10
separata/5/10/80.jpg,separata,5,10
separata/5/10/81.jpg,separata,5,10
separata/5/10/82.jpg,separata,5,10
separata/5/10/83.jpg,separata,5,10
separata/5/10/84.jpg,separata,5,10
separata/5/10/85.jpg,separata,5,10
separata/5/10/86.jpg,separata,5,10
separata/5/10/87.jpg,separata,5,10
separata/5/10/88.jpg,separata,5,10
separata/5/10/89.jpg,separata,5,10
separata/5/10/9.jpg,separata,5,10
separata/5/10/90.jpg,separata,5,10
separata/5/10/91.jpg,separata,5,10
separata/5/10/92.jpg,separata,5,10
separata/5/10/93.jpg,separata,5,10
separata/5/10/94.jpg,separata,5,10
separata/5/10/95.jpg,separata,5,10
separata/5/10/96.jpg,separata,5,10
separata/5/10/97.jpg,separata,5,10
separata/5/10/98.jpg,separata,5,10
separata/5/10/99.jpg,separata,5,10
separata/5/8/1.jpg,separata,5,8
separata/5/8/10.jpg,separata,5,8
separata/5/8/100.jpg,separata,5,8
separata/5/8/101.jpg,separata,5,8
separata/5/8/102.jpg,separata,5,8
separata/5/8/103.jpg,separata,5,8
separata/5/8/104.jpg,separata,5,8
separata/5/8/105.jpg,separata,5,8
separata/5/8/106.jpg,separata,5,8
separata/5/8/107.jpg,separata,5,8
separata/5/8/108.jpg,separata,5,8
separata/5/8/109.jpg,separata,5,8
separata/5/8/11.jpg,separata,5,8
separata/5/8/110.jpg,separata,5,8
separata/5/8/111.jpg,separata,5,8
separata/5/8/112.jpg,separata,5,8
separata/5/8/113.jpg,separata,5,8
separata/5/8/114.jpg,separata,5,8
separata/5/8/115.jpg,separata,5,8
separata/5/8/116.jpg,separata,5,8
separata/5/8/117.jpg,separata,5,8
separata/5/8/118.jpg,separata,5,8
separata/5/8/119.jpg,separata,5,8
separata/5/8/12.jpg,separata,5,8
separata/5/8/120.jpg,separata,5,8
separata/5/8/121.jpg,separata,5,8
separata/5/8/122.jpg,separata,5,8
separata/5/8/123.jpg,separata,5,8
separata/5/8/124.jpg,separata,5,8
separata/5/8/125.jpg,separata,5,8
separata/5/8/126.jpg,separata,5,8
separata/5/8/127.jpg,separata,5,8
separata/5/8/128.jpg,separata,5,8
separata/5/8/129.jpg,separata,5,8
separata/5/8/13.jpg,separata,5,8
separata/5/8/130.jpg,separata,5,8
separata/5/8/131.jpg,separata,5,8
separata/5/8/132.jpg,separata,5,8
separata/5/8/133.jpg,separata,5,8
separata/5/8/134.jpg,separata,5,8
separata/5/8/135.jpg,separata,5,8
separata/5/8/136.jpg,separata,5,8
separata/5/8/137.jpg,separata,5,8
separata/5/8/138.jpg,separata,5,8
separata/5/8/139.jpg,separata,5,8
separata/5/8/14.jpg,separata,5,8
separata/5/8/140.jpg,separata,5,8
separata/5/8/141.jpg,separata,5,8
separata/5/8/142.jpg,separata,5,8
separata/5/8/143.jpg,separata,5,8
separata/5/8/144.jpg,separata,5,8
separata/5/8/145.jpg,separata,5,8
separata/5/8/146.jpg,separata,5,8
separata/5/8/147.jpg,separata,5,8
separata/5/8/148.jpg,separata,5,8
separata/5/8/149.jpg,separata,5,8
separata/5/8/15.jpg,separata,5,8
separata/5/8/150.jpg,separata,5,8
separata/5/8/151.jpg,separata,5,8
separata/5/8/152.jpg,separata,5,8
separata/5/8/153.jpg,separata,5,8
separata/5/8/154.jpg,separata,5,8
separata/5/8/155.jpg,separata,5,8
separata/5/8/156.jpg,separata,5,8
separata/5/8/157.jpg,separata,5,8
separata/5/8/158.jpg,separata,5,8
separata/5/8/159.jpg,separata,5,8
separata/5/8/16.jpg,separata,5,8
separata/5/8/160.jpg,separata,5,8
separata/5/8/161.jpg,separata,5,8
separata/5/8/162.jpg,separata,5,8
separata/5/8/163.jpg,separata,5,8
separata/5/8/164.jpg,separata,5,8
separata/5/8/165.jpg,separata,5,8
separata/5/8/166.jpg,separata,5,8
separata/5/8/167.jpg,separata,5,8
separata/5/8/168.jpg,separata,5,8
separata/5/8/169.jpg,separata,5,8
separata/5/8/17.jpg,separata,5,8
separata/5/8/170.jpg,separata,5,8
separata/5/8/171.jpg,separata,5,8
separata/5/8/172.jpg,separata,5,8
separata/5/8/173.jpg,separata,5,8
separata/5/8/174.jpg,separata,5,8
separata/5/8/175.jpg,separata,5,8
separata/5/8/176.jpg,separata,5,8
separata/5/8/177.jpg,separata,5,8
separata/5/8/178.jpg,separata,5,8
separata/5/8/179.jpg,separata,5,8
separata/5/8/18.jpg,separata,5,8
separata/5/8/180.jpg,separata,5,8
separata/5/8/181.jpg,separata,5,8
separata/5/8/182.jpg,separata,5,8
separata/5/8/183.jpg,separata,5,8
separata/5/8/184.jpg,separata,5,8
separata/5/8/185.jpg,separata,5,8
separata/5/8/186.jpg,separata,5,8
separata/5/8/187.jpg,separata,5,8
separata/5/8/188.jpg,separata,5,8
separata/5/8/189.jpg,separata,5,8
separata/5/8/19.jpg,separata,5,8
separata/5/8/190.jpg,separata,5,8
separata/5/8/191.jpg,separata,5,8
separata/5/8/192.jpg,separata,5,8
separata/5/8/193.jpg,separata,5,8
separata/5/8/194.jpg,separata,5,8
separata/5/8/195.jpg,separata,5,8
separata/5/8/196.jpg,separata,5,8
separata/5/8/197.jpg,separata,5,8
separata/5/8/198.jpg,separata,5,8
separata/5/8/199.jpg,separata,5,8
separata/5/8/2.jpg,separata,5,8
separata/5/8/20.jpg,separata,5,8
separata/5/8/200.jpg,separata,5,8
separata/5/8/201.jpg,separata,5,8
separata/5/8/202.jpg,separata,5,8
separata/5/8/203.jpg,separata,5,8
separata/5/8/204.jpg,separata,5,8
separata/5/8/205.jpg,separata,5,8
separata/5/8/206.jpg,separata,5,8
separata/5/8/207.jpg,separata,5,8
separata/5/8/208.jpg,separata,5,8
separata/5/8/209.jpg,separata,5,8
separata/5/8/21.jpg,separata,5,8
separata/5/8/210.jpg,separata,5,8
separata/5/8/211.jpg,separata,5,8
separata/5/8/212.jpg,separata,5,8
separata/5/8/213.jpg,separata,5,8
separata/5/8/214.jpg,separata,5,8
separata/5/8/215.jpg,separata,5,8
separata/5/8/216.jpg,separata,5,8
separata/5/8/217.jpg,separata,5,8
separata/5/8/218.jpg,separata,5,8
separata/5/8/219.jpg,separata,5,8
separata/5/8/22.jpg,separata,5,8
separata/5/8/220.jpg,separata,5,8
separata/5/8/23.jpg,separata,5,8
separata/5/8/24.jpg,separata,5,8
separata/5/8/25.jpg,separata,5,8
separata/5/8/26.jpg,separata,5,8
separata/5/8/27.jpg,separata,5,8
separata/5/8/28.jpg,separata,5,8
separata/5/8/29.jpg,separata,5,8
separata/5/8/3.jpg,separata,5,8
separata/5/8/30.jpg,separata,5,8
separata/5/8/31.jpg,separata,5,8
separata/5/8/32.jpg,separata,5,8
separata/5/8/33.jpg,separata,5,8
separata/5/8/34.jpg,separata,5,8
separata/5/8/35.jpg,separata,5,8
separata/5/8/36.jpg,separata,5,8
separata/5/8/37.jpg,separata,5,8
separata/5/8/38.jpg,separata,5,8
separata/5/8/39.jpg,separata,5,8
separata/5/8/4.jpg,separata,5,8
separata/5/8/40.jpg,separata,5,8
separata/5/8/41.jpg,separata,5,8
separata/5/8/42.jpg,separata,5,8
separata/5/8/43.jpg,separata,5,8
separata/5/8/44.jpg,separata,5,8
separata/5/8/45.jpg,separata,5,8
separata/5/8/46.jpg,separata,5,8
separata/5/8/47.jpg,separata,5,8
separata/5/8/48.jpg,separata,5,8
separata/5/8/49.jpg,separata,5,8
separata/5/8/5.jpg,separata,5,8
separata/5/8/50.jpg,separata,5,8
separata/5/8/51.jpg,separata,5,8
separata/5/8/52.jpg,separata,5,8
separata/5/8/53.jpg,separata,5,8
separata/5/8/54.jpg,separata,5,8
separata/5/8/55.jpg,separata,5,8
separata/5/8/56.jpg,separata,5,8
separata/5/8/57.jpg,separata,5,8
separata/5/8/58.jpg,separata,5,8
separata/5/8/59.jpg,separata,5,8
separata/5/8/6.jpg,separata,5,8
separata/5/8/60.jpg,separata,5,8
separata/5/8/61.jpg,separata,5,8
separata/5/8/62.jpg,separata,5,8
separata/5/8/63.jpg,separata,5,8
separata/5/8/64.jpg,separata,5,8
separata/5/8/65.jpg,separata,5,8
separata/5/8/66.jpg,separata,5,8
separata/5/8/67.jpg,separata,5,8
separata/5/8/68.jpg,separata,5,8
separata/5/8/69.jpg,separata,5,8
separata/5/8/7.jpg,separata,5,8
separata/5/8/70.jpg,separata,5,8
separata/5/8/71.jpg,separata,5,8
separata/5/8/72.jpg,separata,5,8
separata/5/8/73.jpg,separata,5,8
separata/5/8/74.jpg,separata,5,8
separata/5/8/75.jpg,separata,5,8
separata/5/8/76.jpg,separata,5,8
separata/5/8/77.jpg,separata,5,8
separata/5/8/78.jpg,separata,5,8
separata/5/8/79.jpg,separata,5,8
separata/5/8/8.jpg,separata,5,8
separata/5/8/80.jpg,separata,5,8
separata/5/8/81.jpg,separata,5,8
separata/5/8/82.jpg,separata,5,8
separata/5/8/83.jpg,separata,5,8
separata/5/8/84.jpg,separata,5,8
separata/5/8/85.jpg,separata,5,8
separata/5/8/86.jpg,separata,5,8
separata/5/8/87.jpg,separata,5,8
separata/5/8/88.jpg,separata,5,8
separata/5/8/89.jpg,separata,5,8
separata/5/8/9.jpg,separata,5,8
separata/5/8/90.jpg,separata,5,8
separata/5/8/91.jpg,separata,5,8
separata/5/8/92.jpg,separata,5,8
separata/5/8/93.jpg,separata,5,8
separata/5/8/94.jpg,separata,5,8
separata/5/8/95.jpg,separata,5,8
separata/5/8/96.jpg,separata,5,8
separata/5/8/97.jpg,separata,5,8
separata/5/8/98.jpg,separata,5,8
separata/5/8/99.jpg,separata,5,8
separata/5/9/1.jpg,separata,5,9
separata/5/9/10.jpg,separata,5,9
separata/5/9/100.jpg,separata,5,9
separata/5/9/101.jpg,separata,5,9
separata/5/9/102.jpg,separata,5,9
separata/5/9/103.jpg,separata,5,9
separata/5/9/104.jpg,separata,5,9
separata/5/9/105.jpg,separata,5,9
separata/5/9/106.jpg,separata,5,9
separata/5/9/107.jpg,separata,5,9
separata/5/9/108.jpg,separata,5,9
separata/5/9/109.jpg,separata,5,9
separata/5/9/11.jpg,separata,5,9
separata/5/9/110.jpg,separata,5,9
separata/5/9/111.jpg,separata,5,9
separata/5/9/112.jpg,separata,5,9
separata/5/9/113.jpg,separata,5,9
separata/5/9/114.jpg,separata,5,9
separata/5/9/115.jpg,separata,5,9
separata/5/9/116.jpg,separata,5,9
separata/5/9/117.jpg,separata,5,9
separata/5/9/118.jpg,separata,5,9
separata/5/9/119.jpg,separata,5,9
separata/5/9/12.jpg,separata,5,9
separata/5/9/120.jpg,separata,5,9
separata/5/9/121.jpg,separata,5,9
separata/5/9/122.jpg,separata,5,9
separata/5/9/123.jpg,separata,5,9
separata/5/9/124.jpg,separata,5,9
separata/5/9/125.jpg,separata,5,9
separata/5/9/126.jpg,separata,5,9
separata/5/9/127.jpg,separata,5,9
separata/5/9/128.jpg,separata,5,9
separata/5/9/129.jpg,separata,5,9
separata/5/9/13.jpg,separata,5,9
separata/5/9/130.jpg,separata,5,9
separata/5/9/131.jpg,separata,5,9
separata/5/9/132.jpg,separata,5,9
separata/5/9/133.jpg,separata,5,9
separata/5/9/134.jpg,separata,5,9
separata/5/9/135.jpg,separata,5,9
separata/5/9/136.jpg,separata,5,9
separata/5/9/137.jpg,separata,5,9
separata/5/9/138.jpg,separata,5,9
separata/5/9/139.jpg,separata,5,9
separata/5/9/14.jpg,separata,5,9
separata/5/9/140.jpg,separata,5,9
separata/5/9/141.jpg,separata,5,9
separata/5/9/142.jpg,separata,5,9
separata/5/9/143.jpg,separata,5,9
separata/5/9/144.jpg,separata,5,9
separata/5/9/145.jpg,separata,5,9
separata/5/9/146.jpg,separata,5,9
separata/5/9/147.jpg,separata,5,9
separata/5/9/148.jpg,separata,5,9
separata/5/9/149.jpg,separata,5,9
separata/5/9/15.jpg,separata,5,9
separata/5/9/150.jpg,separata,5,9
separata/5/9/151.jpg,separata,5,9
separata/5/9/152.jpg,separata,5,9
separata/5/9/153.jpg,separata,5,9
separata/5/9/154.jpg,separata,5,9
separata/5/9/155.jpg,separata,5,9
separata/5/9/156.jpg,separata,5,9
separata/5/9/157.jpg,separata,5,9
separata/5/9/158.jpg,separata,5,9
separata/5/9/159.jpg,separata,5,9
separata/5/9/16.jpg,separata,5,9
separata/5/9/160.jpg,separata,5,9
separata/5/9/161.jpg,separata,5,9
separata/5/9/162.jpg,separata,5,9
separata/5/9/163.jpg,separata,5,9
separata/5/9/164.jpg,separata,5,9
separata/5/9/165.jpg,separata,5,9
separata/5/9/166.jpg,separata,5,9
separata/5/9/167.jpg,separata,5,9
separata/5/9/168.jpg,separata,5,9
separata/5/9/169.jpg,separata,5,9
separata/5/9/17.jpg,separata,5,9
separata/5/9/170.jpg,separata,5,9
separata/5/9/171.jpg,separata,5,9
separata/5/9/172.jpg,separata,5,9
separata/5/9/173.jpg,separata,5,9
separata/5/9/174.jpg,separata,5,9
separata/5/9/175.jpg,separata,5,9
separata/5/9/176.jpg,separata,5,9
separata/5/9/177.jpg,separata,5,9
separata/5/9/178.jpg,separata,5,9
separata/5/9/179.jpg,separata,5,9
separata/5/9/18.jpg,separata,5,9
separata/5/9/180.jpg,separata,5,9
separata/5/9/181.jpg,separata,5,9
separata/5/9/182.jpg,separata,5,9
separata/5/9/183.jpg,separata,5,9
separata/5/9/184.jpg,separata,5,9
separata/5/9/185.jpg,separata,5,9
separata/5/9/186.jpg,separata,5,9
separata/5/9/187.jpg,separata,5,9
separata/5/9/188.jpg,separata,5,9
separata/5/9/189.jpg,separata,5,9
separata/5/9/19.jpg,separata,5,9
separata/5/9/190.jpg,separata,5,9
separata/5/9/191.jpg,separata,5,9
separata/5/9/192.jpg,separata,5,9
separata/5/9/193.jpg,separata,5,9
separata/5/9/194.jpg,separata,5,9
separata/5/9/195.jpg,separata,5,9
separata/5/9/196.jpg,separata,5,9
separata/5/9/197.jpg,separata,5,9
separata/5/9/198.jpg,separata,5,9
separata/5/9/199.jpg,separata,5,9
separata/5/9/2.jpg,separata,5,9
separata/5/9/20.jpg,separata,5,9
separata/5/9/200.jpg,separata,5,9
separata/5/9/201.jpg,separata,5,9
separata/5/9/202.jpg,separata,5,9
separata/5/9/203.jpg,separata,5,9
separata/5/9/204.jpg,separata,5,9
separata/5/9/205.jpg,separata,5,9
separata/5/9/206.jpg,separata,5,9
separata/5/9/207.jpg,separata,5,9
separata/5/9/208.jpg,separata,5,9
separata/5/9/209.jpg,separata,5,9
separata/5/9/21.jpg,separata,5,9
separata/5/9/210.jpg,separata,5,9
separata/5/9/211.jpg,separata,5,9
separata/5/9/212.jpg,separata,5,9
separata/5/9/213.jpg,separata,5,9
separata/5/9/214.jpg,separata,5,9
separata/5/9/215.jpg,separata,5,9
separata/5/9/216.jpg,separata,5,9
separata/5/9/217.jpg,separata,5,9
separata/5/9/218.jpg,separata,5,9
separata/5/9/219.jpg,separata,5,9
separata/5/9/22.jpg,separata,5,9
separata/5/9/220.jpg,separata,5,9
separata/5/9/221.jpg,separata,5,9
separata/5/9/222.jpg,separata,5,9
separata/5/9/223.jpg,separata,5,9
separata/5/9/224.jpg,separata,5,9
separata/5/9/225.jpg,separata,5,9
separata/5/9/23.jpg,separata,5,9
separata/5/9/24.jpg,separata,5,9
separata/5/9/25.jpg,separata,5,9
separata/5/9/26.jpg,separata,5,9
separata/5/9/27.jpg,separata,5,9
separata/5/9/28.jpg,separata,5,9
separata/5/9/29.jpg,separata,5,9
separata/5/9/3.jpg,separata,5,9
separata/5/9/30.jpg,separata,5,9
separata/5/9/31.jpg,separata,5,9
separata/5/9/32.jpg,separata,5,9
separata/5/9/33.jpg,separata,5,9
separata/5/9/34.jpg,separata,5,9
separata/5/9/35.jpg,separata,5,9
separata/5/9/36.jpg,separata,5,9
separata/5/9/37.jpg,separata,5,9
separata/5/9/38.jpg,separata,5,9
separata/5/9/39.jpg,separata,5,9
separata/5/9/4.jpg,separata,5,9
separata/5/9/40.jpg,separata,5,9
separata/5/9/41.jpg,separata,5,9
separata/5/9/42.jpg,separata,5,9
separata/5/9/43.jpg,separata,5,9
separata/5/9/44.jpg,separata,5,9
separata/5/9/45.jpg,separata,5,9
separata/5/9/46.jpg,separata,5,9
separata/5/9/47.jpg,separata,5,9
separata/5/9/48.jpg,separata,5,9
separata/5/9/49.jpg,separata,5,9
separata/5/9/5.jpg,separata,5,9
separata/5/9/50.jpg,separata,5,9
separata/5/9/51.jpg,separata,5,9
separata/5/9/52.jpg,separata,5,9
separata/5/9/53.jpg,separata,5,9
separata/5/9/54.jpg,separata,5,9
separata/5/9/55.jpg,separata,5,9
separata/5/9/56.jpg,separata,5,9
separata/5/9/57.jpg,separata,5,9
separata/5/9/58.jpg,separata,5,9
separata/5/9/59.jpg,separata,5,9
separata/5/9/6.jpg,separata,5,9
separata/5/9/60.jpg,separata,5,9
separata/5/9/61.jpg,separata,5,9
separata/5/9/62.jpg,separata,5,9
separata/5/9/63.jpg,separata,5,9
separata/5/9/64.jpg,separata,5,9
separata/5/9/65.jpg,separata,5,9
separata/5/9/66.jpg,separata,5,9
separata/5/9/67.jpg,separata,5,9
separata/5/9/68.jpg,separata,5,9
separata/5/9/69.jpg,separata,5,9
separata/5/9/7.jpg,separata,5,9
separata/5/9/70.jpg,separata,5,9
separata/5/9/71.jpg,separata,5,9
separata/5/9/72.jpg,separata,5,9
separata/5/9/73.jpg,separata,5,9
separata/5/9/74.jpg,separata,5,9
separata/5/9/75.jpg,separata,5,9
separata/5/9/76.jpg,separata,5,9
separata/5/9/77.jpg,separata,5,9
separata/5/9/78.jpg,separata,5,9
separata/5/9/79.jpg,separata,5,9
separata/5/9/8.jpg,separata,5,9
separata/5/9/80.jpg,separata,5,9
separata/5/9/81.jpg,separata,5,9
separata/5/9/82.jpg,separata,5,9
separata/5/9/83.jpg,separata,5,9
separata/5/9/84.jpg,separata,5,9
separata/5/9/85.jpg,separata,5,9
separata/5/9/86.jpg,separata,5,9
separata/5/9/87.jpg,separata,5,9
separata/5/9/88.jpg,separata,5,9
separata/5/9/89.jpg,separata,5,9
separata/5/9/9.jpg,separata,5,9
separata/5/9/90.jpg,separata,5,9
separata/5/9/91.jpg,separata,5,9
separata/5/9/92.jpg,separata,5,9
separata/5/9/93.jpg,separata,5,9
separata/5/9/94.jpg,separata,5,9
separata/5/9/95.jpg,separata,5,9
separata/5/9/96.jpg,separata,5,9
separata/5/9/97.jpg,separata,5,9
separata/5/9/98.jpg,separata,5,9
separata/5/9/99.jpg,separata,5,9
separata/6/11/1.jpg,separata,6,11
separata/6/11/10.jpg,separata,6,11
separata/6/11/100.jpg,separata,6,11
separata/6/11/101.jpg,separata,6,11
separata/6/11/102.jpg,separata,6,11
separata/6/11/103.jpg,separata,6,11
separata/6/11/104.jpg,separata,6,11
separata/6/11/105.jpg,separata,6,11
separata/6/11/106.jpg,separata,6,11
separata/6/11/107.jpg,separata,6,11
separata/6/11/108.jpg,separata,6,11
separata/6/11/109.jpg,separata,6,11
separata/6/11/11.jpg,separata,6,11
separata/6/11/110.jpg,separata,6,11
separata/6/11/111.jpg,separata,6,11
separata/6/11/112.jpg,separata,6,11
separata/6/11/113.jpg,separata,6,11
separata/6/11/114.jpg,separata,6,11
separata/6/11/115.jpg,separata,6,11
separata/6/11/116.jpg,separata,6,11
separata/6/11/117.jpg,separata,6,11
separata/6/11/118.jpg,separata,6,11
separata/6/11/119.jpg,separata,6,11
separata/6/11/12.jpg,separata,6,11
separata/6/11/120.jpg,separata,6,11
separata/6/11/121.jpg,separata,6,11
separata/6/11/122.jpg,separata,6,11
separata/6/11/123.jpg,separata,6,11
separata/6/11/124.jpg,separata,6,11
separata/6/11/125.jpg,separata,6,11
separata/6/11/126.jpg,separata,6,11
separata/6/11/127.jpg,separata,6,11
separata/6/11/128.jpg,separata,6,11
separata/6/11/129.jpg,separata,6,11
separata/6/11/13.jpg,separata,6,11
separata/6/11/130.jpg,separata,6,11
separata/6/11/131.jpg,separata,6,11
separata/6/11/132.jpg,separata,6,11
separata/6/11/133.jpg,separata,6,11
separata/6/11/134.jpg,separata,6,11
separata/6/11/135.jpg,separata,6,11
separata/6/11/136.jpg,separata,6,11
separata/6/11/137.jpg,separata,6,11
separata/6/11/138.jpg,separata,6,11
separata/6/11/139.jpg,separata,6,11
separata/6/11/14.jpg,separata,6,11
separata/6/11/140.jpg,separata,6,11
separata/6/11/141.jpg,separata,6,11
separata/6/11/142.jpg,separata,6,11
separata/6/11/143.jpg,separata,6,11
separata/6/11/144.jpg,separata,6,11
separata/6/11/145.jpg,separata,6,11
separata/6/11/146.jpg,separata,6,11
separata/6/11/147.jpg,separata,6,11
separata/6/11/148.jpg,separata,6,11
separata/6/11/149.jpg,separata,6,11
separata/6/11/15.jpg,separata,6,11
separata/6/11/150.jpg,separata,6,11
separata/6/11/151.jpg,separata,6,11
separata/6/11/152.jpg,separata,6,11
separata/6/11/153.jpg,separata,6,11
separata/6/11/154.jpg,separata,6,11
separata/6/11/155.jpg,separata,6,11
separata/6/11/156.jpg,separata,6,11
separata/6/11/157.jpg,separata,6,11
separata/6/11/158.jpg,separata,6,11
separata/6/11/159.jpg,separata,6,11
separata/6/11/16.jpg,separata,6,11
separata/6/11/160.jpg,separata,6,11
separata/6/11/161.jpg,separata,6,11
separata/6/11/162.jpg,separata,6,11
separata/6/11/163.jpg,separata,6,11
separata/6/11/164.jpg,separata,6,11
separata/6/11/165.jpg,separata,6,11
separata/6/11/166.jpg,separata,6,11
separata/6/11/167.jpg,separata,6,11
separata/6/11/168.jpg,separata,6,11
separata/6/11/169.jpg,separata,6,11
separata/6/11/17.jpg,separata,6,11
separata/6/11/170.jpg,separata,6,11
separata/6/11/171.jpg,separata,6,11
separata/6/11/172.jpg,separata,6,11
separata/6/11/173.jpg,separata,6,11
separata/6/11/174.jpg,separata,6,11
separata/6/11/175.jpg,separata,6,11
separata/6/11/176.jpg,separata,6,11
separata/6/11/177.jpg,separata,6,11
separata/6/11/178.jpg,separata,6,11
separata/6/11/179.jpg,separata,6,11
separata/6/11/18.jpg,separata,6,11
separata/6/11/180.jpg,separata,6,11
separata/6/11/181.jpg,separata,6,11
separata/6/11/182.jpg,separata,6,11
separata/6/11/183.jpg,separata,6,11
separata/6/11/184.jpg,separata,6,11
separata/6/11/185.jpg,separata,6,11
separata/6/11/186.jpg,separata,6,11
separata/6/11/187.jpg,separata,6,11
separata/6/11/188.jpg,separata,6,11
separata/6/11/189.jpg,separata,6,11
separata/6/11/19.jpg,separata,6,11
separata/6/11/190.jpg,separata,6,11
separata/6/11/191.jpg,separata,6,11
separata/6/11/192.jpg,separata,6,11
separata/6/11/193.jpg,separata,6,11
separata/6/11/194.jpg,separata,6,11
separata/6/11/195.jpg,separata,6,11
separata/6/11/196.jpg,separata,6,11
separata/6/11/197.jpg,separata,6,11
separata/6/11/198.jpg,separata,6,11
separata/6/11/199.jpg,separata,6,11
separata/6/11/2.jpg,separata,6,11
separata/6/11/20.jpg,separata,6,11
separata/6/11/200.jpg,separata,6,11
separata/6/11/201.jpg,separata,6,11
separata/6/11/21.jpg,separata,6,11
separata/6/11/22.jpg,separata,6,11
separata/6/11/23.jpg,separata,6,11
separata/6/11/24.jpg,separata,6,11
separata/6/11/25.jpg,separata,6,11
separata/6/11/26.jpg,separata,6,11
separata/6/11/27.jpg,separata,6,11
separata/6/11/28.jpg,separata,6,11
separata/6/11/29.jpg,separata,6,11
separata/6/11/3.jpg,separata,6,11
separata/6/11/30.jpg,separata,6,11
separata/6/11/31.jpg,separata,6,11
separata/6/11/32.jpg,separata,6,11
separata/6/11/33.jpg,separata,6,11
separata/6/11/34.jpg,separata,6,11
separata/6/11/35.jpg,separata,6,11
separata/6/11/36.jpg,separata,6,11
separata/6/11/37.jpg,separata,6,11
separata/6/11/38.jpg,separata,6,11
separata/6/11/39.jpg,separata,6,11
separata/6/11/4.jpg,separata,6,11
separata/6/11/40.jpg,separata,6,11
separata/6/11/41.jpg,separata,6,11
separata/6/11/42.jpg,separata,6,11
separata/6/11/43.jpg,separata,6,11
separata/6/11/44.jpg,separata,6,11
separata/6/11/45.jpg,separata,6,11
separata/6/11/46.jpg,separata,6,11
separata/6/11/47.jpg,separata,6,11
separata/6/11/48.jpg,separata,6,11
separata/6/11/49.jpg,separata,6,11
separata/6/11/5.jpg,separata,6,11
separata/6/11/50.jpg,separata,6,11
separata/6/11/51.jpg,separata,6,11
separata/6/11/52.jpg,separata,6,11
separata/6/11/53.jpg,separata,6,11
separata/6/11/54.jpg,separata,6,11
separata/6/11/55.jpg,separata,6,11
separata/6/11/56.jpg,separata,6,11
separata/6/11/57.jpg,separata,6,11
separata/6/11/58.jpg,separata,6,11
separata/6/11/59.jpg,separata,6,11
separata/6/11/6.jpg,separata,6,11
separata/6/11/60.jpg,separata,6,11
separata/6/11/61.jpg,separata,6,11
separata/6/11/62.jpg,separata,6,11
separata/6/11/63.jpg,separata,6,11
separata/6/11/64.jpg,separata,6,11
separata/6/11/65.jpg,separata,6,11
separata/6/11/66.jpg,separata,6,11
separata/6/11/67.jpg,separata,6,11
separata/6/11/68.jpg,separata,6,11
separata/6/11/69.jpg,separata,6,11
separata/6/11/7.jpg,separata,6,11
separata/6/11/70.jpg,separata,6,11
separata/6/11/71.jpg,separata,6,11
separata/6/11/72.jpg,separata,6,11
separata/6/11/73.jpg,separata,6,11
separata/6/11/74.jpg,separata,6,11
separata/6/11/75.jpg,separata,6,11
separata/6/11/76.jpg,separata,6,11
separata/6/11/77.jpg,separata,6,11
separata/6/11/78.jpg,separata,6,11
separata/6/11/79.jpg,separata,6,11
separata/6/11/8.jpg,separata,6,11
separata/6/11/80.jpg,separata,6,11
separata/6/11/81.jpg,separata,6,11
separata/6/11/82.jpg,separata,6,11
separata/6/11/83.jpg,separata,6,11
separata/6/11/84.jpg,separata,6,11
separata/6/11/85.jpg,separata,6,11
separata/6/11/86.jpg,separata,6,11
separata/6/11/87.jpg,separata,6,11
separata/6/11/88.jpg,separata,6,11
separata/6/11/89.jpg,separata,6,11
separata/6/11/9.jpg,separata,6,11
separata/6/11/90.jpg,separata,6,11
separata/6/11/91.jpg,separata,6,11
separata/6/11/92.jpg,separata,6,11
separata/6/11/93.jpg,separata,6,11
separata/6/11/94.jpg,separata,6,11
separata/6/11/95.jpg,separata,6,11
separata/6/11/96.jpg,separata,6,11
separata/6/11/97.jpg,separata,6,11
separata/6/11/98.jpg,separata,6,11
separata/6/11/99.jpg,separata,6,11
separata/6/12/1.jpg,separata,6,12
separata/6/12/10.jpg,separata,6,12
separata/6/12/100.jpg,separata,6,12
separata/6/12/101.jpg,separata,6,12
separata/6/12/102.jpg,separata,6,12
separata/6/12/103.jpg,separata,6,12
separata/6/12/104.jpg,separata,6,12
separata/6/12/105.jpg,separata,6,12
separata/6/12/106.jpg,separata,6,12
separata/6/12/107.jpg,separata,6,12
separata/6/12/108.jpg,separata,6,12
separata/6/12/109.jpg,separata,6,12
separata/6/12/11.jpg,separata,6,12
separata/6/12/110.jpg,separata,6,12
separata/6/12/111.jpg,separata,6,12
separata/6/12/112.jpg,separata,6,12
separata/6/12/113.jpg,separata,6,12
separata/6/12/114.jpg,separata,6,12
separata/6/12/115.jpg,separata,6,12
separata/6/12/116.jpg,separata,6,12
separata/6/12/117.jpg,separata,6,12
separata/6/12/118.jpg,separata,6,12
separata/6/12/119.jpg,separata,6,12
separata/6/12/12.jpg,separata,6,12
separata/6/12/120.jpg,separata,6,12
separata/6/12/121.jpg,separata,6,12
separata/6/12/122.jpg,separata,6,12
separata/6/12/123.jpg,separata,6,12
separata/6/12/124.jpg,separata,6,12
separata/6/12/125.jpg,separata,6,12
separata/6/12/126.jpg,separata,6,12
separata/6/12/127.jpg,separata,6,12
separata/6/12/128.jpg,separata,6,12
separata/6/12/129.jpg,separata,6,12
separata/6/12/13.jpg,separata,6,12
separata/6/12/130.jpg,separata,6,12
separata/6/12/131.jpg,separata,6,12
separata/6/12/132.jpg,separata,6,12
separata/6/12/133.jpg,separata,6,12
separata/6/12/134.jpg,separata,6,12
separata/6/12/135.jpg,separata,6,12
separata/6/12/136.jpg,separata,6,12
separata/6/12/137.jpg,separata,6,12
separata/6/12/138.jpg,separata,6,12
separata/6/12/139.jpg,separata,6,12
separata/6/12/14.jpg,separata,6,12
separata/6/12/140.jpg,separata,6,12
separata/6/12/141.jpg,separata,6,12
separata/6/12/142.jpg,separata,6,12
separata/6/12/143.jpg,separata,6,12
separata/6/12/144.jpg,separata,6,12
separata/6/12/145.jpg,separata,6,12
separata/6/12/146.jpg,separata,6,12
separata/6/12/147.jpg,separata,6,12
separata/6/12/148.jpg,separata,6,12
separata/6/12/149.jpg,separata,6,12
separata/6/12/15.jpg,separata,6,12
separata/6/12/150.jpg,separata,6,12
separata/6/12/151.jpg,separata,6,12
separata/6/12/152.jpg,separata,6,12
separata/6/12/153.jpg,separata,6,12
separata/6/12/154.jpg,separata,6,12
separata/6/12/155.jpg,separata,6,12
separata/6/12/156.jpg,separata,6,12
separata/6/12/157.jpg,separata,6,12
separata/6/12/158.jpg,separata,6,12
separata/6/12/159.jpg,separata,6,12
separata/6/12/16.jpg,separata,6,12
separata/6/12/160.jpg,separata,6,12
separata/6/12/161.jpg,separata,6,12
separata/6/12/162.jpg,separata,6,12
separata/6/12/163.jpg,separata,6,12
separata/6/12/164.jpg,separata,6,12
separata/6/12/165.jpg,separata,6,12
separata/6/12/166.jpg,separata,6,12
separata/6/12/167.jpg,separata,6,12
separata/6/12/168.jpg,separata,6,12
separata/6/12/169.jpg,separata,6,12
separata/6/12/17.jpg,separata,6,12
separata/6/12/170.jpg,separata,6,12
separata/6/12/171.jpg,separata,6,12
separata/6/12/172.jpg,separata,6,12
separata/6/12/173.jpg,separata,6,12
separata/6/12/174.jpg,separata,6,12
separata/6/12/175.jpg,separata,6,12
separata/6/12/176.jpg,separata,6,12
separata/6/12/177.jpg,separata,6,12
separata/6/12/178.jpg,separata,6,12
separata/6/12/179.jpg,separata,6,12
separata/6/12/18.jpg,separata,6,12
separata/6/12/180.jpg,separata,6,12
separata/6/12/181.jpg,separata,6,12
separata/6/12/182.jpg,separata,6,12
separata/6/12/183.jpg,separata,6,12
separata/6/12/184.jpg,separata,6,12
separata/6/12/185.jpg,separata,6,12
separata/6/12/186.jpg,separata,6,12
separata/6/12/187.jpg,separata,6,12
separata/6/12/188.jpg,separata,6,12
separata/6/12/189.jpg,separata,6,12
separata/6/12/19.jpg,separata,6,12
separata/6/12/190.jpg,separata,6,12
separata/6/12/191.jpg,separata,6,12
separata/6/12/192.jpg,separata,6,12
separata/6/12/193.jpg,separata,6,12
separata/6/12/194.jpg,separata,6,12
separata/6/12/195.jpg,separata,6,12
separata/6/12/196.jpg,separata,6,12
separata/6/12/197.jpg,separata,6,12
separata/6/12/198.jpg,separata,6,12
separata/6/12/199.jpg,separata,6,12
separata/6/12/2.jpg,separata,6,12
separata/6/12/20.jpg,separata,6,12
separata/6/12/200.jpg,separata,6,12
separata/6/12/201.jpg,separata,6,12
separata/6/12/21.jpg,separata,6,12
separata/6/12/22.jpg,separata,6,12
separata/6/12/23.jpg,separata,6,12
separata/6/12/24.jpg,separata,6,12
separata/6/12/25.jpg,separata,6,12
separata/6/12/26.jpg,separata,6,12
separata/6/12/27.jpg,separata,6,12
separata/6/12/28.jpg,separata,6,12
separata/6/12/29.jpg,separata,6,12
separata/6/12/3.jpg,separata,6,12
separata/6/12/30.jpg,separata,6,12
separata/6/12/31.jpg,separata,6,12
separata/6/12/32.jpg,separata,6,12
separata/6/12/33.jpg,separata,6,12
separata/6/12/34.jpg,separata,6,12
separata/6/12/35.jpg,separata,6,12
separata/6/12/36.jpg,separata,6,12
separata/6/12/37.jpg,separata,6,12
separata/6/12/38.jpg,separata,6,12
separata/6/12/39.jpg,separata,6,12
separata/6/12/4.jpg,separata,6,12
separata/6/12/40.jpg,separata,6,12
separata/6/12/41.jpg,separata,6,12
separata/6/12/42.jpg,separata,6,12
separata/6/12/43.jpg,separata,6,12
separata/6/12/44.jpg,separata,6,12
separata/6/12/45.jpg,separata,6,12
separata/6/12/46.jpg,separata,6,12
separata/6/12/47.jpg,separata,6,12
separata/6/12/48.jpg,separata,6,12
separata/6/12/49.jpg,separata,6,12
separata/6/12/5.jpg,separata,6,12
separata/6/12/50.jpg,separata,6,12
separata/6/12/51.jpg,separata,6,12
separata/6/12/52.jpg,separata,6,12
separata/6/12/53.jpg,separata,6,12
separata/6/12/54.jpg,separata,6,12
separata/6/12/55.jpg,separata,6,12
separata/6/12/56.jpg,separata,6,12
separata/6/12/57.jpg,separata,6,12
separata/6/12/58.jpg,separata,6,12
separata/6/12/59.jpg,separata,6,12
separata/6/12/6.jpg,separata,6,12
separata/6/12/60.jpg,separata,6,12
separata/6/12/61.jpg,separata,6,12
separata/6/12/62.jpg,separata,6,12
separata/6/12/63.jpg,separata,6,12
separata/6/12/64.jpg,separata,6,12
separata/6/12/65.jpg,separata,6,12
separata/6/12/66.jpg,separata,6,12
separata/6/12/67.jpg,separata,6,12
separata/6/12/68.jpg,separata,6,12
separata/6/12/69.jpg,separata,6,12
separata/6/12/7.jpg,separata,6,12
separata/6/12/70.jpg,separata,6,12
separata/6/12/71.jpg,separata,6,12
separata/6/12/72.jpg,separata,6,12
separata/6/12/73.jpg,separata,6,12
separata/6/12/74.jpg,separata,6,12
separata/6/12/75.jpg,separata,6,12
separata/6/12/76.jpg,separata,6,12
separata/6/12/77.jpg,separata,6,12
separata/6/12/78.jpg,separata,6,12
separata/6/12/79.jpg,separata,6,12
separata/6/12/8.jpg,separata,6,12
separata/6/12/80.jpg,separata,6,12
separata/6/12/81.jpg,separata,6,12
separata/6/12/82.jpg,separata,6,12
separata/6/12/83.jpg,separata,6,12
separata/6/12/84.jpg,separata,6,12
separata/6/12/85.jpg,separata,6,12
separata/6/12/86.jpg,separata,6,12
separata/6/12/87.jpg,separata,6,12
separata/6/12/88.jpg,separata,6,12
separata/6/12/89.jpg,separata,6,12
separata/6/12/9.jpg,separata,6,12
separata/6/12/90.jpg,separata,6,12
separata/6/12/91.jpg,separata,6,12
separata/6/12/92.jpg,separata,6,12
separata/6/12/93.jpg,separata,6,12
separata/6/12/94.jpg,separata,6,12
separata/6/12/95.jpg,separata,6,12
separata/6/12/96.jpg,separata,6,12
separata/6/12/97.jpg,separata,6,12
separata/6/12/98.jpg,separata,6,12
separata/6/12/99.jpg,separata,6,12
separata/6/13/1.jpg,separata,6,13
separata/6/13/10.jpg,separata,6,13
separata/6/13/100.jpg,separata,6,13
separata/6/13/101.jpg,separata,6,13
separata/6/13/102.jpg,separata,6,13
separata/6/13/103.jpg,separata,6,13
separata/6/13/104.jpg,separata,6,13
separata/6/13/105.jpg,separata,6,13
separata/6/13/106.jpg,separata,6,13
separata/6/13/107.jpg,separata,6,13
separata/6/13/108.jpg,separata,6,13
separata/6/13/109.jpg,separata,6,13
separata/6/13/11.jpg,separata,6,13
separata/6/13/110.jpg,separata,6,13
separata/6/13/111.jpg,separata,6,13
separata/6/13/112.jpg,separata,6,13
separata/6/13/113.jpg,separata,6,13
separata/6/13/114.jpg,separata,6,13
separata/6/13/115.jpg,separata,6,13
separata/6/13/116.jpg,separata,6,13
separata/6/13/117.jpg,separata,6,13
separata/6/13/118.jpg,separata,6,13
separata/6/13/119.jpg,separata,6,13
separata/6/13/12.jpg,separata,6,13
separata/6/13/120.jpg,separata,6,13
separata/6/13/121.jpg,separata,6,13
separata/6/13/122.jpg,separata,6,13
separata/6/13/123.jpg,separata,6,13
separata/6/13/124.jpg,separata,6,13
separata/6/13/125.jpg,separata,6,13
separata/6/13/126.jpg,separata,6,13
separata/6/13/127.jpg,separata,6,13
separata/6/13/128.jpg,separata,6,13
separata/6/13/129.jpg,separata,6,13
separata/6/13/13.jpg,separata,6,13
separata/6/13/130.jpg,separata,6,13
separata/6/13/131.jpg,separata,6,13
separata/6/13/132.jpg,separata,6,13
separata/6/13/133.jpg,separata,6,13
separata/6/13/134.jpg,separata,6,13
separata/6/13/135.jpg,separata,6,13
separata/6/13/136.jpg,separata,6,13
separata/6/13/137.jpg,separata,6,13
separata/6/13/138.jpg,separata,6,13
separata/6/13/139.jpg,separata,6,13
separata/6/13/14.jpg,separata,6,13
separata/6/13/140.jpg,separata,6,13
separata/6/13/141.jpg,separata,6,13
separata/6/13/142.jpg,separata,6,13
separata/6/13/143.jpg,separata,6,13
separata/6/13/144.jpg,separata,6,13
separata/6/13/145.jpg,separata,6,13
separata/6/13/146.jpg,separata,6,13
separata/6/13/147.jpg,separata,6,13
separata/6/13/148.jpg,separata,6,13
separata/6/13/149.jpg,separata,6,13
separata/6/13/15.jpg,separata,6,13
separata/6/13/150.jpg,separata,6,13
separata/6/13/151.jpg,separata,6,13
separata/6/13/152.jpg,separata,6,13
separata/6/13/153.jpg,separata,6,13
separata/6/13/154.jpg,separata,6,13
separata/6/13/155.jpg,separata,6,13
separata/6/13/156.jpg,separata,6,13
separata/6/13/157.jpg,separata,6,13
separata/6/13/158.jpg,separata,6,13
separata/6/13/159.jpg,separata,6,13
separata/6/13/16.jpg,separata,6,13
separata/6/13/160.jpg,separata,6,13
separata/6/13/161.jpg,separata,6,13
separata/6/13/162.jpg,separata,6,13
separata/6/13/163.jpg,separata,6,13
separata/6/13/164.jpg,separata,6,13
separata/6/13/165.jpg,separata,6,13
separata/6/13/166.jpg,separata,6,13
separata/6/13/167.jpg,separata,6,13
separata/6/13/168.jpg,separata,6,13
separata/6/13/169.jpg,separata,6,13
separata/6/13/17.jpg,separata,6,13
separata/6/13/170.jpg,separata,6,13
separata/6/13/171.jpg,separata,6,13
separata/6/13/172.jpg,separata,6,13
separata/6/13/173.jpg,separata,6,13
separata/6/13/174.jpg,separata,6,13
separata/6/13/175.jpg,separata,6,13
separata/6/13/176.jpg,separata,6,13
separata/6/13/177.jpg,separata,6,13
separata/6/13/178.jpg,separata,6,13
separata/6/13/179.jpg,separata,6,13
separata/6/13/18.jpg,separata,6,13
separata/6/13/180.jpg,separata,6,13
separata/6/13/181.jpg,separata,6,13
separata/6/13/182.jpg,separata,6,13
separata/6/13/183.jpg,separata,6,13
separata/6/13/184.jpg,separata,6,13
separata/6/13/185.jpg,separata,6,13
separata/6/13/186.jpg,separata,6,13
separata/6/13/187.jpg,separata,6,13
separata/6/13/188.jpg,separata,6,13
separata/6/13/189.jpg,separata,6,13
separata/6/13/19.jpg,separata,6,13
separata/6/13/190.jpg,separata,6,13
separata/6/13/191.jpg,separata,6,13
separata/6/13/192.jpg,separata,6,13
separata/6/13/193.jpg,separata,6,13
separata/6/13/194.jpg,separata,6,13
separata/6/13/195.jpg,separata,6,13
separata/6/13/196.jpg,separata,6,13
separata/6/13/197.jpg,separata,6,13
separata/6/13/198.jpg,separata,6,13
separata/6/13/199.jpg,separata,6,13
separata/6/13/2.jpg,separata,6,13
separata/6/13/20.jpg,separata,6,13
separata/6/13/200.jpg,separata,6,13
separata/6/13/201.jpg,separata,6,13
separata/6/13/202.jpg,separata,6,13
separata/6/13/203.jpg,separata,6,13
separata/6/13/204.jpg,separata,6,13
separata/6/13/205.jpg,separata,6,13
separata/6/13/21.jpg,separata,6,13
separata/6/13/22.jpg,separata,6,13
separata/6/13/23.jpg,separata,6,13
separata/6/13/24.jpg,separata,6,13
separata/6/13/25.jpg,separata,6,13
separata/6/13/26.jpg,separata,6,13
separata/6/13/27.jpg,separata,6,13
separata/6/13/28.jpg,separata,6,13
separata/6/13/29.jpg,separata,6,13
separata/6/13/3.jpg,separata,6,13
separata/6/13/30.jpg,separata,6,13
separata/6/13/31.jpg,separata,6,13
separata/6/13/32.jpg,separata,6,13
separata/6/13/33.jpg,separata,6,13
separata/6/13/34.jpg,separata,6,13
separata/6/13/35.jpg,separata,6,13
separata/6/13/36.jpg,separata,6,13
separata/6/13/37.jpg,separata,6,13
separata/6/13/38.jpg,separata,6,13
separata/6/13/39.jpg,separata,6,13
separata/6/13/4.jpg,separata,6,13
separata/6/13/40.jpg,separata,6,13
separata/6/13/41.jpg,separata,6,13
separata/6/13/42.jpg,separata,6,13
separata/6/13/43.jpg,separata,6,13
separata/6/13/44.jpg,separata,6,13
separata/6/13/45.jpg,separata,6,13
separata/6/13/46.jpg,separata,6,13
separata/6/13/47.jpg,separata,6,13
separata/6/13/48.jpg,separata,6,13
separata/6/13/49.jpg,separata,6,13
separata/6/13/5.jpg,separata,6,13
separata/6/13/50.jpg,separata,6,13
separata/6/13/51.jpg,separata,6,13
separata/6/13/52.jpg,separata,6,13
separata/6/13/53.jpg,separata,6,13
separata/6/13/54.jpg,separata,6,13
separata/6/13/55.jpg,separata,6,13
separata/6/13/56.jpg,separata,6,13
separata/6/13/57.jpg,separata,6,13
separata/6/13/58.jpg,separata,6,13
separata/6/13/59.jpg,separata,6,13
separata/6/13/6.jpg,separata,6,13
separata/6/13/60.jpg,separata,6,13
separata/6/13/61.jpg,separata,6,13
separata/6/13/62.jpg,separata,6,13
separata/6/13/63.jpg,separata,6,13
separata/6/13/64.jpg,separata,6,13
separata/6/13/65.jpg,separata,6,13
separata/6/13/66.jpg,separata,6,13
separata/6/13/67.jpg,separata,6,13
separata/6/13/68.jpg,separata,6,13
separata/6/13/69.jpg,separata,6,13
separata/6/13/7.jpg,separata,6,13
separata/6/13/70.jpg,separata,6,13
separata/6/13/71.jpg,separata,6,13
separata/6/13/72.jpg,separata,6,13
separata/6/13/73.jpg,separata,6,13
separata/6/13/74.jpg,separata,6,13
separata/6/13/75.jpg,separata,6,13
separata/6/13/76.jpg,separata,6,13
separata/6/13/77.jpg,separata,6,13
separata/6/13/78.jpg,separata,6,13
separata/6/13/79.jpg,separata,6,13
separata/6/13/8.jpg,separata,6,13
separata/6/13/80.jpg,separata,6,13
separata/6/13/81.jpg,separata,6,13
separata/6/13/82.jpg,separata,6,13
separata/6/13/83.jpg,separata,6,13
separata/6/13/84.jpg,separata,6,13
separata/6/13/85.jpg,separata,6,13
separata/6/13/86.jpg,separata,6,13
separata/6/13/87.jpg,separata,6,13
separata/6/13/88.jpg,separata,6,13
separata/6/13/89.jpg,separata,6,13
separata/6/13/9.jpg,separata,6,13
separata/6/13/90.jpg,separata,6,13
separata/6/13/91.jpg,separata,6,13
separata/6/13/92.jpg,separata,6,13
separata/6/13/93.jpg,separata,6,13
separata/6/13/94.jpg,separata,6,13
separata/6/13/95.jpg,separata,6,13
separata/6/13/96.jpg,separata,6,13
separata/6/13/97.jpg,separata,6,13
separata/6/13/98.jpg,separata,6,13
separata/6/13/99.jpg,separata,6,13
separata/6/14/1.jpg,separata,6,14
separata/6/14/10.jpg,separata,6,14
separata/6/14/100.jpg,separata,6,14
separata/6/14/101.jpg,separata,6,14
separata/6/14/102.jpg,separata,6,14
separata/6/14/103.jpg,separata,6,14
separata/6/14/104.jpg,separata,6,14
separata/6/14/105.jpg,separata,6,14
separata/6/14/106.jpg,separata,6,14
separata/6/14/107.jpg,separata,6,14
separata/6/14/108.jpg,separata,6,14
separata/6/14/109.jpg,separata,6,14
separata/6/14/11.jpg,separata,6,14
separata/6/14/110.jpg,separata,6,14
separata/6/14/111.jpg,separata,6,14
separata/6/14/112.jpg,separata,6,14
separata/6/14/113.jpg,separata,6,14
separata/6/14/114.jpg,separata,6,14
separata/6/14/115.jpg,separata,6,14
separata/6/14/116.jpg,separata,6,14
separata/6/14/117.jpg,separata,6,14
separata/6/14/118.jpg,separata,6,14
separata/6/14/119.jpg,separata,6,14
separata/6/14/12.jpg,separata,6,14
separata/6/14/120.jpg,separata,6,14
separata/6/14/121.jpg,separata,6,14
separata/6/14/122.jpg,separata,6,14
separata/6/14/123.jpg,separata,6,14
separata/6/14/124.jpg,separata,6,14
separata/6/14/125.jpg,separata,6,14
separata/6/14/126.jpg,separata,6,14
separata/6/14/127.jpg,separata,6,14
separata/6/14/128.jpg,separata,6,14
separata/6/14/129.jpg,separata,6,14
separata/6/14/13.jpg,separata,6,14
separata/6/14/130.jpg,separata,6,14
separata/6/14/131.jpg,separata,6,14
separata/6/14/132.jpg,separata,6,14
separata/6/14/133.jpg,separata,6,14
separata/6/14/134.jpg,separata,6,14
separata/6/14/135.jpg,separata,6,14
separata/6/14/136.jpg,separata,6,14
separata/6/14/137.jpg,separata,6,14
separata/6/14/138.jpg,separata,6,14
separata/6/14/139.jpg,separata,6,14
separata/6/14/14.jpg,separata,6,14
separata/6/14/140.jpg,separata,6,14
separata/6/14/141.jpg,separata,6,14
separata/6/14/142.jpg,separata,6,14
separata/6/14/143.jpg,separata,6,14
separata/6/14/144.jpg,separata,6,14
separata/6/14/145.jpg,separata,6,14
separata/6/14/146.jpg,separata,6,14
separata/6/14/147.jpg,separata,6,14
separata/6/14/148.jpg,separata,6,14
separata/6/14/149.jpg,separata,6,14
separata/6/14/15.jpg,separata,6,14
separata/6/14/150.jpg,separata,6,14
separata/6/14/151.jpg,separata,6,14
separata/6/14/152.jpg,separata,6,14
separata/6/14/153.jpg,separata,6,14
separata/6/14/154.jpg,separata,6,14
separata/6/14/155.jpg,separata,6,14
separata/6/14/156.jpg,separata,6,14
separata/6/14/157.jpg,separata,6,14
separata/6/14/158.jpg,separata,6,14
separata/6/14/159.jpg,separata,6,14
separata/6/14/16.jpg,separata,6,14
separata/6/14/160.jpg,separata,6,14
separata/6/14/161.jpg,separata,6,14
separata/6/14/162.jpg,separata,6,14
separata/6/14/163.jpg,separata,6,14
separata/6/14/164.jpg,separata,6,14
separata/6/14/165.jpg,separata,6,14
separata/6/14/166.jpg,separata,6,14
separata/6/14/167.jpg,separata,6,14
separata/6/14/168.jpg,separata,6,14
separata/6/14/169.jpg,separata,6,14
separata/6/14/17.jpg,separata,6,14
separata/6/14/170.jpg,separata,6,14
separata/6/14/171.jpg,separata,6,14
separata/6/14/172.jpg,separata,6,14
separata/6/14/173.jpg,separata,6,14
separata/6/14/174.jpg,separata,6,14
separata/6/14/175.jpg,separata,6,14
separata/6/14/176.jpg,separata,6,14
separata/6/14/177.jpg,separata,6,14
separata/6/14/178.jpg,separata,6,14
separata/6/14/179.jpg,separata,6,14
separata/6/14/18.jpg,separata,6,14
separata/6/14/180.jpg,separata,6,14
separata/6/14/181.jpg,separata,6,14
separata/6/14/182.jpg,separata,6,14
separata/6/14/183.jpg,separata,6,14
separata/6/14/184.jpg,separata,6,14
separata/6/14/185.jpg,separata,6,14
separata/6/14/186.jpg,separata,6,14
separata/6/14/187.jpg,separata,6,14
separata/6/14/188.jpg,separata,6,14
separata/6/14/189.jpg,separata,6,14
separata/6/14/19.jpg,separata,6,14
separata/6/14/190.jpg,separata,6,14
separata/6/14/191.jpg,separata,6,14
separata/6/14/192.jpg,separata,6,14
separata/6/14/193.jpg,separata,6,14
separata/6/14/194.jpg,separata,6,14
separata/6/14/195.jpg,separata,6,14
separata/6/14/196.jpg,separata,6,14
separata/6/14/197.jpg,separata,6,14
separata/6/14/198.jpg,separata,6,14
separata/6/14/199.jpg,separata,6,14
separata/6/14/2.jpg,separata,6,14
separata/6/14/20.jpg,separata,6,14
separata/6/14/200.jpg,separata,6,14
separata/6/14/201.jpg,separata,6,14
separata/6/14/21.jpg,separata,6,14
separata/6/14/22.jpg,separata,6,14
separata/6/14/23.jpg,separata,6,14
separata/6/14/24.jpg,separata,6,14
separata/6/14/25.jpg,separata,6,14
separata/6/14/26.jpg,separata,6,14
separata/6/14/27.jpg,separata,6,14
separata/6/14/28.jpg,separata,6,14
separata/6/14/29.jpg,separata,6,14
separata/6/14/3.jpg,separata,6,14
separata/6/14/30.jpg,separata,6,14
separata/6/14/31.jpg,separata,6,14
separata/6/14/32.jpg,separata,6,14
separata/6/14/33.jpg,separata,6,14
separata/6/14/34.jpg,separata,6,14
separata/6/14/35.jpg,separata,6,14
separata/6/14/36.jpg,separata,6,14
separata/6/14/37.jpg,separata,6,14
separata/6/14/38.jpg,separata,6,14
separata/6/14/39.jpg,separata,6,14
separata/6/14/4.jpg,separata,6,14
separata/6/14/40.jpg,separata,6,14
separata/6/14/41.jpg,separata,6,14
separata/6/14/42.jpg,separata,6,14
separata/6/14/43.jpg,separata,6,14
separata/6/14/44.jpg,separata,6,14
separata/6/14/45.jpg,separata,6,14
separata/6/14/46.jpg,separata,6,14
separata/6/14/47.jpg,separata,6,14
separata/6/14/48.jpg,separata,6,14
separata/6/14/49.jpg,separata,6,14
separata/6/14/5.jpg,separata,6,14
separata/6/14/50.jpg,separata,6,14
separata/6/14/51.jpg,separata,6,14
separata/6/14/52.jpg,separata,6,14
separata/6/14/53.jpg,separata,6,14
separata/6/14/54.jpg,separata,6,14
separata/6/14/55.jpg,separata,6,14
separata/6/14/56.jpg,separata,6,14
separata/6/14/57.jpg,separata,6,14
separata/6/14/58.jpg,separata,6,14
separata/6/14/59.jpg,separata,6,14
separata/6/14/6.jpg,separata,6,14
separata/6/14/60.jpg,separata,6,14
separata/6/14/61.jpg,separata,6,14
separata/6/14/62.jpg,separata,6,14
separata/6/14/63.jpg,separata,6,14
separata/6/14/64.jpg,separata,6,14
separata/6/14/65.jpg,separata,6,14
separata/6/14/66.jpg,separata,6,14
separata/6/14/67.jpg,separata,6,14
separata/6/14/68.jpg,separata,6,14
separata/6/14/69.jpg,separata,6,14
separata/6/14/7.jpg,separata,6,14
separata/6/14/70.jpg,separata,6,14
separata/6/14/71.jpg,separata,6,14
separata/6/14/72.jpg,separata,6,14
separata/6/14/73.jpg,separata,6,14
separata/6/14/74.jpg,separata,6,14
separata/6/14/75.jpg,separata,6,14
separata/6/14/76.jpg,separata,6,14
separata/6/14/77.jpg,separata,6,14
separata/6/14/78.jpg,separata,6,14
separata/6/14/79.jpg,separata,6,14
separata/6/14/8.jpg,separata,6,14
separata/6/14/80.jpg,separata,6,14
separata/6/14/81.jpg,separata,6,14
separata/6/14/82.jpg,separata,6,14
separata/6/14/83.jpg,separata,6,14
separata/6/14/84.jpg,separata,6,14
separata/6/14/85.jpg,separata,6,14
separata/6/14/86.jpg,separata,6,14
separata/6/14/87.jpg,separata,6,14
separata/6/14/88.jpg,separata,6,14
separata/6/14/89.jpg,separata,6,14
separata/6/14/9.jpg,separata,6,14
separata/6/14/90.jpg,separata,6,14
separata/6/14/91.jpg,separata,6,14
separata/6/14/92.jpg,separata,6,14
separata/6/14/93.jpg,separata,6,14
separata/6/14/94.jpg,separata,6,14
separata/6/14/95.jpg,separata,6,14
separata/6/14/96.jpg,separata,6,14
separata/6/14/97.jpg,separata,6,14
separata/6/14/98.jpg,separata,6,14
separata/6/14/99.jpg,separata,6,14
ypsilon/1/0/1.jpg,ypsilon,1,0
ypsilon/1/0/10.jpg,ypsilon,1,0
ypsilon/1/0/100.jpg,ypsilon,1,0
ypsilon/1/0/101.jpg,ypsilon,1,0
ypsilon/1/0/102.jpg,ypsilon,1,0
ypsilon/1/0/103.jpg,ypsilon,1,0
ypsilon/1/0/104.jpg,ypsilon,1,0
ypsilon/1/0/105.jpg,ypsilon,1,0
ypsilon/1/0/106.jpg,ypsilon,1,0
ypsilon/1/0/107.jpg,ypsilon,1,0
ypsilon/1/0/108.jpg,ypsilon,1,0
ypsilon/1/0/109.jpg,ypsilon,1,0
ypsilon/1/0/11.jpg,ypsilon,1,0
ypsilon/1/0/110.jpg,ypsilon,1,0
ypsilon/1/0/111.jpg,ypsilon,1,0
ypsilon/1/0/112.jpg,ypsilon,1,0
ypsilon/1/0/113.jpg,ypsilon,1,0
ypsilon/1/0/114.jpg,ypsilon,1,0
ypsilon/1/0/115.jpg,ypsilon,1,0
ypsilon/1/0/116.jpg,ypsilon,1,0
ypsilon/1/0/117.jpg,ypsilon,1,0
ypsilon/1/0/118.jpg,ypsilon,1,0
ypsilon/1/0/119.jpg,ypsilon,1,0
ypsilon/1/0/12.jpg,ypsilon,1,0
ypsilon/1/0/120.jpg,ypsilon,1,0
ypsilon/1/0/121.jpg,ypsilon,1,0
ypsilon/1/0/122.jpg,ypsilon,1,0
ypsilon/1/0/123.jpg,ypsilon,1,0
ypsilon/1/0/124.jpg,ypsilon,1,0
ypsilon/1/0/125.jpg,ypsilon,1,0
ypsilon/1/0/126.jpg,ypsilon,1,0
ypsilon/1/0/127.jpg,ypsilon,1,0
ypsilon/1/0/128.jpg,ypsilon,1,0
ypsilon/1/0/129.jpg,ypsilon,1,0
ypsilon/1/0/13.jpg,ypsilon,1,0
ypsilon/1/0/130.jpg,ypsilon,1,0
ypsilon/1/0/131.jpg,ypsilon,1,0
ypsilon/1/0/132.jpg,ypsilon,1,0
ypsilon/1/0/133.jpg,ypsilon,1,0
ypsilon/1/0/134.jpg,ypsilon,1,0
ypsilon/1/0/135.jpg,ypsilon,1,0
ypsilon/1/0/136.jpg,ypsilon,1,0
ypsilon/1/0/137.jpg,ypsilon,1,0
ypsilon/1/0/138.jpg,ypsilon,1,0
ypsilon/1/0/139.jpg,ypsilon,1,0
ypsilon/1/0/14.jpg,ypsilon,1,0
ypsilon/1/0/140.jpg,ypsilon,1,0
ypsilon/1/0/141.jpg,ypsilon,1,0
ypsilon/1/0/142.jpg,ypsilon,1,0
ypsilon/1/0/143.jpg,ypsilon,1,0
ypsilon/1/0/144.jpg,ypsilon,1,0
ypsilon/1/0/145.jpg,ypsilon,1,0
ypsilon/1/0/146.jpg,ypsilon,1,0
ypsilon/1/0/147.jpg,ypsilon,1,0
ypsilon/1/0/148.jpg,ypsilon,1,0
ypsilon/1/0/149.jpg,ypsilon,1,0
ypsilon/1/0/15.jpg,ypsilon,1,0
ypsilon/1/0/150.jpg,ypsilon,1,0
ypsilon/1/0/151.jpg,ypsilon,1,0
ypsilon/1/0/152.jpg,ypsilon,1,0
ypsilon/1/0/153.jpg,ypsilon,1,0
ypsilon/1/0/154.jpg,ypsilon,1,0
ypsilon/1/0/155.jpg,ypsilon,1,0
ypsilon/1/0/156.jpg,ypsilon,1,0
ypsilon/1/0/157.jpg,ypsilon,1,0
ypsilon/1/0/158.jpg,ypsilon,1,0
ypsilon/1/0/159.jpg,ypsilon,1,0
ypsilon/1/0/16.jpg,ypsilon,1,0
ypsilon/1/0/160.jpg,ypsilon,1,0
ypsilon/1/0/161.jpg,ypsilon,1,0
ypsilon/1/0/162.jpg,ypsilon,1,0
ypsilon/1/0/163.jpg,ypsilon,1,0
ypsilon/1/0/164.jpg,ypsilon,1,0
ypsilon/1/0/165.jpg,ypsilon,1,0
ypsilon/1/0/166.jpg,ypsilon,1,0
ypsilon/1/0/167.jpg,ypsilon,1,0
ypsilon/1/0/168.jpg,ypsilon,1,0
ypsilon/1/0/169.jpg,ypsilon,1,0
ypsilon/1/0/17.jpg,ypsilon,1,0
ypsilon/1/0/170.jpg,ypsilon,1,0
ypsilon/1/0/171.jpg,ypsilon,1,0
ypsilon/1/0/172.jpg,ypsilon,1,0
ypsilon/1/0/173.jpg,ypsilon,1,0
ypsilon/1/0/174.jpg,ypsilon,1,0
ypsilon/1/0/175.jpg,ypsilon,1,0
ypsilon/1/0/176.jpg,ypsilon,1,0
ypsilon/1/0/177.jpg,ypsilon,1,0
ypsilon/1/0/178.jpg,ypsilon,1,0
ypsilon/1/0/179.jpg,ypsilon,1,0
ypsilon/1/0/18.jpg,ypsilon,1,0
ypsilon/1/0/180.jpg,ypsilon,1,0
ypsilon/1/0/181.jpg,ypsilon,1,0
ypsilon/1/0/182.jpg,ypsilon,1,0
ypsilon/1/0/183.jpg,ypsilon,1,0
ypsilon/1/0/184.jpg,ypsilon,1,0
ypsilon/1/0/185.jpg,ypsilon,1,0
ypsilon/1/0/186.jpg,ypsilon,1,0
ypsilon/1/0/187.jpg,ypsilon,1,0
ypsilon/1/0/188.jpg,ypsilon,1,0
ypsilon/1/0/189.jpg,ypsilon,1,0
ypsilon/1/0/19.jpg,ypsilon,1,0
ypsilon/1/0/190.jpg,ypsilon,1,0
ypsilon/1/0/191.jpg,ypsilon,1,0
ypsilon/1/0/192.jpg,ypsilon,1,0
ypsilon/1/0/193.jpg,ypsilon,1,0
ypsilon/1/0/194.jpg,ypsilon,1,0
ypsilon/1/0/195.jpg,ypsilon,1,0
ypsilon/1/0/196.jpg,ypsilon,1,0
ypsilon/1/0/197.jpg,ypsilon,1,0
ypsilon/1/0/198.jpg,ypsilon,1,0
ypsilon/1/0/199.jpg,ypsilon,1,0
ypsilon/1/0/2.jpg,ypsilon,1,0
ypsilon/1/0/20.jpg,ypsilon,1,0
ypsilon/1/0/200.jpg,ypsilon,1,0
ypsilon/1/0/21.jpg,ypsilon,1,0
ypsilon/1/0/22.jpg,ypsilon,1,0
ypsilon/1/0/23.jpg,ypsilon,1,0
ypsilon/1/0/24.jpg,ypsilon,1,0
ypsilon/1/0/25.jpg,ypsilon,1,0
ypsilon/1/0/26.jpg,ypsilon,1,0
ypsilon/1/0/27.jpg,ypsilon,1,0
ypsilon/1/0/28.jpg,ypsilon,1,0
ypsilon/1/0/29.jpg,ypsilon,1,0
ypsilon/1/0/3.jpg,ypsilon,1,0
ypsilon/1/0/30.jpg,ypsilon,1,0
ypsilon/1/0/31.jpg,ypsilon,1,0
ypsilon/1/0/32.jpg,ypsilon,1,0
ypsilon/1/0/33.jpg,ypsilon,1,0
ypsilon/1/0/34.jpg,ypsilon,1,0
ypsilon/1/0/35.jpg,ypsilon,1,0
ypsilon/1/0/36.jpg,ypsilon,1,0
ypsilon/1/0/37.jpg,ypsilon,1,0
ypsilon/1/0/38.jpg,ypsilon,1,0
ypsilon/1/0/39.jpg,ypsilon,1,0
ypsilon/1/0/4.jpg,ypsilon,1,0
ypsilon/1/0/40.jpg,ypsilon,1,0
ypsilon/1/0/41.jpg,ypsilon,1,0
ypsilon/1/0/42.jpg,ypsilon,1,0
ypsilon/1/0/43.jpg,ypsilon,1,0
ypsilon/1/0/44.jpg,ypsilon,1,0
ypsilon/1/0/45.jpg,ypsilon,1,0
ypsilon/1/0/46.jpg,ypsilon,1,0
ypsilon/1/0/47.jpg,ypsilon,1,0
ypsilon/1/0/48.jpg,ypsilon,1,0
ypsilon/1/0/49.jpg,ypsilon,1,0
ypsilon/1/0/5.jpg,ypsilon,1,0
ypsilon/1/0/50.jpg,ypsilon,1,0
ypsilon/1/0/51.jpg,ypsilon,1,0
ypsilon/1/0/52.jpg,ypsilon,1,0
ypsilon/1/0/53.jpg,ypsilon,1,0
ypsilon/1/0/54.jpg,ypsilon,1,0
ypsilon/1/0/55.jpg,ypsilon,1,0
ypsilon/1/0/56.jpg,ypsilon,1,0
ypsilon/1/0/57.jpg,ypsilon,1,0
ypsilon/1/0/58.jpg,ypsilon,1,0
ypsilon/1/0/59.jpg,ypsilon,1,0
ypsilon/1/0/6.jpg,ypsilon,1,0
ypsilon/1/0/60.jpg,ypsilon,1,0
ypsilon/1/0/61.jpg,ypsilon,1,0
ypsilon/1/0/62.jpg,ypsilon,1,0
ypsilon/1/0/63.jpg,ypsilon,1,0
ypsilon/1/0/64.jpg,ypsilon,1,0
ypsilon/1/0/65.jpg,ypsilon,1,0
ypsilon/1/0/66.jpg,ypsilon,1,0
ypsilon/1/0/67.jpg,ypsilon,1,0
ypsilon/1/0/68.jpg,ypsilon,1,0
ypsilon/1/0/69.jpg,ypsilon,1,0
ypsilon/1/0/7.jpg,ypsilon,1,0
ypsilon/1/0/70.jpg,ypsilon,1,0
ypsilon/1/0/71.jpg,ypsilon,1,0
ypsilon/1/0/72.jpg,ypsilon,1,0
ypsilon/1/0/73.jpg,ypsilon,1,0
ypsilon/1/0/74.jpg,ypsilon,1,0
ypsilon/1/0/75.jpg,ypsilon,1,0
ypsilon/1/0/76.jpg,ypsilon,1,0
ypsilon/1/0/77.jpg,ypsilon,1,0
ypsilon/1/0/78.jpg,ypsilon,1,0
ypsilon/1/0/79.jpg,ypsilon,1,0
ypsilon/1/0/8.jpg,ypsilon,1,0
ypsilon/1/0/80.jpg,ypsilon,1,0
ypsilon/1/0/81.jpg,ypsilon,1,0
ypsilon/1/0/82.jpg,ypsilon,1,0
ypsilon/1/0/83.jpg,ypsilon,1,0
ypsilon/1/0/84.jpg,ypsilon,1,0
ypsilon/1/0/85.jpg,ypsilon,1,0
ypsilon/1/0/86.jpg,ypsilon,1,0
ypsilon/1/0/87.jpg,ypsilon,1,0
ypsilon/1/0/88.jpg,ypsilon,1,0
ypsilon/1/0/89.jpg,ypsilon,1,0
ypsilon/1/0/9.jpg,ypsilon,1,0
ypsilon/1/0/90.jpg,ypsilon,1,0
ypsilon/1/0/91.jpg,ypsilon,1,0
ypsilon/1/0/92.jpg,ypsilon,1,0
ypsilon/1/0/93.jpg,ypsilon,1,0
ypsilon/1/0/94.jpg,ypsilon,1,0
ypsilon/1/0/95.jpg,ypsilon,1,0
ypsilon/1/0/96.jpg,ypsilon,1,0
ypsilon/1/0/97.jpg,ypsilon,1,0
ypsilon/1/0/98.jpg,ypsilon,1,0
ypsilon/1/0/99.jpg,ypsilon,1,0
ypsilon/1/1/1.jpg,ypsilon,1,1
ypsilon/1/1/10.jpg,ypsilon,1,1
ypsilon/1/1/100.jpg,ypsilon,1,1
ypsilon/1/1/101.jpg,ypsilon,1,1
ypsilon/1/1/102.jpg,ypsilon,1,1
ypsilon/1/1/103.jpg,ypsilon,1,1
ypsilon/1/1/104.jpg,ypsilon,1,1
ypsilon/1/1/105.jpg,ypsilon,1,1
ypsilon/1/1/106.jpg,ypsilon,1,1
ypsilon/1/1/107.jpg,ypsilon,1,1
ypsilon/1/1/108.jpg,ypsilon,1,1
ypsilon/1/1/109.jpg,ypsilon,1,1
ypsilon/1/1/11.jpg,ypsilon,1,1
ypsilon/1/1/110.jpg,ypsilon,1,1
ypsilon/1/1/111.jpg,ypsilon,1,1
ypsilon/1/1/112.jpg,ypsilon,1,1
ypsilon/1/1/113.jpg,ypsilon,1,1
ypsilon/1/1/114.jpg,ypsilon,1,1
ypsilon/1/1/115.jpg,ypsilon,1,1
ypsilon/1/1/116.jpg,ypsilon,1,1
ypsilon/1/1/117.jpg,ypsilon,1,1
ypsilon/1/1/118.jpg,ypsilon,1,1
ypsilon/1/1/119.jpg,ypsilon,1,1
ypsilon/1/1/12.jpg,ypsilon,1,1
ypsilon/1/1/120.jpg,ypsilon,1,1
ypsilon/1/1/121.jpg,ypsilon,1,1
ypsilon/1/1/122.jpg,ypsilon,1,1
ypsilon/1/1/123.jpg,ypsilon,1,1
ypsilon/1/1/124.jpg,ypsilon,1,1
ypsilon/1/1/125.jpg,ypsilon,1,1
ypsilon/1/1/126.jpg,ypsilon,1,1
ypsilon/1/1/127.jpg,ypsilon,1,1
ypsilon/1/1/128.jpg,ypsilon,1,1
ypsilon/1/1/129.jpg,ypsilon,1,1
ypsilon/1/1/13.jpg,ypsilon,1,1
ypsilon/1/1/130.jpg,ypsilon,1,1
ypsilon/1/1/131.jpg,ypsilon,1,1
ypsilon/1/1/132.jpg,ypsilon,1,1
ypsilon/1/1/133.jpg,ypsilon,1,1
ypsilon/1/1/134.jpg,ypsilon,1,1
ypsilon/1/1/135.jpg,ypsilon,1,1
ypsilon/1/1/136.jpg,ypsilon,1,1
ypsilon/1/1/137.jpg,ypsilon,1,1
ypsilon/1/1/138.jpg,ypsilon,1,1
ypsilon/1/1/139.jpg,ypsilon,1,1
ypsilon/1/1/14.jpg,ypsilon,1,1
ypsilon/1/1/140.jpg,ypsilon,1,1
ypsilon/1/1/141.jpg,ypsilon,1,1
ypsilon/1/1/142.jpg,ypsilon,1,1
ypsilon/1/1/143.jpg,ypsilon,1,1
ypsilon/1/1/144.jpg,ypsilon,1,1
ypsilon/1/1/145.jpg,ypsilon,1,1
ypsilon/1/1/146.jpg,ypsilon,1,1
ypsilon/1/1/147.jpg,ypsilon,1,1
ypsilon/1/1/148.jpg,ypsilon,1,1
ypsilon/1/1/149.jpg,ypsilon,1,1
ypsilon/1/1/15.jpg,ypsilon,1,1
ypsilon/1/1/150.jpg,ypsilon,1,1
ypsilon/1/1/151.jpg,ypsilon,1,1
ypsilon/1/1/152.jpg,ypsilon,1,1
ypsilon/1/1/153.jpg,ypsilon,1,1
ypsilon/1/1/154.jpg,ypsilon,1,1
ypsilon/1/1/155.jpg,ypsilon,1,1
ypsilon/1/1/156.jpg,ypsilon,1,1
ypsilon/1/1/157.jpg,ypsilon,1,1
ypsilon/1/1/158.jpg,ypsilon,1,1
ypsilon/1/1/159.jpg,ypsilon,1,1
ypsilon/1/1/16.jpg,ypsilon,1,1
ypsilon/1/1/160.jpg,ypsilon,1,1
ypsilon/1/1/161.jpg,ypsilon,1,1
ypsilon/1/1/162.jpg,ypsilon,1,1
ypsilon/1/1/163.jpg,ypsilon,1,1
ypsilon/1/1/164.jpg,ypsilon,1,1
ypsilon/1/1/165.jpg,ypsilon,1,1
ypsilon/1/1/166.jpg,ypsilon,1,1
ypsilon/1/1/167.jpg,ypsilon,1,1
ypsilon/1/1/168.jpg,ypsilon,1,1
ypsilon/1/1/169.jpg,ypsilon,1,1
ypsilon/1/1/17.jpg,ypsilon,1,1
ypsilon/1/1/170.jpg,ypsilon,1,1
ypsilon/1/1/171.jpg,ypsilon,1,1
ypsilon/1/1/172.jpg,ypsilon,1,1
ypsilon/1/1/173.jpg,ypsilon,1,1
ypsilon/1/1/174.jpg,ypsilon,1,1
ypsilon/1/1/175.jpg,ypsilon,1,1
ypsilon/1/1/176.jpg,ypsilon,1,1
ypsilon/1/1/177.jpg,ypsilon,1,1
ypsilon/1/1/178.jpg,ypsilon,1,1
ypsilon/1/1/179.jpg,ypsilon,1,1
ypsilon/1/1/18.jpg,ypsilon,1,1
ypsilon/1/1/180.jpg,ypsilon,1,1
ypsilon/1/1/181.jpg,ypsilon,1,1
ypsilon/1/1/182.jpg,ypsilon,1,1
ypsilon/1/1/183.jpg,ypsilon,1,1
ypsilon/1/1/184.jpg,ypsilon,1,1
ypsilon/1/1/185.jpg,ypsilon,1,1
ypsilon/1/1/186.jpg,ypsilon,1,1
ypsilon/1/1/187.jpg,ypsilon,1,1
ypsilon/1/1/188.jpg,ypsilon,1,1
ypsilon/1/1/189.jpg,ypsilon,1,1
ypsilon/1/1/19.jpg,ypsilon,1,1
ypsilon/1/1/190.jpg,ypsilon,1,1
ypsilon/1/1/191.jpg,ypsilon,1,1
ypsilon/1/1/192.jpg,ypsilon,1,1
ypsilon/1/1/193.jpg,ypsilon,1,1
ypsilon/1/1/194.jpg,ypsilon,1,1
ypsilon/1/1/195.jpg,ypsilon,1,1
ypsilon/1/1/196.jpg,ypsilon,1,1
ypsilon/1/1/197.jpg,ypsilon,1,1
ypsilon/1/1/198.jpg,ypsilon,1,1
ypsilon/1/1/199.jpg,ypsilon,1,1
ypsilon/1/1/2.jpg,ypsilon,1,1
ypsilon/1/1/20.jpg,ypsilon,1,1
ypsilon/1/1/200.jpg,ypsilon,1,1
ypsilon/1/1/21.jpg,ypsilon,1,1
ypsilon/1/1/22.jpg,ypsilon,1,1
ypsilon/1/1/23.jpg,ypsilon,1,1
ypsilon/1/1/24.jpg,ypsilon,1,1
ypsilon/1/1/25.jpg,ypsilon,1,1
ypsilon/1/1/26.jpg,ypsilon,1,1
ypsilon/1/1/27.jpg,ypsilon,1,1
ypsilon/1/1/28.jpg,ypsilon,1,1
ypsilon/1/1/29.jpg,ypsilon,1,1
ypsilon/1/1/3.jpg,ypsilon,1,1
ypsilon/1/1/30.jpg,ypsilon,1,1
ypsilon/1/1/31.jpg,ypsilon,1,1
ypsilon/1/1/32.jpg,ypsilon,1,1
ypsilon/1/1/33.jpg,ypsilon,1,1
ypsilon/1/1/34.jpg,ypsilon,1,1
ypsilon/1/1/35.jpg,ypsilon,1,1
ypsilon/1/1/36.jpg,ypsilon,1,1
ypsilon/1/1/37.jpg,ypsilon,1,1
ypsilon/1/1/38.jpg,ypsilon,1,1
ypsilon/1/1/39.jpg,ypsilon,1,1
ypsilon/1/1/4.jpg,ypsilon,1,1
ypsilon/1/1/40.jpg,ypsilon,1,1
ypsilon/1/1/41.jpg,ypsilon,1,1
ypsilon/1/1/42.jpg,ypsilon,1,1
ypsilon/1/1/43.jpg,ypsilon,1,1
ypsilon/1/1/44.jpg,ypsilon,1,1
ypsilon/1/1/45.jpg,ypsilon,1,1
ypsilon/1/1/46.jpg,ypsilon,1,1
ypsilon/1/1/47.jpg,ypsilon,1,1
ypsilon/1/1/48.jpg,ypsilon,1,1
ypsilon/1/1/49.jpg,ypsilon,1,1
ypsilon/1/1/5.jpg,ypsilon,1,1
ypsilon/1/1/50.jpg,ypsilon,1,1
ypsilon/1/1/51.jpg,ypsilon,1,1
ypsilon/1/1/52.jpg,ypsilon,1,1
ypsilon/1/1/53.jpg,ypsilon,1,1
ypsilon/1/1/54.jpg,ypsilon,1,1
ypsilon/1/1/55.jpg,ypsilon,1,1
ypsilon/1/1/56.jpg,ypsilon,1,1
ypsilon/1/1/57.jpg,ypsilon,1,1
ypsilon/1/1/58.jpg,ypsilon,1,1
ypsilon/1/1/59.jpg,ypsilon,1,1
ypsilon/1/1/6.jpg,ypsilon,1,1
ypsilon/1/1/60.jpg,ypsilon,1,1
ypsilon/1/1/61.jpg,ypsilon,1,1
ypsilon/1/1/62.jpg,ypsilon,1,1
ypsilon/1/1/63.jpg,ypsilon,1,1
ypsilon/1/1/64.jpg,ypsilon,1,1
ypsilon/1/1/65.jpg,ypsilon,1,1
ypsilon/1/1/66.jpg,ypsilon,1,1
ypsilon/1/1/67.jpg,ypsilon,1,1
ypsilon/1/1/68.jpg,ypsilon,1,1
ypsilon/1/1/69.jpg,ypsilon,1,1
ypsilon/1/1/7.jpg,ypsilon,1,1
ypsilon/1/1/70.jpg,ypsilon,1,1
ypsilon/1/1/71.jpg,ypsilon,1,1
ypsilon/1/1/72.jpg,ypsilon,1,1
ypsilon/1/1/73.jpg,ypsilon,1,1
ypsilon/1/1/74.jpg,ypsilon,1,1
ypsilon/1/1/75.jpg,ypsilon,1,1
ypsilon/1/1/76.jpg,ypsilon,1,1
ypsilon/1/1/77.jpg,ypsilon,1,1
ypsilon/1/1/78.jpg,ypsilon,1,1
ypsilon/1/1/79.jpg,ypsilon,1,1
ypsilon/1/1/8.jpg,ypsilon,1,1
ypsilon/1/1/80.jpg,ypsilon,1,1
ypsilon/1/1/81.jpg,ypsilon,1,1
ypsilon/1/1/82.jpg,ypsilon,1,1
ypsilon/1/1/83.jpg,ypsilon,1,1
ypsilon/1/1/84.jpg,ypsilon,1,1
ypsilon/1/1/85.jpg,ypsilon,1,1
ypsilon/1/1/86.jpg,ypsilon,1,1
ypsilon/1/1/87.jpg,ypsilon,1,1
ypsilon/1/1/88.jpg,ypsilon,1,1
ypsilon/1/1/89.jpg,ypsilon,1,1
ypsilon/1/1/9.jpg,ypsilon,1,1
ypsilon/1/1/90.jpg,ypsilon,1,1
ypsilon/1/1/91.jpg,ypsilon,1,1
ypsilon/1/1/92.jpg,ypsilon,1,1
ypsilon/1/1/93.jpg,ypsilon,1,1
ypsilon/1/1/94.jpg,ypsilon,1,1
ypsilon/1/1/95.jpg,ypsilon,1,1
ypsilon/1/1/96.jpg,ypsilon,1,1
ypsilon/1/1/97.jpg,ypsilon,1,1
ypsilon/1/1/98.jpg,ypsilon,1,1
ypsilon/1/1/99.jpg,ypsilon,1,1
ypsilon/1/2/1.jpg,ypsilon,1,2
ypsilon/1/2/10.jpg,ypsilon,1,2
ypsilon/1/2/100.jpg,ypsilon,1,2
ypsilon/1/2/101.jpg,ypsilon,1,2
ypsilon/1/2/102.jpg,ypsilon,1,2
ypsilon/1/2/103.jpg,ypsilon,1,2
ypsilon/1/2/104.jpg,ypsilon,1,2
ypsilon/1/2/105.jpg,ypsilon,1,2
ypsilon/1/2/106.jpg,ypsilon,1,2
ypsilon/1/2/107.jpg,ypsilon,1,2
ypsilon/1/2/108.jpg,ypsilon,1,2
ypsilon/1/2/109.jpg,ypsilon,1,2
ypsilon/1/2/11.jpg,ypsilon,1,2
ypsilon/1/2/110.jpg,ypsilon,1,2
ypsilon/1/2/111.jpg,ypsilon,1,2
ypsilon/1/2/112.jpg,ypsilon,1,2
ypsilon/1/2/113.jpg,ypsilon,1,2
ypsilon/1/2/114.jpg,ypsilon,1,2
ypsilon/1/2/115.jpg,ypsilon,1,2
ypsilon/1/2/116.jpg,ypsilon,1,2
ypsilon/1/2/117.jpg,ypsilon,1,2
ypsilon/1/2/118.jpg,ypsilon,1,2
ypsilon/1/2/119.jpg,ypsilon,1,2
ypsilon/1/2/12.jpg,ypsilon,1,2
ypsilon/1/2/120.jpg,ypsilon,1,2
ypsilon/1/2/121.jpg,ypsilon,1,2
ypsilon/1/2/122.jpg,ypsilon,1,2
ypsilon/1/2/123.jpg,ypsilon,1,2
ypsilon/1/2/124.jpg,ypsilon,1,2
ypsilon/1/2/125.jpg,ypsilon,1,2
ypsilon/1/2/126.jpg,ypsilon,1,2
ypsilon/1/2/127.jpg,ypsilon,1,2
ypsilon/1/2/128.jpg,ypsilon,1,2
ypsilon/1/2/129.jpg,ypsilon,1,2
ypsilon/1/2/13.jpg,ypsilon,1,2
ypsilon/1/2/130.jpg,ypsilon,1,2
ypsilon/1/2/131.jpg,ypsilon,1,2
ypsilon/1/2/132.jpg,ypsilon,1,2
ypsilon/1/2/133.jpg,ypsilon,1,2
ypsilon/1/2/134.jpg,ypsilon,1,2
ypsilon/1/2/135.jpg,ypsilon,1,2
ypsilon/1/2/136.jpg,ypsilon,1,2
ypsilon/1/2/137.jpg,ypsilon,1,2
ypsilon/1/2/138.jpg,ypsilon,1,2
ypsilon/1/2/139.jpg,ypsilon,1,2
ypsilon/1/2/14.jpg,ypsilon,1,2
ypsilon/1/2/140.jpg,ypsilon,1,2
ypsilon/1/2/141.jpg,ypsilon,1,2
ypsilon/1/2/142.jpg,ypsilon,1,2
ypsilon/1/2/143.jpg,ypsilon,1,2
ypsilon/1/2/144.jpg,ypsilon,1,2
ypsilon/1/2/145.jpg,ypsilon,1,2
ypsilon/1/2/146.jpg,ypsilon,1,2
ypsilon/1/2/147.jpg,ypsilon,1,2
ypsilon/1/2/148.jpg,ypsilon,1,2
ypsilon/1/2/149.jpg,ypsilon,1,2
ypsilon/1/2/15.jpg,ypsilon,1,2
ypsilon/1/2/150.jpg,ypsilon,1,2
ypsilon/1/2/151.jpg,ypsilon,1,2
ypsilon/1/2/152.jpg,ypsilon,1,2
ypsilon/1/2/153.jpg,ypsilon,1,2
ypsilon/1/2/154.jpg,ypsilon,1,2
ypsilon/1/2/155.jpg,ypsilon,1,2
ypsilon/1/2/156.jpg,ypsilon,1,2
ypsilon/1/2/157.jpg,ypsilon,1,2
ypsilon/1/2/158.jpg,ypsilon,1,2
ypsilon/1/2/159.jpg,ypsilon,1,2
ypsilon/1/2/16.jpg,ypsilon,1,2
ypsilon/1/2/160.jpg,ypsilon,1,2
ypsilon/1/2/161.jpg,ypsilon,1,2
ypsilon/1/2/162.jpg,ypsilon,1,2
ypsilon/1/2/163.jpg,ypsilon,1,2
ypsilon/1/2/164.jpg,ypsilon,1,2
ypsilon/1/2/165.jpg,ypsilon,1,2
ypsilon/1/2/166.jpg,ypsilon,1,2
ypsilon/1/2/167.jpg,ypsilon,1,2
ypsilon/1/2/168.jpg,ypsilon,1,2
ypsilon/1/2/169.jpg,ypsilon,1,2
ypsilon/1/2/17.jpg,ypsilon,1,2
ypsilon/1/2/170.jpg,ypsilon,1,2
ypsilon/1/2/171.jpg,ypsilon,1,2
ypsilon/1/2/172.jpg,ypsilon,1,2
ypsilon/1/2/173.jpg,ypsilon,1,2
ypsilon/1/2/174.jpg,ypsilon,1,2
ypsilon/1/2/175.jpg,ypsilon,1,2
ypsilon/1/2/176.jpg,ypsilon,1,2
ypsilon/1/2/177.jpg,ypsilon,1,2
ypsilon/1/2/178.jpg,ypsilon,1,2
ypsilon/1/2/179.jpg,ypsilon,1,2
ypsilon/1/2/18.jpg,ypsilon,1,2
ypsilon/1/2/180.jpg,ypsilon,1,2
ypsilon/1/2/181.jpg,ypsilon,1,2
ypsilon/1/2/182.jpg,ypsilon,1,2
ypsilon/1/2/183.jpg,ypsilon,1,2
ypsilon/1/2/184.jpg,ypsilon,1,2
ypsilon/1/2/185.jpg,ypsilon,1,2
ypsilon/1/2/186.jpg,ypsilon,1,2
ypsilon/1/2/187.jpg,ypsilon,1,2
ypsilon/1/2/188.jpg,ypsilon,1,2
ypsilon/1/2/189.jpg,ypsilon,1,2
ypsilon/1/2/19.jpg,ypsilon,1,2
ypsilon/1/2/190.jpg,ypsilon,1,2
ypsilon/1/2/191.jpg,ypsilon,1,2
ypsilon/1/2/192.jpg,ypsilon,1,2
ypsilon/1/2/193.jpg,ypsilon,1,2
ypsilon/1/2/194.jpg,ypsilon,1,2
ypsilon/1/2/195.jpg,ypsilon,1,2
ypsilon/1/2/196.jpg,ypsilon,1,2
ypsilon/1/2/197.jpg,ypsilon,1,2
ypsilon/1/2/198.jpg,ypsilon,1,2
ypsilon/1/2/199.jpg,ypsilon,1,2
ypsilon/1/2/2.jpg,ypsilon,1,2
ypsilon/1/2/20.jpg,ypsilon,1,2
ypsilon/1/2/200.jpg,ypsilon,1,2
ypsilon/1/2/201.jpg,ypsilon,1,2
ypsilon/1/2/202.jpg,ypsilon,1,2
ypsilon/1/2/203.jpg,ypsilon,1,2
ypsilon/1/2/204.jpg,ypsilon,1,2
ypsilon/1/2/205.jpg,ypsilon,1,2
ypsilon/1/2/206.jpg,ypsilon,1,2
ypsilon/1/2/21.jpg,ypsilon,1,2
ypsilon/1/2/22.jpg,ypsilon,1,2
ypsilon/1/2/23.jpg,ypsilon,1,2
ypsilon/1/2/24.jpg,ypsilon,1,2
ypsilon/1/2/25.jpg,ypsilon,1,2
ypsilon/1/2/26.jpg,ypsilon,1,2
ypsilon/1/2/27.jpg,ypsilon,1,2
ypsilon/1/2/28.jpg,ypsilon,1,2
ypsilon/1/2/29.jpg,ypsilon,1,2
ypsilon/1/2/3.jpg,ypsilon,1,2
ypsilon/1/2/30.jpg,ypsilon,1,2
ypsilon/1/2/31.jpg,ypsilon,1,2
ypsilon/1/2/32.jpg,ypsilon,1,2
ypsilon/1/2/33.jpg,ypsilon,1,2
ypsilon/1/2/34.jpg,ypsilon,1,2
ypsilon/1/2/35.jpg,ypsilon,1,2
ypsilon/1/2/36.jpg,ypsilon,1,2
ypsilon/1/2/37.jpg,ypsilon,1,2
ypsilon/1/2/38.jpg,ypsilon,1,2
ypsilon/1/2/39.jpg,ypsilon,1,2
ypsilon/1/2/4.jpg,ypsilon,1,2
ypsilon/1/2/40.jpg,ypsilon,1,2
ypsilon/1/2/41.jpg,ypsilon,1,2
ypsilon/1/2/42.jpg,ypsilon,1,2
ypsilon/1/2/43.jpg,ypsilon,1,2
ypsilon/1/2/44.jpg,ypsilon,1,2
ypsilon/1/2/45.jpg,ypsilon,1,2
ypsilon/1/2/46.jpg,ypsilon,1,2
ypsilon/1/2/47.jpg,ypsilon,1,2
ypsilon/1/2/48.jpg,ypsilon,1,2
ypsilon/1/2/49.jpg,ypsilon,1,2
ypsilon/1/2/5.jpg,ypsilon,1,2
ypsilon/1/2/50.jpg,ypsilon,1,2
ypsilon/1/2/51.jpg,ypsilon,1,2
ypsilon/1/2/52.jpg,ypsilon,1,2
ypsilon/1/2/53.jpg,ypsilon,1,2
ypsilon/1/2/54.jpg,ypsilon,1,2
ypsilon/1/2/55.jpg,ypsilon,1,2
ypsilon/1/2/56.jpg,ypsilon,1,2
ypsilon/1/2/57.jpg,ypsilon,1,2
ypsilon/1/2/58.jpg,ypsilon,1,2
ypsilon/1/2/59.jpg,ypsilon,1,2
ypsilon/1/2/6.jpg,ypsilon,1,2
ypsilon/1/2/60.jpg,ypsilon,1,2
ypsilon/1/2/61.jpg,ypsilon,1,2
ypsilon/1/2/62.jpg,ypsilon,1,2
ypsilon/1/2/63.jpg,ypsilon,1,2
ypsilon/1/2/64.jpg,ypsilon,1,2
ypsilon/1/2/65.jpg,ypsilon,1,2
ypsilon/1/2/66.jpg,ypsilon,1,2
ypsilon/1/2/67.jpg,ypsilon,1,2
ypsilon/1/2/68.jpg,ypsilon,1,2
ypsilon/1/2/69.jpg,ypsilon,1,2
ypsilon/1/2/7.jpg,ypsilon,1,2
ypsilon/1/2/70.jpg,ypsilon,1,2
ypsilon/1/2/71.jpg,ypsilon,1,2
ypsilon/1/2/72.jpg,ypsilon,1,2
ypsilon/1/2/73.jpg,ypsilon,1,2
ypsilon/1/2/74.jpg,ypsilon,1,2
ypsilon/1/2/75.jpg,ypsilon,1,2
ypsilon/1/2/76.jpg,ypsilon,1,2
ypsilon/1/2/77.jpg,ypsilon,1,2
ypsilon/1/2/78.jpg,ypsilon,1,2
ypsilon/1/2/79.jpg,ypsilon,1,2
ypsilon/1/2/8.jpg,ypsilon,1,2
ypsilon/1/2/80.jpg,ypsilon,1,2
ypsilon/1/2/81.jpg,ypsilon,1,2
ypsilon/1/2/82.jpg,ypsilon,1,2
ypsilon/1/2/83.jpg,ypsilon,1,2
ypsilon/1/2/84.jpg,ypsilon,1,2
ypsilon/1/2/85.jpg,ypsilon,1,2
ypsilon/1/2/86.jpg,ypsilon,1,2
ypsilon/1/2/87.jpg,ypsilon,1,2
ypsilon/1/2/88.jpg,ypsilon,1,2
ypsilon/1/2/89.jpg,ypsilon,1,2
ypsilon/1/2/9.jpg,ypsilon,1,2
ypsilon/1/2/90.jpg,ypsilon,1,2
ypsilon/1/2/91.jpg,ypsilon,1,2
ypsilon/1/2/92.jpg,ypsilon,1,2
ypsilon/1/2/93.jpg,ypsilon,1,2
ypsilon/1/2/94.jpg,ypsilon,1,2
ypsilon/1/2/95.jpg,ypsilon,1,2
ypsilon/1/2/96.jpg,ypsilon,1,2
ypsilon/1/2/97.jpg,ypsilon,1,2
ypsilon/1/2/98.jpg,ypsilon,1,2
ypsilon/1/2/99.jpg,ypsilon,1,2
ypsilon/2/3/1.jpg,ypsilon,2,3
ypsilon/2/3/10.jpg,ypsilon,2,3
ypsilon/2/3/100.jpg,ypsilon,2,3
ypsilon/2/3/101.jpg,ypsilon,2,3
ypsilon/2/3/102.jpg,ypsilon,2,3
ypsilon/2/3/103.jpg,ypsilon,2,3
ypsilon/2/3/104.jpg,ypsilon,2,3
ypsilon/2/3/105.jpg,ypsilon,2,3
ypsilon/2/3/106.jpg,ypsilon,2,3
ypsilon/2/3/107.jpg,ypsilon,2,3
ypsilon/2/3/108.jpg,ypsilon,2,3
ypsilon/2/3/109.jpg,ypsilon,2,3
ypsilon/2/3/11.jpg,ypsilon,2,3
ypsilon/2/3/110.jpg,ypsilon,2,3
ypsilon/2/3/111.jpg,ypsilon,2,3
ypsilon/2/3/112.jpg,ypsilon,2,3
ypsilon/2/3/113.jpg,ypsilon,2,3
ypsilon/2/3/114.jpg,ypsilon,2,3
ypsilon/2/3/115.jpg,ypsilon,2,3
ypsilon/2/3/116.jpg,ypsilon,2,3
ypsilon/2/3/117.jpg,ypsilon,2,3
ypsilon/2/3/118.jpg,ypsilon,2,3
ypsilon/2/3/119.jpg,ypsilon,2,3
ypsilon/2/3/12.jpg,ypsilon,2,3
ypsilon/2/3/120.jpg,ypsilon,2,3
ypsilon/2/3/121.jpg,ypsilon,2,3
ypsilon/2/3/122.jpg,ypsilon,2,3
ypsilon/2/3/123.jpg,ypsilon,2,3
ypsilon/2/3/124.jpg,ypsilon,2,3
ypsilon/2/3/125.jpg,ypsilon,2,3
ypsilon/2/3/126.jpg,ypsilon,2,3
ypsilon/2/3/127.jpg,ypsilon,2,3
ypsilon/2/3/128.jpg,ypsilon,2,3
ypsilon/2/3/129.jpg,ypsilon,2,3
ypsilon/2/3/13.jpg,ypsilon,2,3
ypsilon/2/3/130.jpg,ypsilon,2,3
ypsilon/2/3/131.jpg,ypsilon,2,3
ypsilon/2/3/132.jpg,ypsilon,2,3
ypsilon/2/3/133.jpg,ypsilon,2,3
ypsilon/2/3/134.jpg,ypsilon,2,3
ypsilon/2/3/135.jpg,ypsilon,2,3
ypsilon/2/3/136.jpg,ypsilon,2,3
ypsilon/2/3/137.jpg,ypsilon,2,3
ypsilon/2/3/138.jpg,ypsilon,2,3
ypsilon/2/3/139.jpg,ypsilon,2,3
ypsilon/2/3/14.jpg,ypsilon,2,3
ypsilon/2/3/140.jpg,ypsilon,2,3
ypsilon/2/3/141.jpg,ypsilon,2,3
ypsilon/2/3/142.jpg,ypsilon,2,3
ypsilon/2/3/143.jpg,ypsilon,2,3
ypsilon/2/3/144.jpg,ypsilon,2,3
ypsilon/2/3/145.jpg,ypsilon,2,3
ypsilon/2/3/146.jpg,ypsilon,2,3
ypsilon/2/3/147.jpg,ypsilon,2,3
ypsilon/2/3/148.jpg,ypsilon,2,3
ypsilon/2/3/149.jpg,ypsilon,2,3
ypsilon/2/3/15.jpg,ypsilon,2,3
ypsilon/2/3/150.jpg,ypsilon,2,3
ypsilon/2/3/151.jpg,ypsilon,2,3
ypsilon/2/3/152.jpg,ypsilon,2,3
ypsilon/2/3/153.jpg,ypsilon,2,3
ypsilon/2/3/154.jpg,ypsilon,2,3
ypsilon/2/3/155.jpg,ypsilon,2,3
ypsilon/2/3/156.jpg,ypsilon,2,3
ypsilon/2/3/157.jpg,ypsilon,2,3
ypsilon/2/3/158.jpg,ypsilon,2,3
ypsilon/2/3/159.jpg,ypsilon,2,3
ypsilon/2/3/16.jpg,ypsilon,2,3
ypsilon/2/3/160.jpg,ypsilon,2,3
ypsilon/2/3/161.jpg,ypsilon,2,3
ypsilon/2/3/162.jpg,ypsilon,2,3
ypsilon/2/3/163.jpg,ypsilon,2,3
ypsilon/2/3/164.jpg,ypsilon,2,3
ypsilon/2/3/165.jpg,ypsilon,2,3
ypsilon/2/3/166.jpg,ypsilon,2,3
ypsilon/2/3/167.jpg,ypsilon,2,3
ypsilon/2/3/168.jpg,ypsilon,2,3
ypsilon/2/3/169.jpg,ypsilon,2,3
ypsilon/2/3/17.jpg,ypsilon,2,3
ypsilon/2/3/170.jpg,ypsilon,2,3
ypsilon/2/3/171.jpg,ypsilon,2,3
ypsilon/2/3/172.jpg,ypsilon,2,3
ypsilon/2/3/173.jpg,ypsilon,2,3
ypsilon/2/3/174.jpg,ypsilon,2,3
ypsilon/2/3/175.jpg,ypsilon,2,3
ypsilon/2/3/176.jpg,ypsilon,2,3
ypsilon/2/3/177.jpg,ypsilon,2,3
ypsilon/2/3/178.jpg,ypsilon,2,3
ypsilon/2/3/179.jpg,ypsilon,2,3
ypsilon/2/3/18.jpg,ypsilon,2,3
ypsilon/2/3/180.jpg,ypsilon,2,3
ypsilon/2/3/181.jpg,ypsilon,2,3
ypsilon/2/3/182.jpg,ypsilon,2,3
ypsilon/2/3/183.jpg,ypsilon,2,3
ypsilon/2/3/184.jpg,ypsilon,2,3
ypsilon/2/3/185.jpg,ypsilon,2,3
ypsilon/2/3/186.jpg,ypsilon,2,3
ypsilon/2/3/187.jpg,ypsilon,2,3
ypsilon/2/3/188.jpg,ypsilon,2,3
ypsilon/2/3/189.jpg,ypsilon,2,3
ypsilon/2/3/19.jpg,ypsilon,2,3
ypsilon/2/3/190.jpg,ypsilon,2,3
ypsilon/2/3/191.jpg,ypsilon,2,3
ypsilon/2/3/192.jpg,ypsilon,2,3
ypsilon/2/3/193.jpg,ypsilon,2,3
ypsilon/2/3/194.jpg,ypsilon,2,3
ypsilon/2/3/195.jpg,ypsilon,2,3
ypsilon/2/3/196.jpg,ypsilon,2,3
ypsilon/2/3/197.jpg,ypsilon,2,3
ypsilon/2/3/198.jpg,ypsilon,2,3
ypsilon/2/3/199.jpg,ypsilon,2,3
ypsilon/2/3/2.jpg,ypsilon,2,3
ypsilon/2/3/20.jpg,ypsilon,2,3
ypsilon/2/3/200.jpg,ypsilon,2,3
ypsilon/2/3/201.jpg,ypsilon,2,3
ypsilon/2/3/202.jpg,ypsilon,2,3
ypsilon/2/3/203.jpg,ypsilon,2,3
ypsilon/2/3/204.jpg,ypsilon,2,3
ypsilon/2/3/205.jpg,ypsilon,2,3
ypsilon/2/3/206.jpg,ypsilon,2,3
ypsilon/2/3/21.jpg,ypsilon,2,3
ypsilon/2/3/22.jpg,ypsilon,2,3
ypsilon/2/3/23.jpg,ypsilon,2,3
ypsilon/2/3/24.jpg,ypsilon,2,3
ypsilon/2/3/25.jpg,ypsilon,2,3
ypsilon/2/3/26.jpg,ypsilon,2,3
ypsilon/2/3/27.jpg,ypsilon,2,3
ypsilon/2/3/28.jpg,ypsilon,2,3
ypsilon/2/3/29.jpg,ypsilon,2,3
ypsilon/2/3/3.jpg,ypsilon,2,3
ypsilon/2/3/30.jpg,ypsilon,2,3
ypsilon/2/3/31.jpg,ypsilon,2,3
ypsilon/2/3/32.jpg,ypsilon,2,3
ypsilon/2/3/33.jpg,ypsilon,2,3
ypsilon/2/3/34.jpg,ypsilon,2,3
ypsilon/2/3/35.jpg,ypsilon,2,3
ypsilon/2/3/36.jpg,ypsilon,2,3
ypsilon/2/3/37.jpg,ypsilon,2,3
ypsilon/2/3/38.jpg,ypsilon,2,3
ypsilon/2/3/39.jpg,ypsilon,2,3
ypsilon/2/3/4.jpg,ypsilon,2,3
ypsilon/2/3/40.jpg,ypsilon,2,3
ypsilon/2/3/41.jpg,ypsilon,2,3
ypsilon/2/3/42.jpg,ypsilon,2,3
ypsilon/2/3/43.jpg,ypsilon,2,3
ypsilon/2/3/44.jpg,ypsilon,2,3
ypsilon/2/3/45.jpg,ypsilon,2,3
ypsilon/2/3/46.jpg,ypsilon,2,3
ypsilon/2/3/47.jpg,ypsilon,2,3
ypsilon/2/3/48.jpg,ypsilon,2,3
ypsilon/2/3/49.jpg,ypsilon,2,3
ypsilon/2/3/5.jpg,ypsilon,2,3
ypsilon/2/3/50.jpg,ypsilon,2,3
ypsilon/2/3/51.jpg,ypsilon,2,3
ypsilon/2/3/52.jpg,ypsilon,2,3
ypsilon/2/3/53.jpg,ypsilon,2,3
ypsilon/2/3/54.jpg,ypsilon,2,3
ypsilon/2/3/55.jpg,ypsilon,2,3
ypsilon/2/3/56.jpg,ypsilon,2,3
ypsilon/2/3/57.jpg,ypsilon,2,3
ypsilon/2/3/58.jpg,ypsilon,2,3
ypsilon/2/3/59.jpg,ypsilon,2,3
ypsilon/2/3/6.jpg,ypsilon,2,3
ypsilon/2/3/60.jpg,ypsilon,2,3
ypsilon/2/3/61.jpg,ypsilon,2,3
ypsilon/2/3/62.jpg,ypsilon,2,3
ypsilon/2/3/63.jpg,ypsilon,2,3
ypsilon/2/3/64.jpg,ypsilon,2,3
ypsilon/2/3/65.jpg,ypsilon,2,3
ypsilon/2/3/66.jpg,ypsilon,2,3
ypsilon/2/3/67.jpg,ypsilon,2,3
ypsilon/2/3/68.jpg,ypsilon,2,3
ypsilon/2/3/69.jpg,ypsilon,2,3
ypsilon/2/3/7.jpg,ypsilon,2,3
ypsilon/2/3/70.jpg,ypsilon,2,3
ypsilon/2/3/71.jpg,ypsilon,2,3
ypsilon/2/3/72.jpg,ypsilon,2,3
ypsilon/2/3/73.jpg,ypsilon,2,3
ypsilon/2/3/74.jpg,ypsilon,2,3
ypsilon/2/3/75.jpg,ypsilon,2,3
ypsilon/2/3/76.jpg,ypsilon,2,3
ypsilon/2/3/77.jpg,ypsilon,2,3
ypsilon/2/3/78.jpg,ypsilon,2,3
ypsilon/2/3/79.jpg,ypsilon,2,3
ypsilon/2/3/8.jpg,ypsilon,2,3
ypsilon/2/3/80.jpg,ypsilon,2,3
ypsilon/2/3/81.jpg,ypsilon,2,3
ypsilon/2/3/82.jpg,ypsilon,2,3
ypsilon/2/3/83.jpg,ypsilon,2,3
ypsilon/2/3/84.jpg,ypsilon,2,3
ypsilon/2/3/85.jpg,ypsilon,2,3
ypsilon/2/3/86.jpg,ypsilon,2,3
ypsilon/2/3/87.jpg,ypsilon,2,3
ypsilon/2/3/88.jpg,ypsilon,2,3
ypsilon/2/3/89.jpg,ypsilon,2,3
ypsilon/2/3/9.jpg,ypsilon,2,3
ypsilon/2/3/90.jpg,ypsilon,2,3
ypsilon/2/3/91.jpg,ypsilon,2,3
ypsilon/2/3/92.jpg,ypsilon,2,3
ypsilon/2/3/93.jpg,ypsilon,2,3
ypsilon/2/3/94.jpg,ypsilon,2,3
ypsilon/2/3/95.jpg,ypsilon,2,3
ypsilon/2/3/96.jpg,ypsilon,2,3
ypsilon/2/3/97.jpg,ypsilon,2,3
ypsilon/2/3/98.jpg,ypsilon,2,3
ypsilon/2/3/99.jpg,ypsilon,2,3
ypsilon/2/4/1.jpg,ypsilon,2,4
ypsilon/2/4/10.jpg,ypsilon,2,4
ypsilon/2/4/100.jpg,ypsilon,2,4
ypsilon/2/4/101.jpg,ypsilon,2,4
ypsilon/2/4/102.jpg,ypsilon,2,4
ypsilon/2/4/103.jpg,ypsilon,2,4
ypsilon/2/4/104.jpg,ypsilon,2,4
ypsilon/2/4/105.jpg,ypsilon,2,4
ypsilon/2/4/106.jpg,ypsilon,2,4
ypsilon/2/4/107.jpg,ypsilon,2,4
ypsilon/2/4/108.jpg,ypsilon,2,4
ypsilon/2/4/109.jpg,ypsilon,2,4
ypsilon/2/4/11.jpg,ypsilon,2,4
ypsilon/2/4/110.jpg,ypsilon,2,4
ypsilon/2/4/111.jpg,ypsilon,2,4
ypsilon/2/4/112.jpg,ypsilon,2,4
ypsilon/2/4/113.jpg,ypsilon,2,4
ypsilon/2/4/114.jpg,ypsilon,2,4
ypsilon/2/4/115.jpg,ypsilon,2,4
ypsilon/2/4/116.jpg,ypsilon,2,4
ypsilon/2/4/117.jpg,ypsilon,2,4
ypsilon/2/4/118.jpg,ypsilon,2,4
ypsilon/2/4/119.jpg,ypsilon,2,4
ypsilon/2/4/12.jpg,ypsilon,2,4
ypsilon/2/4/120.jpg,ypsilon,2,4
ypsilon/2/4/121.jpg,ypsilon,2,4
ypsilon/2/4/122.jpg,ypsilon,2,4
ypsilon/2/4/123.jpg,ypsilon,2,4
ypsilon/2/4/124.jpg,ypsilon,2,4
ypsilon/2/4/125.jpg,ypsilon,2,4
ypsilon/2/4/126.jpg,ypsilon,2,4
ypsilon/2/4/127.jpg,ypsilon,2,4
ypsilon/2/4/128.jpg,ypsilon,2,4
ypsilon/2/4/129.jpg,ypsilon,2,4
ypsilon/2/4/13.jpg,ypsilon,2,4
ypsilon/2/4/130.jpg,ypsilon,2,4
ypsilon/2/4/131.jpg,ypsilon,2,4
ypsilon/2/4/132.jpg,ypsilon,2,4
ypsilon/2/4/133.jpg,ypsilon,2,4
ypsilon/2/4/134.jpg,ypsilon,2,4
ypsilon/2/4/135.jpg,ypsilon,2,4
ypsilon/2/4/136.jpg,ypsilon,2,4
ypsilon/2/4/137.jpg,ypsilon,2,4
ypsilon/2/4/138.jpg,ypsilon,2,4
ypsilon/2/4/139.jpg,ypsilon,2,4
ypsilon/2/4/14.jpg,ypsilon,2,4
ypsilon/2/4/140.jpg,ypsilon,2,4
ypsilon/2/4/141.jpg,ypsilon,2,4
ypsilon/2/4/142.jpg,ypsilon,2,4
ypsilon/2/4/143.jpg,ypsilon,2,4
ypsilon/2/4/144.jpg,ypsilon,2,4
ypsilon/2/4/145.jpg,ypsilon,2,4
ypsilon/2/4/146.jpg,ypsilon,2,4
ypsilon/2/4/147.jpg,ypsilon,2,4
ypsilon/2/4/148.jpg,ypsilon,2,4
ypsilon/2/4/149.jpg,ypsilon,2,4
ypsilon/2/4/15.jpg,ypsilon,2,4
ypsilon/2/4/150.jpg,ypsilon,2,4
ypsilon/2/4/151.jpg,ypsilon,2,4
ypsilon/2/4/152.jpg,ypsilon,2,4
ypsilon/2/4/153.jpg,ypsilon,2,4
ypsilon/2/4/154.jpg,ypsilon,2,4
ypsilon/2/4/155.jpg,ypsilon,2,4
ypsilon/2/4/156.jpg,ypsilon,2,4
ypsilon/2/4/157.jpg,ypsilon,2,4
ypsilon/2/4/158.jpg,ypsilon,2,4
ypsilon/2/4/159.jpg,ypsilon,2,4
ypsilon/2/4/16.jpg,ypsilon,2,4
ypsilon/2/4/160.jpg,ypsilon,2,4
ypsilon/2/4/161.jpg,ypsilon,2,4
ypsilon/2/4/162.jpg,ypsilon,2,4
ypsilon/2/4/163.jpg,ypsilon,2,4
ypsilon/2/4/164.jpg,ypsilon,2,4
ypsilon/2/4/165.jpg,ypsilon,2,4
ypsilon/2/4/166.jpg,ypsilon,2,4
ypsilon/2/4/167.jpg,ypsilon,2,4
ypsilon/2/4/168.jpg,ypsilon,2,4
ypsilon/2/4/169.jpg,ypsilon,2,4
ypsilon/2/4/17.jpg,ypsilon,2,4
ypsilon/2/4/170.jpg,ypsilon,2,4
ypsilon/2/4/171.jpg,ypsilon,2,4
ypsilon/2/4/172.jpg,ypsilon,2,4
ypsilon/2/4/173.jpg,ypsilon,2,4
ypsilon/2/4/174.jpg,ypsilon,2,4
ypsilon/2/4/175.jpg,ypsilon,2,4
ypsilon/2/4/176.jpg,ypsilon,2,4
ypsilon/2/4/177.jpg,ypsilon,2,4
ypsilon/2/4/178.jpg,ypsilon,2,4
ypsilon/2/4/179.jpg,ypsilon,2,4
ypsilon/2/4/18.jpg,ypsilon,2,4
ypsilon/2/4/180.jpg,ypsilon,2,4
ypsilon/2/4/181.jpg,ypsilon,2,4
ypsilon/2/4/182.jpg,ypsilon,2,4
ypsilon/2/4/183.jpg,ypsilon,2,4
ypsilon/2/4/184.jpg,ypsilon,2,4
ypsilon/2/4/185.jpg,ypsilon,2,4
ypsilon/2/4/186.jpg,ypsilon,2,4
ypsilon/2/4/187.jpg,ypsilon,2,4
ypsilon/2/4/188.jpg,ypsilon,2,4
ypsilon/2/4/189.jpg,ypsilon,2,4
ypsilon/2/4/19.jpg,ypsilon,2,4
ypsilon/2/4/190.jpg,ypsilon,2,4
ypsilon/2/4/191.jpg,ypsilon,2,4
ypsilon/2/4/192.jpg,ypsilon,2,4
ypsilon/2/4/193.jpg,ypsilon,2,4
ypsilon/2/4/194.jpg,ypsilon,2,4
ypsilon/2/4/195.jpg,ypsilon,2,4
ypsilon/2/4/196.jpg,ypsilon,2,4
ypsilon/2/4/197.jpg,ypsilon,2,4
ypsilon/2/4/198.jpg,ypsilon,2,4
ypsilon/2/4/199.jpg,ypsilon,2,4
ypsilon/2/4/2.jpg,ypsilon,2,4
ypsilon/2/4/20.jpg,ypsilon,2,4
ypsilon/2/4/200.jpg,ypsilon,2,4
ypsilon/2/4/201.jpg,ypsilon,2,4
ypsilon/2/4/202.jpg,ypsilon,2,4
ypsilon/2/4/203.jpg,ypsilon,2,4
ypsilon/2/4/204.jpg,ypsilon,2,4
ypsilon/2/4/205.jpg,ypsilon,2,4
ypsilon/2/4/206.jpg,ypsilon,2,4
ypsilon/2/4/207.jpg,ypsilon,2,4
ypsilon/2/4/208.jpg,ypsilon,2,4
ypsilon/2/4/21.jpg,ypsilon,2,4
ypsilon/2/4/22.jpg,ypsilon,2,4
ypsilon/2/4/23.jpg,ypsilon,2,4
ypsilon/2/4/24.jpg,ypsilon,2,4
ypsilon/2/4/25.jpg,ypsilon,2,4
ypsilon/2/4/26.jpg,ypsilon,2,4
ypsilon/2/4/27.jpg,ypsilon,2,4
ypsilon/2/4/28.jpg,ypsilon,2,4
ypsilon/2/4/29.jpg,ypsilon,2,4
ypsilon/2/4/3.jpg,ypsilon,2,4
ypsilon/2/4/30.jpg,ypsilon,2,4
ypsilon/2/4/31.jpg,ypsilon,2,4
ypsilon/2/4/32.jpg,ypsilon,2,4
ypsilon/2/4/33.jpg,ypsilon,2,4
ypsilon/2/4/34.jpg,ypsilon,2,4
ypsilon/2/4/35.jpg,ypsilon,2,4
ypsilon/2/4/36.jpg,ypsilon,2,4
ypsilon/2/4/37.jpg,ypsilon,2,4
ypsilon/2/4/38.jpg,ypsilon,2,4
ypsilon/2/4/39.jpg,ypsilon,2,4
ypsilon/2/4/4.jpg,ypsilon,2,4
ypsilon/2/4/40.jpg,ypsilon,2,4
ypsilon/2/4/41.jpg,ypsilon,2,4
ypsilon/2/4/42.jpg,ypsilon,2,4
ypsilon/2/4/43.jpg,ypsilon,2,4
ypsilon/2/4/44.jpg,ypsilon,2,4
ypsilon/2/4/45.jpg,ypsilon,2,4
ypsilon/2/4/46.jpg,ypsilon,2,4
ypsilon/2/4/47.jpg,ypsilon,2,4
ypsilon/2/4/48.jpg,ypsilon,2,4
ypsilon/2/4/49.jpg,ypsilon,2,4
ypsilon/2/4/5.jpg,ypsilon,2,4
ypsilon/2/4/50.jpg,ypsilon,2,4
ypsilon/2/4/51.jpg,ypsilon,2,4
ypsilon/2/4/52.jpg,ypsilon,2,4
ypsilon/2/4/53.jpg,ypsilon,2,4
ypsilon/2/4/54.jpg,ypsilon,2,4
ypsilon/2/4/55.jpg,ypsilon,2,4
ypsilon/2/4/56.jpg,ypsilon,2,4
ypsilon/2/4/57.jpg,ypsilon,2,4
ypsilon/2/4/58.jpg,ypsilon,2,4
ypsilon/2/4/59.jpg,ypsilon,2,4
ypsilon/2/4/6.jpg,ypsilon,2,4
ypsilon/2/4/60.jpg,ypsilon,2,4
ypsilon/2/4/61.jpg,ypsilon,2,4
ypsilon/2/4/62.jpg,ypsilon,2,4
ypsilon/2/4/63.jpg,ypsilon,2,4
ypsilon/2/4/64.jpg,ypsilon,2,4
ypsilon/2/4/65.jpg,ypsilon,2,4
ypsilon/2/4/66.jpg,ypsilon,2,4
ypsilon/2/4/67.jpg,ypsilon,2,4
ypsilon/2/4/68.jpg,ypsilon,2,4
ypsilon/2/4/69.jpg,ypsilon,2,4
ypsilon/2/4/7.jpg,ypsilon,2,4
ypsilon/2/4/70.jpg,ypsilon,2,4
ypsilon/2/4/71.jpg,ypsilon,2,4
ypsilon/2/4/72.jpg,ypsilon,2,4
ypsilon/2/4/73.jpg,ypsilon,2,4
ypsilon/2/4/74.jpg,ypsilon,2,4
ypsilon/2/4/75.jpg,ypsilon,2,4
ypsilon/2/4/76.jpg,ypsilon,2,4
ypsilon/2/4/77.jpg,ypsilon,2,4
ypsilon/2/4/78.jpg,ypsilon,2,4
ypsilon/2/4/79.jpg,ypsilon,2,4
ypsilon/2/4/8.jpg,ypsilon,2,4
ypsilon/2/4/80.jpg,ypsilon,2,4
ypsilon/2/4/81.jpg,ypsilon,2,4
ypsilon/2/4/82.jpg,ypsilon,2,4
ypsilon/2/4/83.jpg,ypsilon,2,4
ypsilon/2/4/84.jpg,ypsilon,2,4
ypsilon/2/4/85.jpg,ypsilon,2,4
ypsilon/2/4/86.jpg,ypsilon,2,4
ypsilon/2/4/87.jpg,ypsilon,2,4
ypsilon/2/4/88.jpg,ypsilon,2,4
ypsilon/2/4/89.jpg,ypsilon,2,4
ypsilon/2/4/9.jpg,ypsilon,2,4
ypsilon/2/4/90.jpg,ypsilon,2,4
ypsilon/2/4/91.jpg,ypsilon,2,4
ypsilon/2/4/92.jpg,ypsilon,2,4
ypsilon/2/4/93.jpg,ypsilon,2,4
ypsilon/2/4/94.jpg,ypsilon,2,4
ypsilon/2/4/95.jpg,ypsilon,2,4
ypsilon/2/4/96.jpg,ypsilon,2,4
ypsilon/2/4/97.jpg,ypsilon,2,4
ypsilon/2/4/98.jpg,ypsilon,2,4
ypsilon/2/4/99.jpg,ypsilon,2,4
ypsilon/2/5/1.jpg,ypsilon,2,5
ypsilon/2/5/10.jpg,ypsilon,2,5
ypsilon/2/5/100.jpg,ypsilon,2,5
ypsilon/2/5/101.jpg,ypsilon,2,5
ypsilon/2/5/102.jpg,ypsilon,2,5
ypsilon/2/5/103.jpg,ypsilon,2,5
ypsilon/2/5/104.jpg,ypsilon,2,5
ypsilon/2/5/105.jpg,ypsilon,2,5
ypsilon/2/5/106.jpg,ypsilon,2,5
ypsilon/2/5/107.jpg,ypsilon,2,5
ypsilon/2/5/108.jpg,ypsilon,2,5
ypsilon/2/5/109.jpg,ypsilon,2,5
ypsilon/2/5/11.jpg,ypsilon,2,5
ypsilon/2/5/110.jpg,ypsilon,2,5
ypsilon/2/5/111.jpg,ypsilon,2,5
ypsilon/2/5/112.jpg,ypsilon,2,5
ypsilon/2/5/113.jpg,ypsilon,2,5
ypsilon/2/5/114.jpg,ypsilon,2,5
ypsilon/2/5/115.jpg,ypsilon,2,5
ypsilon/2/5/116.jpg,ypsilon,2,5
ypsilon/2/5/117.jpg,ypsilon,2,5
ypsilon/2/5/118.jpg,ypsilon,2,5
ypsilon/2/5/119.jpg,ypsilon,2,5
ypsilon/2/5/12.jpg,ypsilon,2,5
ypsilon/2/5/120.jpg,ypsilon,2,5
ypsilon/2/5/121.jpg,ypsilon,2,5
ypsilon/2/5/122.jpg,ypsilon,2,5
ypsilon/2/5/123.jpg,ypsilon,2,5
ypsilon/2/5/124.jpg,ypsilon,2,5
ypsilon/2/5/125.jpg,ypsilon,2,5
ypsilon/2/5/126.jpg,ypsilon,2,5
ypsilon/2/5/127.jpg,ypsilon,2,5
ypsilon/2/5/128.jpg,ypsilon,2,5
ypsilon/2/5/129.jpg,ypsilon,2,5
ypsilon/2/5/13.jpg,ypsilon,2,5
ypsilon/2/5/130.jpg,ypsilon,2,5
ypsilon/2/5/131.jpg,ypsilon,2,5
ypsilon/2/5/132.jpg,ypsilon,2,5
ypsilon/2/5/133.jpg,ypsilon,2,5
ypsilon/2/5/134.jpg,ypsilon,2,5
ypsilon/2/5/135.jpg,ypsilon,2,5
ypsilon/2/5/136.jpg,ypsilon,2,5
ypsilon/2/5/137.jpg,ypsilon,2,5
ypsilon/2/5/138.jpg,ypsilon,2,5
ypsilon/2/5/139.jpg,ypsilon,2,5
ypsilon/2/5/14.jpg,ypsilon,2,5
ypsilon/2/5/140.jpg,ypsilon,2,5
ypsilon/2/5/141.jpg,ypsilon,2,5
ypsilon/2/5/142.jpg,ypsilon,2,5
ypsilon/2/5/143.jpg,ypsilon,2,5
ypsilon/2/5/144.jpg,ypsilon,2,5
ypsilon/2/5/145.jpg,ypsilon,2,5
ypsilon/2/5/146.jpg,ypsilon,2,5
ypsilon/2/5/147.jpg,ypsilon,2,5
ypsilon/2/5/148.jpg,ypsilon,2,5
ypsilon/2/5/149.jpg,ypsilon,2,5
ypsilon/2/5/15.jpg,ypsilon,2,5
ypsilon/2/5/150.jpg,ypsilon,2,5
ypsilon/2/5/151.jpg,ypsilon,2,5
ypsilon/2/5/152.jpg,ypsilon,2,5
ypsilon/2/5/153.jpg,ypsilon,2,5
ypsilon/2/5/154.jpg,ypsilon,2,5
ypsilon/2/5/155.jpg,ypsilon,2,5
ypsilon/2/5/156.jpg,ypsilon,2,5
ypsilon/2/5/157.jpg,ypsilon,2,5
ypsilon/2/5/158.jpg,ypsilon,2,5
ypsilon/2/5/159.jpg,ypsilon,2,5
ypsilon/2/5/16.jpg,ypsilon,2,5
ypsilon/2/5/160.jpg,ypsilon,2,5
ypsilon/2/5/161.jpg,ypsilon,2,5
ypsilon/2/5/162.jpg,ypsilon,2,5
ypsilon/2/5/163.jpg,ypsilon,2,5
ypsilon/2/5/164.jpg,ypsilon,2,5
ypsilon/2/5/165.jpg,ypsilon,2,5
ypsilon/2/5/166.jpg,ypsilon,2,5
ypsilon/2/5/167.jpg,ypsilon,2,5
ypsilon/2/5/168.jpg,ypsilon,2,5
ypsilon/2/5/169.jpg,ypsilon,2,5
ypsilon/2/5/17.jpg,ypsilon,2,5
ypsilon/2/5/170.jpg,ypsilon,2,5
ypsilon/2/5/171.jpg,ypsilon,2,5
ypsilon/2/5/172.jpg,ypsilon,2,5
ypsilon/2/5/173.jpg,ypsilon,2,5
ypsilon/2/5/174.jpg,ypsilon,2,5
ypsilon/2/5/175.jpg,ypsilon,2,5
ypsilon/2/5/176.jpg,ypsilon,2,5
ypsilon/2/5/177.jpg,ypsilon,2,5
ypsilon/2/5/178.jpg,ypsilon,2,5
ypsilon/2/5/179.jpg,ypsilon,2,5
ypsilon/2/5/18.jpg,ypsilon,2,5
ypsilon/2/5/180.jpg,ypsilon,2,5
ypsilon/2/5/181.jpg,ypsilon,2,5
ypsilon/2/5/182.jpg,ypsilon,2,5
ypsilon/2/5/183.jpg,ypsilon,2,5
ypsilon/2/5/184.jpg,ypsilon,2,5
ypsilon/2/5/185.jpg,ypsilon,2,5
ypsilon/2/5/186.jpg,ypsilon,2,5
ypsilon/2/5/187.jpg,ypsilon,2,5
ypsilon/2/5/188.jpg,ypsilon,2,5
ypsilon/2/5/189.jpg,ypsilon,2,5
ypsilon/2/5/19.jpg,ypsilon,2,5
ypsilon/2/5/190.jpg,ypsilon,2,5
ypsilon/2/5/191.jpg,ypsilon,2,5
ypsilon/2/5/192.jpg,ypsilon,2,5
ypsilon/2/5/193.jpg,ypsilon,2,5
ypsilon/2/5/194.jpg,ypsilon,2,5
ypsilon/2/5/195.jpg,ypsilon,2,5
ypsilon/2/5/196.jpg,ypsilon,2,5
ypsilon/2/5/197.jpg,ypsilon,2,5
ypsilon/2/5/198.jpg,ypsilon,2,5
ypsilon/2/5/199.jpg,ypsilon,2,5
ypsilon/2/5/2.jpg,ypsilon,2,5
ypsilon/2/5/20.jpg,ypsilon,2,5
ypsilon/2/5/200.jpg,ypsilon,2,5
ypsilon/2/5/201.jpg,ypsilon,2,5
ypsilon/2/5/202.jpg,ypsilon,2,5
ypsilon/2/5/203.jpg,ypsilon,2,5
ypsilon/2/5/204.jpg,ypsilon,2,5
ypsilon/2/5/205.jpg,ypsilon,2,5
ypsilon/2/5/206.jpg,ypsilon,2,5
ypsilon/2/5/207.jpg,ypsilon,2,5
ypsilon/2/5/208.jpg,ypsilon,2,5
ypsilon/2/5/209.jpg,ypsilon,2,5
ypsilon/2/5/21.jpg,ypsilon,2,5
ypsilon/2/5/210.jpg,ypsilon,2,5
ypsilon/2/5/211.jpg,ypsilon,2,5
ypsilon/2/5/212.jpg,ypsilon,2,5
ypsilon/2/5/213.jpg,ypsilon,2,5
ypsilon/2/5/214.jpg,ypsilon,2,5
ypsilon/2/5/215.jpg,ypsilon,2,5
ypsilon/2/5/216.jpg,ypsilon,2,5
ypsilon/2/5/217.jpg,ypsilon,2,5
ypsilon/2/5/218.jpg,ypsilon,2,5
ypsilon/2/5/219.jpg,ypsilon,2,5
ypsilon/2/5/22.jpg,ypsilon,2,5
ypsilon/2/5/220.jpg,ypsilon,2,5
ypsilon/2/5/221.jpg,ypsilon,2,5
ypsilon/2/5/222.jpg,ypsilon,2,5
ypsilon/2/5/223.jpg,ypsilon,2,5
ypsilon/2/5/224.jpg,ypsilon,2,5
ypsilon/2/5/225.jpg,ypsilon,2,5
ypsilon/2/5/226.jpg,ypsilon,2,5
ypsilon/2/5/227.jpg,ypsilon,2,5
ypsilon/2/5/228.jpg,ypsilon,2,5
ypsilon/2/5/229.jpg,ypsilon,2,5
ypsilon/2/5/23.jpg,ypsilon,2,5
ypsilon/2/5/230.jpg,ypsilon,2,5
ypsilon/2/5/231.jpg,ypsilon,2,5
ypsilon/2/5/232.jpg,ypsilon,2,5
ypsilon/2/5/233.jpg,ypsilon,2,5
ypsilon/2/5/234.jpg,ypsilon,2,5
ypsilon/2/5/235.jpg,ypsilon,2,5
ypsilon/2/5/236.jpg,ypsilon,2,5
ypsilon/2/5/237.jpg,ypsilon,2,5
ypsilon/2/5/238.jpg,ypsilon,2,5
ypsilon/2/5/239.jpg,ypsilon,2,5
ypsilon/2/5/24.jpg,ypsilon,2,5
ypsilon/2/5/240.jpg,ypsilon,2,5
ypsilon/2/5/241.jpg,ypsilon,2,5
ypsilon/2/5/242.jpg,ypsilon,2,5
ypsilon/2/5/243.jpg,ypsilon,2,5
ypsilon/2/5/244.jpg,ypsilon,2,5
ypsilon/2/5/245.jpg,ypsilon,2,5
ypsilon/2/5/246.jpg,ypsilon,2,5
ypsilon/2/5/247.jpg,ypsilon,2,5
ypsilon/2/5/248.jpg,ypsilon,2,5
ypsilon/2/5/249.jpg,ypsilon,2,5
ypsilon/2/5/25.jpg,ypsilon,2,5
ypsilon/2/5/250.jpg,ypsilon,2,5
ypsilon/2/5/251.jpg,ypsilon,2,5
ypsilon/2/5/252.jpg,ypsilon,2,5
ypsilon/2/5/253.jpg,ypsilon,2,5
ypsilon/2/5/254.jpg,ypsilon,2,5
ypsilon/2/5/255.jpg,ypsilon,2,5
ypsilon/2/5/256.jpg,ypsilon,2,5
ypsilon/2/5/257.jpg,ypsilon,2,5
ypsilon/2/5/258.jpg,ypsilon,2,5
ypsilon/2/5/26.jpg,ypsilon,2,5
ypsilon/2/5/27.jpg,ypsilon,2,5
ypsilon/2/5/28.jpg,ypsilon,2,5
ypsilon/2/5/29.jpg,ypsilon,2,5
ypsilon/2/5/3.jpg,ypsilon,2,5
ypsilon/2/5/30.jpg,ypsilon,2,5
ypsilon/2/5/31.jpg,ypsilon,2,5
ypsilon/2/5/32.jpg,ypsilon,2,5
ypsilon/2/5/33.jpg,ypsilon,2,5
ypsilon/2/5/34.jpg,ypsilon,2,5
ypsilon/2/5/35.jpg,ypsilon,2,5
ypsilon/2/5/36.jpg,ypsilon,2,5
ypsilon/2/5/37.jpg,ypsilon,2,5
ypsilon/2/5/38.jpg,ypsilon,2,5
ypsilon/2/5/39.jpg,ypsilon,2,5
ypsilon/2/5/4.jpg,ypsilon,2,5
ypsilon/2/5/40.jpg,ypsilon,2,5
ypsilon/2/5/41.jpg,ypsilon,2,5
ypsilon/2/5/42.jpg,ypsilon,2,5
ypsilon/2/5/43.jpg,ypsilon,2,5
ypsilon/2/5/44.jpg,ypsilon,2,5
ypsilon/2/5/45.jpg,ypsilon,2,5
ypsilon/2/5/46.jpg,ypsilon,2,5
ypsilon/2/5/47.jpg,ypsilon,2,5
ypsilon/2/5/48.jpg,ypsilon,2,5
ypsilon/2/5/49.jpg,ypsilon,2,5
ypsilon/2/5/5.jpg,ypsilon,2,5
ypsilon/2/5/50.jpg,ypsilon,2,5
ypsilon/2/5/51.jpg,ypsilon,2,5
ypsilon/2/5/52.jpg,ypsilon,2,5
ypsilon/2/5/53.jpg,ypsilon,2,5
ypsilon/2/5/54.jpg,ypsilon,2,5
ypsilon/2/5/55.jpg,ypsilon,2,5
ypsilon/2/5/56.jpg,ypsilon,2,5
ypsilon/2/5/57.jpg,ypsilon,2,5
ypsilon/2/5/58.jpg,ypsilon,2,5
ypsilon/2/5/59.jpg,ypsilon,2,5
ypsilon/2/5/6.jpg,ypsilon,2,5
ypsilon/2/5/60.jpg,ypsilon,2,5
ypsilon/2/5/61.jpg,ypsilon,2,5
ypsilon/2/5/62.jpg,ypsilon,2,5
ypsilon/2/5/63.jpg,ypsilon,2,5
ypsilon/2/5/64.jpg,ypsilon,2,5
ypsilon/2/5/65.jpg,ypsilon,2,5
ypsilon/2/5/66.jpg,ypsilon,2,5
ypsilon/2/5/67.jpg,ypsilon,2,5
ypsilon/2/5/68.jpg,ypsilon,2,5
ypsilon/2/5/69.jpg,ypsilon,2,5
ypsilon/2/5/7.jpg,ypsilon,2,5
ypsilon/2/5/70.jpg,ypsilon,2,5
ypsilon/2/5/71.jpg,ypsilon,2,5
ypsilon/2/5/72.jpg,ypsilon,2,5
ypsilon/2/5/73.jpg,ypsilon,2,5
ypsilon/2/5/74.jpg,ypsilon,2,5
ypsilon/2/5/75.jpg,ypsilon,2,5
ypsilon/2/5/76.jpg,ypsilon,2,5
ypsilon/2/5/77.jpg,ypsilon,2,5
ypsilon/2/5/78.jpg,ypsilon,2,5
ypsilon/2/5/79.jpg,ypsilon,2,5
ypsilon/2/5/8.jpg,ypsilon,2,5
ypsilon/2/5/80.jpg,ypsilon,2,5
ypsilon/2/5/81.jpg,ypsilon,2,5
ypsilon/2/5/82.jpg,ypsilon,2,5
ypsilon/2/5/83.jpg,ypsilon,2,5
ypsilon/2/5/84.jpg,ypsilon,2,5
ypsilon/2/5/85.jpg,ypsilon,2,5
ypsilon/2/5/86.jpg,ypsilon,2,5
ypsilon/2/5/87.jpg,ypsilon,2,5
ypsilon/2/5/88.jpg,ypsilon,2,5
ypsilon/2/5/89.jpg,ypsilon,2,5
ypsilon/2/5/9.jpg,ypsilon,2,5
ypsilon/2/5/90.jpg,ypsilon,2,5
ypsilon/2/5/91.jpg,ypsilon,2,5
ypsilon/2/5/92.jpg,ypsilon,2,5
ypsilon/2/5/93.jpg,ypsilon,2,5
ypsilon/2/5/94.jpg,ypsilon,2,5
ypsilon/2/5/95.jpg,ypsilon,2,5
ypsilon/2/5/96.jpg,ypsilon,2,5
ypsilon/2/5/97.jpg,ypsilon,2,5
ypsilon/2/5/98.jpg,ypsilon,2,5
ypsilon/2/5/99.jpg,ypsilon,2,5
ypsilon/3/6/1.jpg,ypsilon,3,6
ypsilon/3/6/10.jpg,ypsilon,3,6
ypsilon/3/6/100.jpg,ypsilon,3,6
ypsilon/3/6/101.jpg,ypsilon,3,6
ypsilon/3/6/102.jpg,ypsilon,3,6
ypsilon/3/6/103.jpg,ypsilon,3,6
ypsilon/3/6/104.jpg,ypsilon,3,6
ypsilon/3/6/105.jpg,ypsilon,3,6
ypsilon/3/6/106.jpg,ypsilon,3,6
ypsilon/3/6/107.jpg,ypsilon,3,6
ypsilon/3/6/108.jpg,ypsilon,3,6
ypsilon/3/6/109.jpg,ypsilon,3,6
ypsilon/3/6/11.jpg,ypsilon,3,6
ypsilon/3/6/110.jpg,ypsilon,3,6
ypsilon/3/6/111.jpg,ypsilon,3,6
ypsilon/3/6/112.jpg,ypsilon,3,6
ypsilon/3/6/113.jpg,ypsilon,3,6
ypsilon/3/6/114.jpg,ypsilon,3,6
ypsilon/3/6/115.jpg,ypsilon,3,6
ypsilon/3/6/116.jpg,ypsilon,3,6
ypsilon/3/6/117.jpg,ypsilon,3,6
ypsilon/3/6/118.jpg,ypsilon,3,6
ypsilon/3/6/119.jpg,ypsilon,3,6
ypsilon/3/6/12.jpg,ypsilon,3,6
ypsilon/3/6/120.jpg,ypsilon,3,6
ypsilon/3/6/121.jpg,ypsilon,3,6
ypsilon/3/6/122.jpg,ypsilon,3,6
ypsilon/3/6/123.jpg,ypsilon,3,6
ypsilon/3/6/124.jpg,ypsilon,3,6
ypsilon/3/6/125.jpg,ypsilon,3,6
ypsilon/3/6/126.jpg,ypsilon,3,6
ypsilon/3/6/127.jpg,ypsilon,3,6
ypsilon/3/6/128.jpg,ypsilon,3,6
ypsilon/3/6/129.jpg,ypsilon,3,6
ypsilon/3/6/13.jpg,ypsilon,3,6
ypsilon/3/6/130.jpg,ypsilon,3,6
ypsilon/3/6/131.jpg,ypsilon,3,6
ypsilon/3/6/132.jpg,ypsilon,3,6
ypsilon/3/6/133.jpg,ypsilon,3,6
ypsilon/3/6/134.jpg,ypsilon,3,6
ypsilon/3/6/135.jpg,ypsilon,3,6
ypsilon/3/6/136.jpg,ypsilon,3,6
ypsilon/3/6/137.jpg,ypsilon,3,6
ypsilon/3/6/138.jpg,ypsilon,3,6
ypsilon/3/6/139.jpg,ypsilon,3,6
ypsilon/3/6/14.jpg,ypsilon,3,6
ypsilon/3/6/140.jpg,ypsilon,3,6
ypsilon/3/6/141.jpg,ypsilon,3,6
ypsilon/3/6/142.jpg,ypsilon,3,6
ypsilon/3/6/143.jpg,ypsilon,3,6
ypsilon/3/6/144.jpg,ypsilon,3,6
ypsilon/3/6/145.jpg,ypsilon,3,6
ypsilon/3/6/146.jpg,ypsilon,3,6
ypsilon/3/6/147.jpg,ypsilon,3,6
ypsilon/3/6/148.jpg,ypsilon,3,6
ypsilon/3/6/149.jpg,ypsilon,3,6
ypsilon/3/6/15.jpg,ypsilon,3,6
ypsilon/3/6/150.jpg,ypsilon,3,6
ypsilon/3/6/151.jpg,ypsilon,3,6
ypsilon/3/6/152.jpg,ypsilon,3,6
ypsilon/3/6/153.jpg,ypsilon,3,6
ypsilon/3/6/154.jpg,ypsilon,3,6
ypsilon/3/6/155.jpg,ypsilon,3,6
ypsilon/3/6/156.jpg,ypsilon,3,6
ypsilon/3/6/157.jpg,ypsilon,3,6
ypsilon/3/6/158.jpg,ypsilon,3,6
ypsilon/3/6/159.jpg,ypsilon,3,6
ypsilon/3/6/16.jpg,ypsilon,3,6
ypsilon/3/6/160.jpg,ypsilon,3,6
ypsilon/3/6/161.jpg,ypsilon,3,6
ypsilon/3/6/162.jpg,ypsilon,3,6
ypsilon/3/6/163.jpg,ypsilon,3,6
ypsilon/3/6/164.jpg,ypsilon,3,6
ypsilon/3/6/165.jpg,ypsilon,3,6
ypsilon/3/6/166.jpg,ypsilon,3,6
ypsilon/3/6/167.jpg,ypsilon,3,6
ypsilon/3/6/168.jpg,ypsilon,3,6
ypsilon/3/6/169.jpg,ypsilon,3,6
ypsilon/3/6/17.jpg,ypsilon,3,6
ypsilon/3/6/170.jpg,ypsilon,3,6
ypsilon/3/6/171.jpg,ypsilon,3,6
ypsilon/3/6/172.jpg,ypsilon,3,6
ypsilon/3/6/173.jpg,ypsilon,3,6
ypsilon/3/6/174.jpg,ypsilon,3,6
ypsilon/3/6/175.jpg,ypsilon,3,6
ypsilon/3/6/176.jpg,ypsilon,3,6
ypsilon/3/6/177.jpg,ypsilon,3,6
ypsilon/3/6/178.jpg,ypsilon,3,6
ypsilon/3/6/179.jpg,ypsilon,3,6
ypsilon/3/6/18.jpg,ypsilon,3,6
ypsilon/3/6/180.jpg,ypsilon,3,6
ypsilon/3/6/181.jpg,ypsilon,3,6
ypsilon/3/6/182.jpg,ypsilon,3,6
ypsilon/3/6/183.jpg,ypsilon,3,6
ypsilon/3/6/184.jpg,ypsilon,3,6
ypsilon/3/6/185.jpg,ypsilon,3,6
ypsilon/3/6/186.jpg,ypsilon,3,6
ypsilon/3/6/187.jpg,ypsilon,3,6
ypsilon/3/6/188.jpg,ypsilon,3,6
ypsilon/3/6/189.jpg,ypsilon,3,6
ypsilon/3/6/19.jpg,ypsilon,3,6
ypsilon/3/6/190.jpg,ypsilon,3,6
ypsilon/3/6/191.jpg,ypsilon,3,6
ypsilon/3/6/192.jpg,ypsilon,3,6
ypsilon/3/6/193.jpg,ypsilon,3,6
ypsilon/3/6/194.jpg,ypsilon,3,6
ypsilon/3/6/195.jpg,ypsilon,3,6
ypsilon/3/6/196.jpg,ypsilon,3,6
ypsilon/3/6/197.jpg,ypsilon,3,6
ypsilon/3/6/198.jpg,ypsilon,3,6
ypsilon/3/6/199.jpg,ypsilon,3,6
ypsilon/3/6/2.jpg,ypsilon,3,6
ypsilon/3/6/20.jpg,ypsilon,3,6
ypsilon/3/6/200.jpg,ypsilon,3,6
ypsilon/3/6/201.jpg,ypsilon,3,6
ypsilon/3/6/202.jpg,ypsilon,3,6
ypsilon/3/6/203.jpg,ypsilon,3,6
ypsilon/3/6/204.jpg,ypsilon,3,6
ypsilon/3/6/205.jpg,ypsilon,3,6
ypsilon/3/6/206.jpg,ypsilon,3,6
ypsilon/3/6/207.jpg,ypsilon,3,6
ypsilon/3/6/208.jpg,ypsilon,3,6
ypsilon/3/6/209.jpg,ypsilon,3,6
ypsilon/3/6/21.jpg,ypsilon,3,6
ypsilon/3/6/210.jpg,ypsilon,3,6
ypsilon/3/6/211.jpg,ypsilon,3,6
ypsilon/3/6/212.jpg,ypsilon,3,6
ypsilon/3/6/213.jpg,ypsilon,3,6
ypsilon/3/6/214.jpg,ypsilon,3,6
ypsilon/3/6/215.jpg,ypsilon,3,6
ypsilon/3/6/216.jpg,ypsilon,3,6
ypsilon/3/6/217.jpg,ypsilon,3,6
ypsilon/3/6/218.jpg,ypsilon,3,6
ypsilon/3/6/219.jpg,ypsilon,3,6
ypsilon/3/6/22.jpg,ypsilon,3,6
ypsilon/3/6/220.jpg,ypsilon,3,6
ypsilon/3/6/221.jpg,ypsilon,3,6
ypsilon/3/6/222.jpg,ypsilon,3,6
ypsilon/3/6/223.jpg,ypsilon,3,6
ypsilon/3/6/224.jpg,ypsilon,3,6
ypsilon/3/6/23.jpg,ypsilon,3,6
ypsilon/3/6/24.jpg,ypsilon,3,6
ypsilon/3/6/25.jpg,ypsilon,3,6
ypsilon/3/6/26.jpg,ypsilon,3,6
ypsilon/3/6/27.jpg,ypsilon,3,6
ypsilon/3/6/28.jpg,ypsilon,3,6
ypsilon/3/6/29.jpg,ypsilon,3,6
ypsilon/3/6/3.jpg,ypsilon,3,6
ypsilon/3/6/30.jpg,ypsilon,3,6
ypsilon/3/6/31.jpg,ypsilon,3,6
ypsilon/3/6/32.jpg,ypsilon,3,6
ypsilon/3/6/33.jpg,ypsilon,3,6
ypsilon/3/6/34.jpg,ypsilon,3,6
ypsilon/3/6/35.jpg,ypsilon,3,6
ypsilon/3/6/36.jpg,ypsilon,3,6
ypsilon/3/6/37.jpg,ypsilon,3,6
ypsilon/3/6/38.jpg,ypsilon,3,6
ypsilon/3/6/39.jpg,ypsilon,3,6
ypsilon/3/6/4.jpg,ypsilon,3,6
ypsilon/3/6/40.jpg,ypsilon,3,6
ypsilon/3/6/41.jpg,ypsilon,3,6
ypsilon/3/6/42.jpg,ypsilon,3,6
ypsilon/3/6/43.jpg,ypsilon,3,6
ypsilon/3/6/44.jpg,ypsilon,3,6
ypsilon/3/6/45.jpg,ypsilon,3,6
ypsilon/3/6/46.jpg,ypsilon,3,6
ypsilon/3/6/47.jpg,ypsilon,3,6
ypsilon/3/6/48.jpg,ypsilon,3,6
ypsilon/3/6/49.jpg,ypsilon,3,6
ypsilon/3/6/5.jpg,ypsilon,3,6
ypsilon/3/6/50.jpg,ypsilon,3,6
ypsilon/3/6/51.jpg,ypsilon,3,6
ypsilon/3/6/52.jpg,ypsilon,3,6
ypsilon/3/6/53.jpg,ypsilon,3,6
ypsilon/3/6/54.jpg,ypsilon,3,6
ypsilon/3/6/55.jpg,ypsilon,3,6
ypsilon/3/6/56.jpg,ypsilon,3,6
ypsilon/3/6/57.jpg,ypsilon,3,6
ypsilon/3/6/58.jpg,ypsilon,3,6
ypsilon/3/6/59.jpg,ypsilon,3,6
ypsilon/3/6/6.jpg,ypsilon,3,6
ypsilon/3/6/60.jpg,ypsilon,3,6
ypsilon/3/6/61.jpg,ypsilon,3,6
ypsilon/3/6/62.jpg,ypsilon,3,6
ypsilon/3/6/63.jpg,ypsilon,3,6
ypsilon/3/6/64.jpg,ypsilon,3,6
ypsilon/3/6/65.jpg,ypsilon,3,6
ypsilon/3/6/66.jpg,ypsilon,3,6
ypsilon/3/6/67.jpg,ypsilon,3,6
ypsilon/3/6/68.jpg,ypsilon,3,6
ypsilon/3/6/69.jpg,ypsilon,3,6
ypsilon/3/6/7.jpg,ypsilon,3,6
ypsilon/3/6/70.jpg,ypsilon,3,6
ypsilon/3/6/71.jpg,ypsilon,3,6
ypsilon/3/6/72.jpg,ypsilon,3,6
ypsilon/3/6/73.jpg,ypsilon,3,6
ypsilon/3/6/74.jpg,ypsilon,3,6
ypsilon/3/6/75.jpg,ypsilon,3,6
ypsilon/3/6/76.jpg,ypsilon,3,6
ypsilon/3/6/77.jpg,ypsilon,3,6
ypsilon/3/6/78.jpg,ypsilon,3,6
ypsilon/3/6/79.jpg,ypsilon,3,6
ypsilon/3/6/8.jpg,ypsilon,3,6
ypsilon/3/6/80.jpg,ypsilon,3,6
ypsilon/3/6/81.jpg,ypsilon,3,6
ypsilon/3/6/82.jpg,ypsilon,3,6
ypsilon/3/6/83.jpg,ypsilon,3,6
ypsilon/3/6/84.jpg,ypsilon,3,6
ypsilon/3/6/85.jpg,ypsilon,3,6
ypsilon/3/6/86.jpg,ypsilon,3,6
ypsilon/3/6/87.jpg,ypsilon,3,6
ypsilon/3/6/88.jpg,ypsilon,3,6
ypsilon/3/6/89.jpg,ypsilon,3,6
ypsilon/3/6/9.jpg,ypsilon,3,6
ypsilon/3/6/90.jpg,ypsilon,3,6
ypsilon/3/6/91.jpg,ypsilon,3,6
ypsilon/3/6/92.jpg,ypsilon,3,6
ypsilon/3/6/93.jpg,ypsilon,3,6
ypsilon/3/6/94.jpg,ypsilon,3,6
ypsilon/3/6/95.jpg,ypsilon,3,6
ypsilon/3/6/96.jpg,ypsilon,3,6
ypsilon/3/6/97.jpg,ypsilon,3,6
ypsilon/3/6/98.jpg,ypsilon,3,6
ypsilon/3/6/99.jpg,ypsilon,3,6
ypsilon/3/7/1.jpg,ypsilon,3,7
ypsilon/3/7/10.jpg,ypsilon,3,7
ypsilon/3/7/100.jpg,ypsilon,3,7
ypsilon/3/7/101.jpg,ypsilon,3,7
ypsilon/3/7/102.jpg,ypsilon,3,7
ypsilon/3/7/103.jpg,ypsilon,3,7
ypsilon/3/7/104.jpg,ypsilon,3,7
ypsilon/3/7/105.jpg,ypsilon,3,7
ypsilon/3/7/106.jpg,ypsilon,3,7
ypsilon/3/7/107.jpg,ypsilon,3,7
ypsilon/3/7/108.jpg,ypsilon,3,7
ypsilon/3/7/109.jpg,ypsilon,3,7
ypsilon/3/7/11.jpg,ypsilon,3,7
ypsilon/3/7/110.jpg,ypsilon,3,7
ypsilon/3/7/111.jpg,ypsilon,3,7
ypsilon/3/7/112.jpg,ypsilon,3,7
ypsilon/3/7/113.jpg,ypsilon,3,7
ypsilon/3/7/114.jpg,ypsilon,3,7
ypsilon/3/7/115.jpg,ypsilon,3,7
ypsilon/3/7/116.jpg,ypsilon,3,7
ypsilon/3/7/117.jpg,ypsilon,3,7
ypsilon/3/7/118.jpg,ypsilon,3,7
ypsilon/3/7/119.jpg,ypsilon,3,7
ypsilon/3/7/12.jpg,ypsilon,3,7
ypsilon/3/7/120.jpg,ypsilon,3,7
ypsilon/3/7/121.jpg,ypsilon,3,7
ypsilon/3/7/122.jpg,ypsilon,3,7
ypsilon/3/7/123.jpg,ypsilon,3,7
ypsilon/3/7/124.jpg,ypsilon,3,7
ypsilon/3/7/125.jpg,ypsilon,3,7
ypsilon/3/7/126.jpg,ypsilon,3,7
ypsilon/3/7/127.jpg,ypsilon,3,7
ypsilon/3/7/128.jpg,ypsilon,3,7
ypsilon/3/7/129.jpg,ypsilon,3,7
ypsilon/3/7/13.jpg,ypsilon,3,7
ypsilon/3/7/130.jpg,ypsilon,3,7
ypsilon/3/7/131.jpg,ypsilon,3,7
ypsilon/3/7/132.jpg,ypsilon,3,7
ypsilon/3/7/133.jpg,ypsilon,3,7
ypsilon/3/7/134.jpg,ypsilon,3,7
ypsilon/3/7/135.jpg,ypsilon,3,7
ypsilon/3/7/136.jpg,ypsilon,3,7
ypsilon/3/7/137.jpg,ypsilon,3,7
ypsilon/3/7/138.jpg,ypsilon,3,7
ypsilon/3/7/139.jpg,ypsilon,3,7
ypsilon/3/7/14.jpg,ypsilon,3,7
ypsilon/3/7/140.jpg,ypsilon,3,7
ypsilon/3/7/141.jpg,ypsilon,3,7
ypsilon/3/7/142.jpg,ypsilon,3,7
ypsilon/3/7/143.jpg,ypsilon,3,7
ypsilon/3/7/144.jpg,ypsilon,3,7
ypsilon/3/7/145.jpg,ypsilon,3,7
ypsilon/3/7/146.jpg,ypsilon,3,7
ypsilon/3/7/147.jpg,ypsilon,3,7
ypsilon/3/7/148.jpg,ypsilon,3,7
ypsilon/3/7/149.jpg,ypsilon,3,7
ypsilon/3/7/15.jpg,ypsilon,3,7
ypsilon/3/7/150.jpg,ypsilon,3,7
ypsilon/3/7/151.jpg,ypsilon,3,7
ypsilon/3/7/152.jpg,ypsilon,3,7
ypsilon/3/7/153.jpg,ypsilon,3,7
ypsilon/3/7/154.jpg,ypsilon,3,7
ypsilon/3/7/155.jpg,ypsilon,3,7
ypsilon/3/7/156.jpg,ypsilon,3,7
ypsilon/3/7/157.jpg,ypsilon,3,7
ypsilon/3/7/158.jpg,ypsilon,3,7
ypsilon/3/7/159.jpg,ypsilon,3,7
ypsilon/3/7/16.jpg,ypsilon,3,7
ypsilon/3/7/160.jpg,ypsilon,3,7
ypsilon/3/7/161.jpg,ypsilon,3,7
ypsilon/3/7/162.jpg,ypsilon,3,7
ypsilon/3/7/163.jpg,ypsilon,3,7
ypsilon/3/7/164.jpg,ypsilon,3,7
ypsilon/3/7/165.jpg,ypsilon,3,7
ypsilon/3/7/166.jpg,ypsilon,3,7
ypsilon/3/7/167.jpg,ypsilon,3,7
ypsilon/3/7/168.jpg,ypsilon,3,7
ypsilon/3/7/169.jpg,ypsilon,3,7
ypsilon/3/7/17.jpg,ypsilon,3,7
ypsilon/3/7/170.jpg,ypsilon,3,7
ypsilon/3/7/171.jpg,ypsilon,3,7
ypsilon/3/7/172.jpg,ypsilon,3,7
ypsilon/3/7/173.jpg,ypsilon,3,7
ypsilon/3/7/174.jpg,ypsilon,3,7
ypsilon/3/7/175.jpg,ypsilon,3,7
ypsilon/3/7/176.jpg,ypsilon,3,7
ypsilon/3/7/177.jpg,ypsilon,3,7
ypsilon/3/7/178.jpg,ypsilon,3,7
ypsilon/3/7/179.jpg,ypsilon,3,7
ypsilon/3/7/18.jpg,ypsilon,3,7
ypsilon/3/7/180.jpg,ypsilon,3,7
ypsilon/3/7/181.jpg,ypsilon,3,7
ypsilon/3/7/182.jpg,ypsilon,3,7
ypsilon/3/7/183.jpg,ypsilon,3,7
ypsilon/3/7/184.jpg,ypsilon,3,7
ypsilon/3/7/185.jpg,ypsilon,3,7
ypsilon/3/7/186.jpg,ypsilon,3,7
ypsilon/3/7/187.jpg,ypsilon,3,7
ypsilon/3/7/188.jpg,ypsilon,3,7
ypsilon/3/7/189.jpg,ypsilon,3,7
ypsilon/3/7/19.jpg,ypsilon,3,7
ypsilon/3/7/190.jpg,ypsilon,3,7
ypsilon/3/7/191.jpg,ypsilon,3,7
ypsilon/3/7/192.jpg,ypsilon,3,7
ypsilon/3/7/193.jpg,ypsilon,3,7
ypsilon/3/7/194.jpg,ypsilon,3,7
ypsilon/3/7/195.jpg,ypsilon,3,7
ypsilon/3/7/196.jpg,ypsilon,3,7
ypsilon/3/7/197.jpg,ypsilon,3,7
ypsilon/3/7/198.jpg,ypsilon,3,7
ypsilon/3/7/199.jpg,ypsilon,3,7
ypsilon/3/7/2.jpg,ypsilon,3,7
ypsilon/3/7/20.jpg,ypsilon,3,7
ypsilon/3/7/200.jpg,ypsilon,3,7
ypsilon/3/7/201.jpg,ypsilon,3,7
ypsilon/3/7/202.jpg,ypsilon,3,7
ypsilon/3/7/203.jpg,ypsilon,3,7
ypsilon/3/7/21.jpg,ypsilon,3,7
ypsilon/3/7/22.jpg,ypsilon,3,7
ypsilon/3/7/23.jpg,ypsilon,3,7
ypsilon/3/7/24.jpg,ypsilon,3,7
ypsilon/3/7/25.jpg,ypsilon,3,7
ypsilon/3/7/26.jpg,ypsilon,3,7
ypsilon/3/7/27.jpg,ypsilon,3,7
ypsilon/3/7/28.jpg,ypsilon,3,7
ypsilon/3/7/29.jpg,ypsilon,3,7
ypsilon/3/7/3.jpg,ypsilon,3,7
ypsilon/3/7/30.jpg,ypsilon,3,7
ypsilon/3/7/31.jpg,ypsilon,3,7
ypsilon/3/7/32.jpg,ypsilon,3,7
ypsilon/3/7/33.jpg,ypsilon,3,7
ypsilon/3/7/34.jpg,ypsilon,3,7
ypsilon/3/7/35.jpg,ypsilon,3,7
ypsilon/3/7/36.jpg,ypsilon,3,7
ypsilon/3/7/37.jpg,ypsilon,3,7
ypsilon/3/7/38.jpg,ypsilon,3,7
ypsilon/3/7/39.jpg,ypsilon,3,7
ypsilon/3/7/4.jpg,ypsilon,3,7
ypsilon/3/7/40.jpg,ypsilon,3,7
ypsilon/3/7/41.jpg,ypsilon,3,7
ypsilon/3/7/42.jpg,ypsilon,3,7
ypsilon/3/7/43.jpg,ypsilon,3,7
ypsilon/3/7/44.jpg,ypsilon,3,7
ypsilon/3/7/45.jpg,ypsilon,3,7
ypsilon/3/7/46.jpg,ypsilon,3,7
ypsilon/3/7/47.jpg,ypsilon,3,7
ypsilon/3/7/48.jpg,ypsilon,3,7
ypsilon/3/7/49.jpg,ypsilon,3,7
ypsilon/3/7/5.jpg,ypsilon,3,7
ypsilon/3/7/50.jpg,ypsilon,3,7
ypsilon/3/7/51.jpg,ypsilon,3,7
ypsilon/3/7/52.jpg,ypsilon,3,7
ypsilon/3/7/53.jpg,ypsilon,3,7
ypsilon/3/7/54.jpg,ypsilon,3,7
ypsilon/3/7/55.jpg,ypsilon,3,7
ypsilon/3/7/56.jpg,ypsilon,3,7
ypsilon/3/7/57.jpg,ypsilon,3,7
ypsilon/3/7/58.jpg,ypsilon,3,7
ypsilon/3/7/59.jpg,ypsilon,3,7
ypsilon/3/7/6.jpg,ypsilon,3,7
ypsilon/3/7/60.jpg,ypsilon,3,7
ypsilon/3/7/61.jpg,ypsilon,3,7
ypsilon/3/7/62.jpg,ypsilon,3,7
ypsilon/3/7/63.jpg,ypsilon,3,7
ypsilon/3/7/64.jpg,ypsilon,3,7
ypsilon/3/7/65.jpg,ypsilon,3,7
ypsilon/3/7/66.jpg,ypsilon,3,7
ypsilon/3/7/67.jpg,ypsilon,3,7
ypsilon/3/7/68.jpg,ypsilon,3,7
ypsilon/3/7/69.jpg,ypsilon,3,7
ypsilon/3/7/7.jpg,ypsilon,3,7
ypsilon/3/7/70.jpg,ypsilon,3,7
ypsilon/3/7/71.jpg,ypsilon,3,7
ypsilon/3/7/72.jpg,ypsilon,3,7
ypsilon/3/7/73.jpg,ypsilon,3,7
ypsilon/3/7/74.jpg,ypsilon,3,7
ypsilon/3/7/75.jpg,ypsilon,3,7
ypsilon/3/7/76.jpg,ypsilon,3,7
ypsilon/3/7/77.jpg,ypsilon,3,7
ypsilon/3/7/78.jpg,ypsilon,3,7
ypsilon/3/7/79.jpg,ypsilon,3,7
ypsilon/3/7/8.jpg,ypsilon,3,7
ypsilon/3/7/80.jpg,ypsilon,3,7
ypsilon/3/7/81.jpg,ypsilon,3,7
ypsilon/3/7/82.jpg,ypsilon,3,7
ypsilon/3/7/83.jpg,ypsilon,3,7
ypsilon/3/7/84.jpg,ypsilon,3,7
ypsilon/3/7/85.jpg,ypsilon,3,7
ypsilon/3/7/86.jpg,ypsilon,3,7
ypsilon/3/7/87.jpg,ypsilon,3,7
ypsilon/3/7/88.jpg,ypsilon,3,7
ypsilon/3/7/89.jpg,ypsilon,3,7
ypsilon/3/7/9.jpg,ypsilon,3,7
ypsilon/3/7/90.jpg,ypsilon,3,7
ypsilon/3/7/91.jpg,ypsilon,3,7
ypsilon/3/7/92.jpg,ypsilon,3,7
ypsilon/3/7/93.jpg,ypsilon,3,7
ypsilon/3/7/94.jpg,ypsilon,3,7
ypsilon/3/7/95.jpg,ypsilon,3,7
ypsilon/3/7/96.jpg,ypsilon,3,7
ypsilon/3/7/97.jpg,ypsilon,3,7
ypsilon/3/7/98.jpg,ypsilon,3,7
ypsilon/3/7/99.jpg,ypsilon,3,7
ypsilon/3/8/1.jpg,ypsilon,3,8
ypsilon/3/8/10.jpg,ypsilon,3,8
ypsilon/3/8/100.jpg,ypsilon,3,8
ypsilon/3/8/101.jpg,ypsilon,3,8
ypsilon/3/8/102.jpg,ypsilon,3,8
ypsilon/3/8/103.jpg,ypsilon,3,8
ypsilon/3/8/104.jpg,ypsilon,3,8
ypsilon/3/8/105.jpg,ypsilon,3,8
ypsilon/3/8/106.jpg,ypsilon,3,8
ypsilon/3/8/107.jpg,ypsilon,3,8
ypsilon/3/8/108.jpg,ypsilon,3,8
ypsilon/3/8/109.jpg,ypsilon,3,8
ypsilon/3/8/11.jpg,ypsilon,3,8
ypsilon/3/8/110.jpg,ypsilon,3,8
ypsilon/3/8/111.jpg,ypsilon,3,8
ypsilon/3/8/112.jpg,ypsilon,3,8
ypsilon/3/8/113.jpg,ypsilon,3,8
ypsilon/3/8/114.jpg,ypsilon,3,8
ypsilon/3/8/115.jpg,ypsilon,3,8
ypsilon/3/8/116.jpg,ypsilon,3,8
ypsilon/3/8/117.jpg,ypsilon,3,8
ypsilon/3/8/118.jpg,ypsilon,3,8
ypsilon/3/8/119.jpg,ypsilon,3,8
ypsilon/3/8/12.jpg,ypsilon,3,8
ypsilon/3/8/120.jpg,ypsilon,3,8
ypsilon/3/8/121.jpg,ypsilon,3,8
ypsilon/3/8/122.jpg,ypsilon,3,8
ypsilon/3/8/123.jpg,ypsilon,3,8
ypsilon/3/8/124.jpg,ypsilon,3,8
ypsilon/3/8/125.jpg,ypsilon,3,8
ypsilon/3/8/126.jpg,ypsilon,3,8
ypsilon/3/8/127.jpg,ypsilon,3,8
ypsilon/3/8/128.jpg,ypsilon,3,8
ypsilon/3/8/129.jpg,ypsilon,3,8
ypsilon/3/8/13.jpg,ypsilon,3,8
ypsilon/3/8/130.jpg,ypsilon,3,8
ypsilon/3/8/131.jpg,ypsilon,3,8
ypsilon/3/8/132.jpg,ypsilon,3,8
ypsilon/3/8/133.jpg,ypsilon,3,8
ypsilon/3/8/134.jpg,ypsilon,3,8
ypsilon/3/8/135.jpg,ypsilon,3,8
ypsilon/3/8/136.jpg,ypsilon,3,8
ypsilon/3/8/137.jpg,ypsilon,3,8
ypsilon/3/8/138.jpg,ypsilon,3,8
ypsilon/3/8/139.jpg,ypsilon,3,8
ypsilon/3/8/14.jpg,ypsilon,3,8
ypsilon/3/8/140.jpg,ypsilon,3,8
ypsilon/3/8/141.jpg,ypsilon,3,8
ypsilon/3/8/142.jpg,ypsilon,3,8
ypsilon/3/8/143.jpg,ypsilon,3,8
ypsilon/3/8/144.jpg,ypsilon,3,8
ypsilon/3/8/145.jpg,ypsilon,3,8
ypsilon/3/8/146.jpg,ypsilon,3,8
ypsilon/3/8/147.jpg,ypsilon,3,8
ypsilon/3/8/148.jpg,ypsilon,3,8
ypsilon/3/8/149.jpg,ypsilon,3,8
ypsilon/3/8/15.jpg,ypsilon,3,8
ypsilon/3/8/150.jpg,ypsilon,3,8
ypsilon/3/8/151.jpg,ypsilon,3,8
ypsilon/3/8/152.jpg,ypsilon,3,8
ypsilon/3/8/153.jpg,ypsilon,3,8
ypsilon/3/8/154.jpg,ypsilon,3,8
ypsilon/3/8/155.jpg,ypsilon,3,8
ypsilon/3/8/156.jpg,ypsilon,3,8
ypsilon/3/8/157.jpg,ypsilon,3,8
ypsilon/3/8/158.jpg,ypsilon,3,8
ypsilon/3/8/159.jpg,ypsilon,3,8
ypsilon/3/8/16.jpg,ypsilon,3,8
ypsilon/3/8/160.jpg,ypsilon,3,8
ypsilon/3/8/161.jpg,ypsilon,3,8
ypsilon/3/8/162.jpg,ypsilon,3,8
ypsilon/3/8/163.jpg,ypsilon,3,8
ypsilon/3/8/164.jpg,ypsilon,3,8
ypsilon/3/8/165.jpg,ypsilon,3,8
ypsilon/3/8/166.jpg,ypsilon,3,8
ypsilon/3/8/167.jpg,ypsilon,3,8
ypsilon/3/8/168.jpg,ypsilon,3,8
ypsilon/3/8/169.jpg,ypsilon,3,8
ypsilon/3/8/17.jpg,ypsilon,3,8
ypsilon/3/8/170.jpg,ypsilon,3,8
ypsilon/3/8/171.jpg,ypsilon,3,8
ypsilon/3/8/172.jpg,ypsilon,3,8
ypsilon/3/8/173.jpg,ypsilon,3,8
ypsilon/3/8/174.jpg,ypsilon,3,8
ypsilon/3/8/175.jpg,ypsilon,3,8
ypsilon/3/8/176.jpg,ypsilon,3,8
ypsilon/3/8/177.jpg,ypsilon,3,8
ypsilon/3/8/178.jpg,ypsilon,3,8
ypsilon/3/8/179.jpg,ypsilon,3,8
ypsilon/3/8/18.jpg,ypsilon,3,8
ypsilon/3/8/180.jpg,ypsilon,3,8
ypsilon/3/8/181.jpg,ypsilon,3,8
ypsilon/3/8/182.jpg,ypsilon,3,8
ypsilon/3/8/183.jpg,ypsilon,3,8
ypsilon/3/8/184.jpg,ypsilon,3,8
ypsilon/3/8/185.jpg,ypsilon,3,8
ypsilon/3/8/186.jpg,ypsilon,3,8
ypsilon/3/8/187.jpg,ypsilon,3,8
ypsilon/3/8/188.jpg,ypsilon,3,8
ypsilon/3/8/189.jpg,ypsilon,3,8
ypsilon/3/8/19.jpg,ypsilon,3,8
ypsilon/3/8/190.jpg,ypsilon,3,8
ypsilon/3/8/191.jpg,ypsilon,3,8
ypsilon/3/8/192.jpg,ypsilon,3,8
ypsilon/3/8/193.jpg,ypsilon,3,8
ypsilon/3/8/194.jpg,ypsilon,3,8
ypsilon/3/8/195.jpg,ypsilon,3,8
ypsilon/3/8/196.jpg,ypsilon,3,8
ypsilon/3/8/197.jpg,ypsilon,3,8
ypsilon/3/8/198.jpg,ypsilon,3,8
ypsilon/3/8/199.jpg,ypsilon,3,8
ypsilon/3/8/2.jpg,ypsilon,3,8
ypsilon/3/8/20.jpg,ypsilon,3,8
ypsilon/3/8/200.jpg,ypsilon,3,8
ypsilon/3/8/201.jpg,ypsilon,3,8
ypsilon/3/8/202.jpg,ypsilon,3,8
ypsilon/3/8/203.jpg,ypsilon,3,8
ypsilon/3/8/204.jpg,ypsilon,3,8
ypsilon/3/8/205.jpg,ypsilon,3,8
ypsilon/3/8/206.jpg,ypsilon,3,8
ypsilon/3/8/207.jpg,ypsilon,3,8
ypsilon/3/8/208.jpg,ypsilon,3,8
ypsilon/3/8/209.jpg,ypsilon,3,8
ypsilon/3/8/21.jpg,ypsilon,3,8
ypsilon/3/8/210.jpg,ypsilon,3,8
ypsilon/3/8/211.jpg,ypsilon,3,8
ypsilon/3/8/212.jpg,ypsilon,3,8
ypsilon/3/8/213.jpg,ypsilon,3,8
ypsilon/3/8/214.jpg,ypsilon,3,8
ypsilon/3/8/215.jpg,ypsilon,3,8
ypsilon/3/8/216.jpg,ypsilon,3,8
ypsilon/3/8/217.jpg,ypsilon,3,8
ypsilon/3/8/218.jpg,ypsilon,3,8
ypsilon/3/8/219.jpg,ypsilon,3,8
ypsilon/3/8/22.jpg,ypsilon,3,8
ypsilon/3/8/220.jpg,ypsilon,3,8
ypsilon/3/8/221.jpg,ypsilon,3,8
ypsilon/3/8/222.jpg,ypsilon,3,8
ypsilon/3/8/23.jpg,ypsilon,3,8
ypsilon/3/8/24.jpg,ypsilon,3,8
ypsilon/3/8/25.jpg,ypsilon,3,8
ypsilon/3/8/26.jpg,ypsilon,3,8
ypsilon/3/8/27.jpg,ypsilon,3,8
ypsilon/3/8/28.jpg,ypsilon,3,8
ypsilon/3/8/29.jpg,ypsilon,3,8
ypsilon/3/8/3.jpg,ypsilon,3,8
ypsilon/3/8/30.jpg,ypsilon,3,8
ypsilon/3/8/31.jpg,ypsilon,3,8
ypsilon/3/8/32.jpg,ypsilon,3,8
ypsilon/3/8/33.jpg,ypsilon,3,8
ypsilon/3/8/34.jpg,ypsilon,3,8
ypsilon/3/8/35.jpg,ypsilon,3,8
ypsilon/3/8/36.jpg,ypsilon,3,8
ypsilon/3/8/37.jpg,ypsilon,3,8
ypsilon/3/8/38.jpg,ypsilon,3,8
ypsilon/3/8/39.jpg,ypsilon,3,8
ypsilon/3/8/4.jpg,ypsilon,3,8
ypsilon/3/8/40.jpg,ypsilon,3,8
ypsilon/3/8/41.jpg,ypsilon,3,8
ypsilon/3/8/42.jpg,ypsilon,3,8
ypsilon/3/8/43.jpg,ypsilon,3,8
ypsilon/3/8/44.jpg,ypsilon,3,8
ypsilon/3/8/45.jpg,ypsilon,3,8
ypsilon/3/8/46.jpg,ypsilon,3,8
ypsilon/3/8/47.jpg,ypsilon,3,8
ypsilon/3/8/48.jpg,ypsilon,3,8
ypsilon/3/8/49.jpg,ypsilon,3,8
ypsilon/3/8/5.jpg,ypsilon,3,8
ypsilon/3/8/50.jpg,ypsilon,3,8
ypsilon/3/8/51.jpg,ypsilon,3,8
ypsilon/3/8/52.jpg,ypsilon,3,8
ypsilon/3/8/53.jpg,ypsilon,3,8
ypsilon/3/8/54.jpg,ypsilon,3,8
ypsilon/3/8/55.jpg,ypsilon,3,8
ypsilon/3/8/56.jpg,ypsilon,3,8
ypsilon/3/8/57.jpg,ypsilon,3,8
ypsilon/3/8/58.jpg,ypsilon,3,8
ypsilon/3/8/59.jpg,ypsilon,3,8
ypsilon/3/8/6.jpg,ypsilon,3,8
ypsilon/3/8/60.jpg,ypsilon,3,8
ypsilon/3/8/61.jpg,ypsilon,3,8
ypsilon/3/8/62.jpg,ypsilon,3,8
ypsilon/3/8/63.jpg,ypsilon,3,8
ypsilon/3/8/64.jpg,ypsilon,3,8
ypsilon/3/8/65.jpg,ypsilon,3,8
ypsilon/3/8/66.jpg,ypsilon,3,8
ypsilon/3/8/67.jpg,ypsilon,3,8
ypsilon/3/8/68.jpg,ypsilon,3,8
ypsilon/3/8/69.jpg,ypsilon,3,8
ypsilon/3/8/7.jpg,ypsilon,3,8
ypsilon/3/8/70.jpg,ypsilon,3,8
ypsilon/3/8/71.jpg,ypsilon,3,8
ypsilon/3/8/72.jpg,ypsilon,3,8
ypsilon/3/8/73.jpg,ypsilon,3,8
ypsilon/3/8/74.jpg,ypsilon,3,8
ypsilon/3/8/75.jpg,ypsilon,3,8
ypsilon/3/8/76.jpg,ypsilon,3,8
ypsilon/3/8/77.jpg,ypsilon,3,8
ypsilon/3/8/78.jpg,ypsilon,3,8
ypsilon/3/8/79.jpg,ypsilon,3,8
ypsilon/3/8/8.jpg,ypsilon,3,8
ypsilon/3/8/80.jpg,ypsilon,3,8
ypsilon/3/8/81.jpg,ypsilon,3,8
ypsilon/3/8/82.jpg,ypsilon,3,8
ypsilon/3/8/83.jpg,ypsilon,3,8
ypsilon/3/8/84.jpg,ypsilon,3,8
ypsilon/3/8/85.jpg,ypsilon,3,8
ypsilon/3/8/86.jpg,ypsilon,3,8
ypsilon/3/8/87.jpg,ypsilon,3,8
ypsilon/3/8/88.jpg,ypsilon,3,8
ypsilon/3/8/89.jpg,ypsilon,3,8
ypsilon/3/8/9.jpg,ypsilon,3,8
ypsilon/3/8/90.jpg,ypsilon,3,8
ypsilon/3/8/91.jpg,ypsilon,3,8
ypsilon/3/8/92.jpg,ypsilon,3,8
ypsilon/3/8/93.jpg,ypsilon,3,8
ypsilon/3/8/94.jpg,ypsilon,3,8
ypsilon/3/8/95.jpg,ypsilon,3,8
ypsilon/3/8/96.jpg,ypsilon,3,8
ypsilon/3/8/97.jpg,ypsilon,3,8
ypsilon/3/8/98.jpg,ypsilon,3,8
ypsilon/3/8/99.jpg,ypsilon,3,8
ypsilon/4/10/1.jpg,ypsilon,4,10
ypsilon/4/10/10.jpg,ypsilon,4,10
ypsilon/4/10/100.jpg,ypsilon,4,10
ypsilon/4/10/101.jpg,ypsilon,4,10
ypsilon/4/10/102.jpg,ypsilon,4,10
ypsilon/4/10/103.jpg,ypsilon,4,10
ypsilon/4/10/104.jpg,ypsilon,4,10
ypsilon/4/10/105.jpg,ypsilon,4,10
ypsilon/4/10/106.jpg,ypsilon,4,10
ypsilon/4/10/107.jpg,ypsilon,4,10
ypsilon/4/10/108.jpg,ypsilon,4,10
ypsilon/4/10/109.jpg,ypsilon,4,10
ypsilon/4/10/11.jpg,ypsilon,4,10
ypsilon/4/10/110.jpg,ypsilon,4,10
ypsilon/4/10/111.jpg,ypsilon,4,10
ypsilon/4/10/112.jpg,ypsilon,4,10
ypsilon/4/10/113.jpg,ypsilon,4,10
ypsilon/4/10/114.jpg,ypsilon,4,10
ypsilon/4/10/115.jpg,ypsilon,4,10
ypsilon/4/10/116.jpg,ypsilon,4,10
ypsilon/4/10/117.jpg,ypsilon,4,10
ypsilon/4/10/118.jpg,ypsilon,4,10
ypsilon/4/10/119.jpg,ypsilon,4,10
ypsilon/4/10/12.jpg,ypsilon,4,10
ypsilon/4/10/120.jpg,ypsilon,4,10
ypsilon/4/10/121.jpg,ypsilon,4,10
ypsilon/4/10/122.jpg,ypsilon,4,10
ypsilon/4/10/123.jpg,ypsilon,4,10
ypsilon/4/10/124.jpg,ypsilon,4,10
ypsilon/4/10/125.jpg,ypsilon,4,10
ypsilon/4/10/126.jpg,ypsilon,4,10
ypsilon/4/10/127.jpg,ypsilon,4,10
ypsilon/4/10/128.jpg,ypsilon,4,10
ypsilon/4/10/129.jpg,ypsilon,4,10
ypsilon/4/10/13.jpg,ypsilon,4,10
ypsilon/4/10/130.jpg,ypsilon,4,10
ypsilon/4/10/131.jpg,ypsilon,4,10
ypsilon/4/10/132.jpg,ypsilon,4,10
ypsilon/4/10/133.jpg,ypsilon,4,10
ypsilon/4/10/134.jpg,ypsilon,4,10
ypsilon/4/10/135.jpg,ypsilon,4,10
ypsilon/4/10/136.jpg,ypsilon,4,10
ypsilon/4/10/137.jpg,ypsilon,4,10
ypsilon/4/10/138.jpg,ypsilon,4,10
ypsilon/4/10/139.jpg,ypsilon,4,10
ypsilon/4/10/14.jpg,ypsilon,4,10
ypsilon/4/10/140.jpg,ypsilon,4,10
ypsilon/4/10/141.jpg,ypsilon,4,10
ypsilon/4/10/142.jpg,ypsilon,4,10
ypsilon/4/10/143.jpg,ypsilon,4,10
ypsilon/4/10/144.jpg,ypsilon,4,10
ypsilon/4/10/145.jpg,ypsilon,4,10
ypsilon/4/10/146.jpg,ypsilon,4,10
ypsilon/4/10/147.jpg,ypsilon,4,10
ypsilon/4/10/148.jpg,ypsilon,4,10
ypsilon/4/10/149.jpg,ypsilon,4,10
ypsilon/4/10/15.jpg,ypsilon,4,10
ypsilon/4/10/150.jpg,ypsilon,4,10
ypsilon/4/10/151.jpg,ypsilon,4,10
ypsilon/4/10/152.jpg,ypsilon,4,10
ypsilon/4/10/153.jpg,ypsilon,4,10
ypsilon/4/10/154.jpg,ypsilon,4,10
ypsilon/4/10/155.jpg,ypsilon,4,10
ypsilon/4/10/156.jpg,ypsilon,4,10
ypsilon/4/10/157.jpg,ypsilon,4,10
ypsilon/4/10/158.jpg,ypsilon,4,10
ypsilon/4/10/159.jpg,ypsilon,4,10
ypsilon/4/10/16.jpg,ypsilon,4,10
ypsilon/4/10/160.jpg,ypsilon,4,10
ypsilon/4/10/161.jpg,ypsilon,4,10
ypsilon/4/10/162.jpg,ypsilon,4,10
ypsilon/4/10/163.jpg,ypsilon,4,10
ypsilon/4/10/164.jpg,ypsilon,4,10
ypsilon/4/10/165.jpg,ypsilon,4,10
ypsilon/4/10/166.jpg,ypsilon,4,10
ypsilon/4/10/167.jpg,ypsilon,4,10
ypsilon/4/10/168.jpg,ypsilon,4,10
ypsilon/4/10/169.jpg,ypsilon,4,10
ypsilon/4/10/17.jpg,ypsilon,4,10
ypsilon/4/10/170.jpg,ypsilon,4,10
ypsilon/4/10/171.jpg,ypsilon,4,10
ypsilon/4/10/172.jpg,ypsilon,4,10
ypsilon/4/10/173.jpg,ypsilon,4,10
ypsilon/4/10/174.jpg,ypsilon,4,10
ypsilon/4/10/175.jpg,ypsilon,4,10
ypsilon/4/10/176.jpg,ypsilon,4,10
ypsilon/4/10/177.jpg,ypsilon,4,10
ypsilon/4/10/178.jpg,ypsilon,4,10
ypsilon/4/10/179.jpg,ypsilon,4,10
ypsilon/4/10/18.jpg,ypsilon,4,10
ypsilon/4/10/180.jpg,ypsilon,4,10
ypsilon/4/10/181.jpg,ypsilon,4,10
ypsilon/4/10/182.jpg,ypsilon,4,10
ypsilon/4/10/183.jpg,ypsilon,4,10
ypsilon/4/10/184.jpg,ypsilon,4,10
ypsilon/4/10/185.jpg,ypsilon,4,10
ypsilon/4/10/186.jpg,ypsilon,4,10
ypsilon/4/10/187.jpg,ypsilon,4,10
ypsilon/4/10/188.jpg,ypsilon,4,10
ypsilon/4/10/189.jpg,ypsilon,4,10
ypsilon/4/10/19.jpg,ypsilon,4,10
ypsilon/4/10/190.jpg,ypsilon,4,10
ypsilon/4/10/191.jpg,ypsilon,4,10
ypsilon/4/10/192.jpg,ypsilon,4,10
ypsilon/4/10/193.jpg,ypsilon,4,10
ypsilon/4/10/194.jpg,ypsilon,4,10
ypsilon/4/10/195.jpg,ypsilon,4,10
ypsilon/4/10/196.jpg,ypsilon,4,10
ypsilon/4/10/197.jpg,ypsilon,4,10
ypsilon/4/10/198.jpg,ypsilon,4,10
ypsilon/4/10/199.jpg,ypsilon,4,10
ypsilon/4/10/2.jpg,ypsilon,4,10
ypsilon/4/10/20.jpg,ypsilon,4,10
ypsilon/4/10/200.jpg,ypsilon,4,10
ypsilon/4/10/201.jpg,ypsilon,4,10
ypsilon/4/10/21.jpg,ypsilon,4,10
ypsilon/4/10/22.jpg,ypsilon,4,10
ypsilon/4/10/23.jpg,ypsilon,4,10
ypsilon/4/10/24.jpg,ypsilon,4,10
ypsilon/4/10/25.jpg,ypsilon,4,10
ypsilon/4/10/26.jpg,ypsilon,4,10
ypsilon/4/10/27.jpg,ypsilon,4,10
ypsilon/4/10/28.jpg,ypsilon,4,10
ypsilon/4/10/29.jpg,ypsilon,4,10
ypsilon/4/10/3.jpg,ypsilon,4,10
ypsilon/4/10/30.jpg,ypsilon,4,10
ypsilon/4/10/31.jpg,ypsilon,4,10
ypsilon/4/10/32.jpg,ypsilon,4,10
ypsilon/4/10/33.jpg,ypsilon,4,10
ypsilon/4/10/34.jpg,ypsilon,4,10
ypsilon/4/10/35.jpg,ypsilon,4,10
ypsilon/4/10/36.jpg,ypsilon,4,10
ypsilon/4/10/37.jpg,ypsilon,4,10
ypsilon/4/10/38.jpg,ypsilon,4,10
ypsilon/4/10/39.jpg,ypsilon,4,10
ypsilon/4/10/4.jpg,ypsilon,4,10
ypsilon/4/10/40.jpg,ypsilon,4,10
ypsilon/4/10/41.jpg,ypsilon,4,10
ypsilon/4/10/42.jpg,ypsilon,4,10
ypsilon/4/10/43.jpg,ypsilon,4,10
ypsilon/4/10/44.jpg,ypsilon,4,10
ypsilon/4/10/45.jpg,ypsilon,4,10
ypsilon/4/10/46.jpg,ypsilon,4,10
ypsilon/4/10/47.jpg,ypsilon,4,10
ypsilon/4/10/48.jpg,ypsilon,4,10
ypsilon/4/10/49.jpg,ypsilon,4,10
ypsilon/4/10/5.jpg,ypsilon,4,10
ypsilon/4/10/50.jpg,ypsilon,4,10
ypsilon/4/10/51.jpg,ypsilon,4,10
ypsilon/4/10/52.jpg,ypsilon,4,10
ypsilon/4/10/53.jpg,ypsilon,4,10
ypsilon/4/10/54.jpg,ypsilon,4,10
ypsilon/4/10/55.jpg,ypsilon,4,10
ypsilon/4/10/56.jpg,ypsilon,4,10
ypsilon/4/10/57.jpg,ypsilon,4,10
ypsilon/4/10/58.jpg,ypsilon,4,10
ypsilon/4/10/59.jpg,ypsilon,4,10
ypsilon/4/10/6.jpg,ypsilon,4,10
ypsilon/4/10/60.jpg,ypsilon,4,10
ypsilon/4/10/61.jpg,ypsilon,4,10
ypsilon/4/10/62.jpg,ypsilon,4,10
ypsilon/4/10/63.jpg,ypsilon,4,10
ypsilon/4/10/64.jpg,ypsilon,4,10
ypsilon/4/10/65.jpg,ypsilon,4,10
ypsilon/4/10/66.jpg,ypsilon,4,10
ypsilon/4/10/67.jpg,ypsilon,4,10
ypsilon/4/10/68.jpg,ypsilon,4,10
ypsilon/4/10/69.jpg,ypsilon,4,10
ypsilon/4/10/7.jpg,ypsilon,4,10
ypsilon/4/10/70.jpg,ypsilon,4,10
ypsilon/4/10/71.jpg,ypsilon,4,10
ypsilon/4/10/72.jpg,ypsilon,4,10
ypsilon/4/10/73.jpg,ypsilon,4,10
ypsilon/4/10/74.jpg,ypsilon,4,10
ypsilon/4/10/75.jpg,ypsilon,4,10
ypsilon/4/10/76.jpg,ypsilon,4,10
ypsilon/4/10/77.jpg,ypsilon,4,10
ypsilon/4/10/78.jpg,ypsilon,4,10
ypsilon/4/10/79.jpg,ypsilon,4,10
ypsilon/4/10/8.jpg,ypsilon,4,10
ypsilon/4/10/80.jpg,ypsilon,4,10
ypsilon/4/10/81.jpg,ypsilon,4,10
ypsilon/4/10/82.jpg,ypsilon,4,10
ypsilon/4/10/83.jpg,ypsilon,4,10
ypsilon/4/10/84.jpg,ypsilon,4,10
ypsilon/4/10/85.jpg,ypsilon,4,10
ypsilon/4/10/86.jpg,ypsilon,4,10
ypsilon/4/10/87.jpg,ypsilon,4,10
ypsilon/4/10/88.jpg,ypsilon,4,10
ypsilon/4/10/89.jpg,ypsilon,4,10
ypsilon/4/10/9.jpg,ypsilon,4,10
ypsilon/4/10/90.jpg,ypsilon,4,10
ypsilon/4/10/91.jpg,ypsilon,4,10
ypsilon/4/10/92.jpg,ypsilon,4,10
ypsilon/4/10/93.jpg,ypsilon,4,10
ypsilon/4/10/94.jpg,ypsilon,4,10
ypsilon/4/10/95.jpg,ypsilon,4,10
ypsilon/4/10/96.jpg,ypsilon,4,10
ypsilon/4/10/97.jpg,ypsilon,4,10
ypsilon/4/10/98.jpg,ypsilon,4,10
ypsilon/4/10/99.jpg,ypsilon,4,10
ypsilon/4/11/1.jpg,ypsilon,4,11
ypsilon/4/11/10.jpg,ypsilon,4,11
ypsilon/4/11/100.jpg,ypsilon,4,11
ypsilon/4/11/101.jpg,ypsilon,4,11
ypsilon/4/11/102.jpg,ypsilon,4,11
ypsilon/4/11/103.jpg,ypsilon,4,11
ypsilon/4/11/104.jpg,ypsilon,4,11
ypsilon/4/11/105.jpg,ypsilon,4,11
ypsilon/4/11/106.jpg,ypsilon,4,11
ypsilon/4/11/107.jpg,ypsilon,4,11
ypsilon/4/11/108.jpg,ypsilon,4,11
ypsilon/4/11/109.jpg,ypsilon,4,11
ypsilon/4/11/11.jpg,ypsilon,4,11
ypsilon/4/11/110.jpg,ypsilon,4,11
ypsilon/4/11/111.jpg,ypsilon,4,11
ypsilon/4/11/112.jpg,ypsilon,4,11
ypsilon/4/11/113.jpg,ypsilon,4,11
ypsilon/4/11/114.jpg,ypsilon,4,11
ypsilon/4/11/115.jpg,ypsilon,4,11
ypsilon/4/11/116.jpg,ypsilon,4,11
ypsilon/4/11/117.jpg,ypsilon,4,11
ypsilon/4/11/118.jpg,ypsilon,4,11
ypsilon/4/11/119.jpg,ypsilon,4,11
ypsilon/4/11/12.jpg,ypsilon,4,11
ypsilon/4/11/120.jpg,ypsilon,4,11
ypsilon/4/11/121.jpg,ypsilon,4,11
ypsilon/4/11/122.jpg,ypsilon,4,11
ypsilon/4/11/123.jpg,ypsilon,4,11
ypsilon/4/11/124.jpg,ypsilon,4,11
ypsilon/4/11/125.jpg,ypsilon,4,11
ypsilon/4/11/126.jpg,ypsilon,4,11
ypsilon/4/11/127.jpg,ypsilon,4,11
ypsilon/4/11/128.jpg,ypsilon,4,11
ypsilon/4/11/129.jpg,ypsilon,4,11
ypsilon/4/11/13.jpg,ypsilon,4,11
ypsilon/4/11/130.jpg,ypsilon,4,11
ypsilon/4/11/131.jpg,ypsilon,4,11
ypsilon/4/11/132.jpg,ypsilon,4,11
ypsilon/4/11/133.jpg,ypsilon,4,11
ypsilon/4/11/134.jpg,ypsilon,4,11
ypsilon/4/11/135.jpg,ypsilon,4,11
ypsilon/4/11/136.jpg,ypsilon,4,11
ypsilon/4/11/137.jpg,ypsilon,4,11
ypsilon/4/11/138.jpg,ypsilon,4,11
ypsilon/4/11/139.jpg,ypsilon,4,11
ypsilon/4/11/14.jpg,ypsilon,4,11
ypsilon/4/11/140.jpg,ypsilon,4,11
ypsilon/4/11/141.jpg,ypsilon,4,11
ypsilon/4/11/142.jpg,ypsilon,4,11
ypsilon/4/11/143.jpg,ypsilon,4,11
ypsilon/4/11/144.jpg,ypsilon,4,11
ypsilon/4/11/145.jpg,ypsilon,4,11
ypsilon/4/11/146.jpg,ypsilon,4,11
ypsilon/4/11/147.jpg,ypsilon,4,11
ypsilon/4/11/148.jpg,ypsilon,4,11
ypsilon/4/11/149.jpg,ypsilon,4,11
ypsilon/4/11/15.jpg,ypsilon,4,11
ypsilon/4/11/150.jpg,ypsilon,4,11
ypsilon/4/11/151.jpg,ypsilon,4,11
ypsilon/4/11/152.jpg,ypsilon,4,11
ypsilon/4/11/153.jpg,ypsilon,4,11
ypsilon/4/11/154.jpg,ypsilon,4,11
ypsilon/4/11/155.jpg,ypsilon,4,11
ypsilon/4/11/156.jpg,ypsilon,4,11
ypsilon/4/11/157.jpg,ypsilon,4,11
ypsilon/4/11/158.jpg,ypsilon,4,11
ypsilon/4/11/159.jpg,ypsilon,4,11
ypsilon/4/11/16.jpg,ypsilon,4,11
ypsilon/4/11/160.jpg,ypsilon,4,11
ypsilon/4/11/161.jpg,ypsilon,4,11
ypsilon/4/11/162.jpg,ypsilon,4,11
ypsilon/4/11/163.jpg,ypsilon,4,11
ypsilon/4/11/164.jpg,ypsilon,4,11
ypsilon/4/11/165.jpg,ypsilon,4,11
ypsilon/4/11/166.jpg,ypsilon,4,11
ypsilon/4/11/167.jpg,ypsilon,4,11
ypsilon/4/11/168.jpg,ypsilon,4,11
ypsilon/4/11/169.jpg,ypsilon,4,11
ypsilon/4/11/17.jpg,ypsilon,4,11
ypsilon/4/11/170.jpg,ypsilon,4,11
ypsilon/4/11/171.jpg,ypsilon,4,11
ypsilon/4/11/172.jpg,ypsilon,4,11
ypsilon/4/11/173.jpg,ypsilon,4,11
ypsilon/4/11/174.jpg,ypsilon,4,11
ypsilon/4/11/175.jpg,ypsilon,4,11
ypsilon/4/11/176.jpg,ypsilon,4,11
ypsilon/4/11/177.jpg,ypsilon,4,11
ypsilon/4/11/178.jpg,ypsilon,4,11
ypsilon/4/11/179.jpg,ypsilon,4,11
ypsilon/4/11/18.jpg,ypsilon,4,11
ypsilon/4/11/180.jpg,ypsilon,4,11
ypsilon/4/11/181.jpg,ypsilon,4,11
ypsilon/4/11/182.jpg,ypsilon,4,11
ypsilon/4/11/183.jpg,ypsilon,4,11
ypsilon/4/11/184.jpg,ypsilon,4,11
ypsilon/4/11/185.jpg,ypsilon,4,11
ypsilon/4/11/186.jpg,ypsilon,4,11
ypsilon/4/11/187.jpg,ypsilon,4,11
ypsilon/4/11/188.jpg,ypsilon,4,11
ypsilon/4/11/189.jpg,ypsilon,4,11
ypsilon/4/11/19.jpg,ypsilon,4,11
ypsilon/4/11/190.jpg,ypsilon,4,11
ypsilon/4/11/191.jpg,ypsilon,4,11
ypsilon/4/11/192.jpg,ypsilon,4,11
ypsilon/4/11/193.jpg,ypsilon,4,11
ypsilon/4/11/194.jpg,ypsilon,4,11
ypsilon/4/11/195.jpg,ypsilon,4,11
ypsilon/4/11/196.jpg,ypsilon,4,11
ypsilon/4/11/197.jpg,ypsilon,4,11
ypsilon/4/11/198.jpg,ypsilon,4,11
ypsilon/4/11/199.jpg,ypsilon,4,11
ypsilon/4/11/2.jpg,ypsilon,4,11
ypsilon/4/11/20.jpg,ypsilon,4,11
ypsilon/4/11/200.jpg,ypsilon,4,11
ypsilon/4/11/201.jpg,ypsilon,4,11
ypsilon/4/11/21.jpg,ypsilon,4,11
ypsilon/4/11/22.jpg,ypsilon,4,11
ypsilon/4/11/23.jpg,ypsilon,4,11
ypsilon/4/11/24.jpg,ypsilon,4,11
ypsilon/4/11/25.jpg,ypsilon,4,11
ypsilon/4/11/26.jpg,ypsilon,4,11
ypsilon/4/11/27.jpg,ypsilon,4,11
ypsilon/4/11/28.jpg,ypsilon,4,11
ypsilon/4/11/29.jpg,ypsilon,4,11
ypsilon/4/11/3.jpg,ypsilon,4,11
ypsilon/4/11/30.jpg,ypsilon,4,11
ypsilon/4/11/31.jpg,ypsilon,4,11
ypsilon/4/11/32.jpg,ypsilon,4,11
ypsilon/4/11/33.jpg,ypsilon,4,11
ypsilon/4/11/34.jpg,ypsilon,4,11
ypsilon/4/11/35.jpg,ypsilon,4,11
ypsilon/4/11/36.jpg,ypsilon,4,11
ypsilon/4/11/37.jpg,ypsilon,4,11
ypsilon/4/11/38.jpg,ypsilon,4,11
ypsilon/4/11/39.jpg,ypsilon,4,11
ypsilon/4/11/4.jpg,ypsilon,4,11
ypsilon/4/11/40.jpg,ypsilon,4,11
ypsilon/4/11/41.jpg,ypsilon,4,11
ypsilon/4/11/42.jpg,ypsilon,4,11
ypsilon/4/11/43.jpg,ypsilon,4,11
ypsilon/4/11/44.jpg,ypsilon,4,11
ypsilon/4/11/45.jpg,ypsilon,4,11
ypsilon/4/11/46.jpg,ypsilon,4,11
ypsilon/4/11/47.jpg,ypsilon,4,11
ypsilon/4/11/48.jpg,ypsilon,4,11
ypsilon/4/11/49.jpg,ypsilon,4,11
ypsilon/4/11/5.jpg,ypsilon,4,11
ypsilon/4/11/50.jpg,ypsilon,4,11
ypsilon/4/11/51.jpg,ypsilon,4,11
ypsilon/4/11/52.jpg,ypsilon,4,11
ypsilon/4/11/53.jpg,ypsilon,4,11
ypsilon/4/11/54.jpg,ypsilon,4,11
ypsilon/4/11/55.jpg,ypsilon,4,11
ypsilon/4/11/56.jpg,ypsilon,4,11
ypsilon/4/11/57.jpg,ypsilon,4,11
ypsilon/4/11/58.jpg,ypsilon,4,11
ypsilon/4/11/59.jpg,ypsilon,4,11
ypsilon/4/11/6.jpg,ypsilon,4,11
ypsilon/4/11/60.jpg,ypsilon,4,11
ypsilon/4/11/61.jpg,ypsilon,4,11
ypsilon/4/11/62.jpg,ypsilon,4,11
ypsilon/4/11/63.jpg,ypsilon,4,11
ypsilon/4/11/64.jpg,ypsilon,4,11
ypsilon/4/11/65.jpg,ypsilon,4,11
ypsilon/4/11/66.jpg,ypsilon,4,11
ypsilon/4/11/67.jpg,ypsilon,4,11
ypsilon/4/11/68.jpg,ypsilon,4,11
ypsilon/4/11/69.jpg,ypsilon,4,11
ypsilon/4/11/7.jpg,ypsilon,4,11
ypsilon/4/11/70.jpg,ypsilon,4,11
ypsilon/4/11/71.jpg,ypsilon,4,11
ypsilon/4/11/72.jpg,ypsilon,4,11
ypsilon/4/11/73.jpg,ypsilon,4,11
ypsilon/4/11/74.jpg,ypsilon,4,11
ypsilon/4/11/75.jpg,ypsilon,4,11
ypsilon/4/11/76.jpg,ypsilon,4,11
ypsilon/4/11/77.jpg,ypsilon,4,11
ypsilon/4/11/78.jpg,ypsilon,4,11
ypsilon/4/11/79.jpg,ypsilon,4,11
ypsilon/4/11/8.jpg,ypsilon,4,11
ypsilon/4/11/80.jpg,ypsilon,4,11
ypsilon/4/11/81.jpg,ypsilon,4,11
ypsilon/4/11/82.jpg,ypsilon,4,11
ypsilon/4/11/83.jpg,ypsilon,4,11
ypsilon/4/11/84.jpg,ypsilon,4,11
ypsilon/4/11/85.jpg,ypsilon,4,11
ypsilon/4/11/86.jpg,ypsilon,4,11
ypsilon/4/11/87.jpg,ypsilon,4,11
ypsilon/4/11/88.jpg,ypsilon,4,11
ypsilon/4/11/89.jpg,ypsilon,4,11
ypsilon/4/11/9.jpg,ypsilon,4,11
ypsilon/4/11/90.jpg,ypsilon,4,11
ypsilon/4/11/91.jpg,ypsilon,4,11
ypsilon/4/11/92.jpg,ypsilon,4,11
ypsilon/4/11/93.jpg,ypsilon,4,11
ypsilon/4/11/94.jpg,ypsilon,4,11
ypsilon/4/11/95.jpg,ypsilon,4,11
ypsilon/4/11/96.jpg,ypsilon,4,11
ypsilon/4/11/97.jpg,ypsilon,4,11
ypsilon/4/11/98.jpg,ypsilon,4,11
ypsilon/4/11/99.jpg,ypsilon,4,11
ypsilon/4/12/1.jpg,ypsilon,4,12
ypsilon/4/12/10.jpg,ypsilon,4,12
ypsilon/4/12/100.jpg,ypsilon,4,12
ypsilon/4/12/101.jpg,ypsilon,4,12
ypsilon/4/12/102.jpg,ypsilon,4,12
ypsilon/4/12/103.jpg,ypsilon,4,12
ypsilon/4/12/104.jpg,ypsilon,4,12
ypsilon/4/12/105.jpg,ypsilon,4,12
ypsilon/4/12/106.jpg,ypsilon,4,12
ypsilon/4/12/107.jpg,ypsilon,4,12
ypsilon/4/12/108.jpg,ypsilon,4,12
ypsilon/4/12/109.jpg,ypsilon,4,12
ypsilon/4/12/11.jpg,ypsilon,4,12
ypsilon/4/12/110.jpg,ypsilon,4,12
ypsilon/4/12/111.jpg,ypsilon,4,12
ypsilon/4/12/112.jpg,ypsilon,4,12
ypsilon/4/12/113.jpg,ypsilon,4,12
ypsilon/4/12/114.jpg,ypsilon,4,12
ypsilon/4/12/115.jpg,ypsilon,4,12
ypsilon/4/12/116.jpg,ypsilon,4,12
ypsilon/4/12/117.jpg,ypsilon,4,12
ypsilon/4/12/118.jpg,ypsilon,4,12
ypsilon/4/12/119.jpg,ypsilon,4,12
ypsilon/4/12/12.jpg,ypsilon,4,12
ypsilon/4/12/120.jpg,ypsilon,4,12
ypsilon/4/12/121.jpg,ypsilon,4,12
ypsilon/4/12/122.jpg,ypsilon,4,12
ypsilon/4/12/123.jpg,ypsilon,4,12
ypsilon/4/12/124.jpg,ypsilon,4,12
ypsilon/4/12/125.jpg,ypsilon,4,12
ypsilon/4/12/126.jpg,ypsilon,4,12
ypsilon/4/12/127.jpg,ypsilon,4,12
ypsilon/4/12/128.jpg,ypsilon,4,12
ypsilon/4/12/129.jpg,ypsilon,4,12
ypsilon/4/12/13.jpg,ypsilon,4,12
ypsilon/4/12/130.jpg,ypsilon,4,12
ypsilon/4/12/131.jpg,ypsilon,4,12
ypsilon/4/12/132.jpg,ypsilon,4,12
ypsilon/4/12/133.jpg,ypsilon,4,12
ypsilon/4/12/134.jpg,ypsilon,4,12
ypsilon/4/12/135.jpg,ypsilon,4,12
ypsilon/4/12/136.jpg,ypsilon,4,12
ypsilon/4/12/137.jpg,ypsilon,4,12
ypsilon/4/12/138.jpg,ypsilon,4,12
ypsilon/4/12/139.jpg,ypsilon,4,12
ypsilon/4/12/14.jpg,ypsilon,4,12
ypsilon/4/12/140.jpg,ypsilon,4,12
ypsilon/4/12/141.jpg,ypsilon,4,12
ypsilon/4/12/142.jpg,ypsilon,4,12
ypsilon/4/12/143.jpg,ypsilon,4,12
ypsilon/4/12/144.jpg,ypsilon,4,12
ypsilon/4/12/145.jpg,ypsilon,4,12
ypsilon/4/12/146.jpg,ypsilon,4,12
ypsilon/4/12/147.jpg,ypsilon,4,12
ypsilon/4/12/148.jpg,ypsilon,4,12
ypsilon/4/12/149.jpg,ypsilon,4,12
ypsilon/4/12/15.jpg,ypsilon,4,12
ypsilon/4/12/150.jpg,ypsilon,4,12
ypsilon/4/12/151.jpg,ypsilon,4,12
ypsilon/4/12/152.jpg,ypsilon,4,12
ypsilon/4/12/153.jpg,ypsilon,4,12
ypsilon/4/12/154.jpg,ypsilon,4,12
ypsilon/4/12/155.jpg,ypsilon,4,12
ypsilon/4/12/156.jpg,ypsilon,4,12
ypsilon/4/12/157.jpg,ypsilon,4,12
ypsilon/4/12/158.jpg,ypsilon,4,12
ypsilon/4/12/159.jpg,ypsilon,4,12
ypsilon/4/12/16.jpg,ypsilon,4,12
ypsilon/4/12/160.jpg,ypsilon,4,12
ypsilon/4/12/161.jpg,ypsilon,4,12
ypsilon/4/12/162.jpg,ypsilon,4,12
ypsilon/4/12/163.jpg,ypsilon,4,12
ypsilon/4/12/164.jpg,ypsilon,4,12
ypsilon/4/12/165.jpg,ypsilon,4,12
ypsilon/4/12/166.jpg,ypsilon,4,12
ypsilon/4/12/167.jpg,ypsilon,4,12
ypsilon/4/12/168.jpg,ypsilon,4,12
ypsilon/4/12/169.jpg,ypsilon,4,12
ypsilon/4/12/17.jpg,ypsilon,4,12
ypsilon/4/12/170.jpg,ypsilon,4,12
ypsilon/4/12/171.jpg,ypsilon,4,12
ypsilon/4/12/172.jpg,ypsilon,4,12
ypsilon/4/12/173.jpg,ypsilon,4,12
ypsilon/4/12/174.jpg,ypsilon,4,12
ypsilon/4/12/175.jpg,ypsilon,4,12
ypsilon/4/12/176.jpg,ypsilon,4,12
ypsilon/4/12/177.jpg,ypsilon,4,12
ypsilon/4/12/178.jpg,ypsilon,4,12
ypsilon/4/12/179.jpg,ypsilon,4,12
ypsilon/4/12/18.jpg,ypsilon,4,12
ypsilon/4/12/180.jpg,ypsilon,4,12
ypsilon/4/12/181.jpg,ypsilon,4,12
ypsilon/4/12/182.jpg,ypsilon,4,12
ypsilon/4/12/183.jpg,ypsilon,4,12
ypsilon/4/12/184.jpg,ypsilon,4,12
ypsilon/4/12/185.jpg,ypsilon,4,12
ypsilon/4/12/186.jpg,ypsilon,4,12
ypsilon/4/12/187.jpg,ypsilon,4,12
ypsilon/4/12/188.jpg,ypsilon,4,12
ypsilon/4/12/189.jpg,ypsilon,4,12
ypsilon/4/12/19.jpg,ypsilon,4,12
ypsilon/4/12/190.jpg,ypsilon,4,12
ypsilon/4/12/191.jpg,ypsilon,4,12
ypsilon/4/12/192.jpg,ypsilon,4,12
ypsilon/4/12/193.jpg,ypsilon,4,12
ypsilon/4/12/194.jpg,ypsilon,4,12
ypsilon/4/12/195.jpg,ypsilon,4,12
ypsilon/4/12/196.jpg,ypsilon,4,12
ypsilon/4/12/197.jpg,ypsilon,4,12
ypsilon/4/12/198.jpg,ypsilon,4,12
ypsilon/4/12/199.jpg,ypsilon,4,12
ypsilon/4/12/2.jpg,ypsilon,4,12
ypsilon/4/12/20.jpg,ypsilon,4,12
ypsilon/4/12/200.jpg,ypsilon,4,12
ypsilon/4/12/201.jpg,ypsilon,4,12
ypsilon/4/12/202.jpg,ypsilon,4,12
ypsilon/4/12/203.jpg,ypsilon,4,12
ypsilon/4/12/204.jpg,ypsilon,4,12
ypsilon/4/12/205.jpg,ypsilon,4,12
ypsilon/4/12/206.jpg,ypsilon,4,12
ypsilon/4/12/21.jpg,ypsilon,4,12
ypsilon/4/12/22.jpg,ypsilon,4,12
ypsilon/4/12/23.jpg,ypsilon,4,12
ypsilon/4/12/24.jpg,ypsilon,4,12
ypsilon/4/12/25.jpg,ypsilon,4,12
ypsilon/4/12/26.jpg,ypsilon,4,12
ypsilon/4/12/27.jpg,ypsilon,4,12
ypsilon/4/12/28.jpg,ypsilon,4,12
ypsilon/4/12/29.jpg,ypsilon,4,12
ypsilon/4/12/3.jpg,ypsilon,4,12
ypsilon/4/12/30.jpg,ypsilon,4,12
ypsilon/4/12/31.jpg,ypsilon,4,12
ypsilon/4/12/32.jpg,ypsilon,4,12
ypsilon/4/12/33.jpg,ypsilon,4,12
ypsilon/4/12/34.jpg,ypsilon,4,12
ypsilon/4/12/35.jpg,ypsilon,4,12
ypsilon/4/12/36.jpg,ypsilon,4,12
ypsilon/4/12/37.jpg,ypsilon,4,12
ypsilon/4/12/38.jpg,ypsilon,4,12
ypsilon/4/12/39.jpg,ypsilon,4,12
ypsilon/4/12/4.jpg,ypsilon,4,12
ypsilon/4/12/40.jpg,ypsilon,4,12
ypsilon/4/12/41.jpg,ypsilon,4,12
ypsilon/4/12/42.jpg,ypsilon,4,12
ypsilon/4/12/43.jpg,ypsilon,4,12
ypsilon/4/12/44.jpg,ypsilon,4,12
ypsilon/4/12/45.jpg,ypsilon,4,12
ypsilon/4/12/46.jpg,ypsilon,4,12
ypsilon/4/12/47.jpg,ypsilon,4,12
ypsilon/4/12/48.jpg,ypsilon,4,12
ypsilon/4/12/49.jpg,ypsilon,4,12
ypsilon/4/12/5.jpg,ypsilon,4,12
ypsilon/4/12/50.jpg,ypsilon,4,12
ypsilon/4/12/51.jpg,ypsilon,4,12
ypsilon/4/12/52.jpg,ypsilon,4,12
ypsilon/4/12/53.jpg,ypsilon,4,12
ypsilon/4/12/54.jpg,ypsilon,4,12
ypsilon/4/12/55.jpg,ypsilon,4,12
ypsilon/4/12/56.jpg,ypsilon,4,12
ypsilon/4/12/57.jpg,ypsilon,4,12
ypsilon/4/12/58.jpg,ypsilon,4,12
ypsilon/4/12/59.jpg,ypsilon,4,12
ypsilon/4/12/6.jpg,ypsilon,4,12
ypsilon/4/12/60.jpg,ypsilon,4,12
ypsilon/4/12/61.jpg,ypsilon,4,12
ypsilon/4/12/62.jpg,ypsilon,4,12
ypsilon/4/12/63.jpg,ypsilon,4,12
ypsilon/4/12/64.jpg,ypsilon,4,12
ypsilon/4/12/65.jpg,ypsilon,4,12
ypsilon/4/12/66.jpg,ypsilon,4,12
ypsilon/4/12/67.jpg,ypsilon,4,12
ypsilon/4/12/68.jpg,ypsilon,4,12
ypsilon/4/12/69.jpg,ypsilon,4,12
ypsilon/4/12/7.jpg,ypsilon,4,12
ypsilon/4/12/70.jpg,ypsilon,4,12
ypsilon/4/12/71.jpg,ypsilon,4,12
ypsilon/4/12/72.jpg,ypsilon,4,12
ypsilon/4/12/73.jpg,ypsilon,4,12
ypsilon/4/12/74.jpg,ypsilon,4,12
ypsilon/4/12/75.jpg,ypsilon,4,12
ypsilon/4/12/76.jpg,ypsilon,4,12
ypsilon/4/12/77.jpg,ypsilon,4,12
ypsilon/4/12/78.jpg,ypsilon,4,12
ypsilon/4/12/79.jpg,ypsilon,4,12
ypsilon/4/12/8.jpg,ypsilon,4,12
ypsilon/4/12/80.jpg,ypsilon,4,12
ypsilon/4/12/81.jpg,ypsilon,4,12
ypsilon/4/12/82.jpg,ypsilon,4,12
ypsilon/4/12/83.jpg,ypsilon,4,12
ypsilon/4/12/84.jpg,ypsilon,4,12
ypsilon/4/12/85.jpg,ypsilon,4,12
ypsilon/4/12/86.jpg,ypsilon,4,12
ypsilon/4/12/87.jpg,ypsilon,4,12
ypsilon/4/12/88.jpg,ypsilon,4,12
ypsilon/4/12/89.jpg,ypsilon,4,12
ypsilon/4/12/9.jpg,ypsilon,4,12
ypsilon/4/12/90.jpg,ypsilon,4,12
ypsilon/4/12/91.jpg,ypsilon,4,12
ypsilon/4/12/92.jpg,ypsilon,4,12
ypsilon/4/12/93.jpg,ypsilon,4,12
ypsilon/4/12/94.jpg,ypsilon,4,12
ypsilon/4/12/95.jpg,ypsilon,4,12
ypsilon/4/12/96.jpg,ypsilon,4,12
ypsilon/4/12/97.jpg,ypsilon,4,12
ypsilon/4/12/98.jpg,ypsilon,4,12
ypsilon/4/12/99.jpg,ypsilon,4,12
ypsilon/4/9/1.jpg,ypsilon,4,9
ypsilon/4/9/10.jpg,ypsilon,4,9
ypsilon/4/9/100.jpg,ypsilon,4,9
ypsilon/4/9/101.jpg,ypsilon,4,9
ypsilon/4/9/102.jpg,ypsilon,4,9
ypsilon/4/9/103.jpg,ypsilon,4,9
ypsilon/4/9/104.jpg,ypsilon,4,9
ypsilon/4/9/105.jpg,ypsilon,4,9
ypsilon/4/9/106.jpg,ypsilon,4,9
ypsilon/4/9/107.jpg,ypsilon,4,9
ypsilon/4/9/108.jpg,ypsilon,4,9
ypsilon/4/9/109.jpg,ypsilon,4,9
ypsilon/4/9/11.jpg,ypsilon,4,9
ypsilon/4/9/110.jpg,ypsilon,4,9
ypsilon/4/9/111.jpg,ypsilon,4,9
ypsilon/4/9/112.jpg,ypsilon,4,9
ypsilon/4/9/113.jpg,ypsilon,4,9
ypsilon/4/9/114.jpg,ypsilon,4,9
ypsilon/4/9/115.jpg,ypsilon,4,9
ypsilon/4/9/116.jpg,ypsilon,4,9
ypsilon/4/9/117.jpg,ypsilon,4,9
ypsilon/4/9/118.jpg,ypsilon,4,9
ypsilon/4/9/119.jpg,ypsilon,4,9
ypsilon/4/9/12.jpg,ypsilon,4,9
ypsilon/4/9/120.jpg,ypsilon,4,9
ypsilon/4/9/121.jpg,ypsilon,4,9
ypsilon/4/9/122.jpg,ypsilon,4,9
ypsilon/4/9/123.jpg,ypsilon,4,9
ypsilon/4/9/124.jpg,ypsilon,4,9
ypsilon/4/9/125.jpg,ypsilon,4,9
ypsilon/4/9/126.jpg,ypsilon,4,9
ypsilon/4/9/127.jpg,ypsilon,4,9
ypsilon/4/9/128.jpg,ypsilon,4,9
ypsilon/4/9/129.jpg,ypsilon,4,9
ypsilon/4/9/13.jpg,ypsilon,4,9
ypsilon/4/9/130.jpg,ypsilon,4,9
ypsilon/4/9/131.jpg,ypsilon,4,9
ypsilon/4/9/132.jpg,ypsilon,4,9
ypsilon/4/9/133.jpg,ypsilon,4,9
ypsilon/4/9/134.jpg,ypsilon,4,9
ypsilon/4/9/135.jpg,ypsilon,4,9
ypsilon/4/9/136.jpg,ypsilon,4,9
ypsilon/4/9/137.jpg,ypsilon,4,9
ypsilon/4/9/138.jpg,ypsilon,4,9
ypsilon/4/9/139.jpg,ypsilon,4,9
ypsilon/4/9/14.jpg,ypsilon,4,9
ypsilon/4/9/140.jpg,ypsilon,4,9
ypsilon/4/9/141.jpg,ypsilon,4,9
ypsilon/4/9/142.jpg,ypsilon,4,9
ypsilon/4/9/143.jpg,ypsilon,4,9
ypsilon/4/9/144.jpg,ypsilon,4,9
ypsilon/4/9/145.jpg,ypsilon,4,9
ypsilon/4/9/146.jpg,ypsilon,4,9
ypsilon/4/9/147.jpg,ypsilon,4,9
ypsilon/4/9/148.jpg,ypsilon,4,9
ypsilon/4/9/149.jpg,ypsilon,4,9
ypsilon/4/9/15.jpg,ypsilon,4,9
ypsilon/4/9/150.jpg,ypsilon,4,9
ypsilon/4/9/151.jpg,ypsilon,4,9
ypsilon/4/9/152.jpg,ypsilon,4,9
ypsilon/4/9/153.jpg,ypsilon,4,9
ypsilon/4/9/154.jpg,ypsilon,4,9
ypsilon/4/9/155.jpg,ypsilon,4,9
ypsilon/4/9/156.jpg,ypsilon,4,9
ypsilon/4/9/157.jpg,ypsilon,4,9
ypsilon/4/9/158.jpg,ypsilon,4,9
ypsilon/4/9/159.jpg,ypsilon,4,9
ypsilon/4/9/16.jpg,ypsilon,4,9
ypsilon/4/9/160.jpg,ypsilon,4,9
ypsilon/4/9/161.jpg,ypsilon,4,9
ypsilon/4/9/162.jpg,ypsilon,4,9
ypsilon/4/9/163.jpg,ypsilon,4,9
ypsilon/4/9/164.jpg,ypsilon,4,9
ypsilon/4/9/165.jpg,ypsilon,4,9
ypsilon/4/9/166.jpg,ypsilon,4,9
ypsilon/4/9/167.jpg,ypsilon,4,9
ypsilon/4/9/168.jpg,ypsilon,4,9
ypsilon/4/9/169.jpg,ypsilon,4,9
ypsilon/4/9/17.jpg,ypsilon,4,9
ypsilon/4/9/170.jpg,ypsilon,4,9
ypsilon/4/9/171.jpg,ypsilon,4,9
ypsilon/4/9/172.jpg,ypsilon,4,9
ypsilon/4/9/173.jpg,ypsilon,4,9
ypsilon/4/9/174.jpg,ypsilon,4,9
ypsilon/4/9/175.jpg,ypsilon,4,9
ypsilon/4/9/176.jpg,ypsilon,4,9
ypsilon/4/9/177.jpg,ypsilon,4,9
ypsilon/4/9/178.jpg,ypsilon,4,9
ypsilon/4/9/179.jpg,ypsilon,4,9
ypsilon/4/9/18.jpg,ypsilon,4,9
ypsilon/4/9/180.jpg,ypsilon,4,9
ypsilon/4/9/181.jpg,ypsilon,4,9
ypsilon/4/9/182.jpg,ypsilon,4,9
ypsilon/4/9/183.jpg,ypsilon,4,9
ypsilon/4/9/184.jpg,ypsilon,4,9
ypsilon/4/9/185.jpg,ypsilon,4,9
ypsilon/4/9/186.jpg,ypsilon,4,9
ypsilon/4/9/187.jpg,ypsilon,4,9
ypsilon/4/9/188.jpg,ypsilon,4,9
ypsilon/4/9/189.jpg,ypsilon,4,9
ypsilon/4/9/19.jpg,ypsilon,4,9
ypsilon/4/9/190.jpg,ypsilon,4,9
ypsilon/4/9/191.jpg,ypsilon,4,9
ypsilon/4/9/192.jpg,ypsilon,4,9
ypsilon/4/9/193.jpg,ypsilon,4,9
ypsilon/4/9/194.jpg,ypsilon,4,9
ypsilon/4/9/195.jpg,ypsilon,4,9
ypsilon/4/9/196.jpg,ypsilon,4,9
ypsilon/4/9/197.jpg,ypsilon,4,9
ypsilon/4/9/198.jpg,ypsilon,4,9
ypsilon/4/9/199.jpg,ypsilon,4,9
ypsilon/4/9/2.jpg,ypsilon,4,9
ypsilon/4/9/20.jpg,ypsilon,4,9
ypsilon/4/9/200.jpg,ypsilon,4,9
ypsilon/4/9/201.jpg,ypsilon,4,9
ypsilon/4/9/21.jpg,ypsilon,4,9
ypsilon/4/9/22.jpg,ypsilon,4,9
ypsilon/4/9/23.jpg,ypsilon,4,9
ypsilon/4/9/24.jpg,ypsilon,4,9
ypsilon/4/9/25.jpg,ypsilon,4,9
ypsilon/4/9/26.jpg,ypsilon,4,9
ypsilon/4/9/27.jpg,ypsilon,4,9
ypsilon/4/9/28.jpg,ypsilon,4,9
ypsilon/4/9/29.jpg,ypsilon,4,9
ypsilon/4/9/3.jpg,ypsilon,4,9
ypsilon/4/9/30.jpg,ypsilon,4,9
ypsilon/4/9/31.jpg,ypsilon,4,9
ypsilon/4/9/32.jpg,ypsilon,4,9
ypsilon/4/9/33.jpg,ypsilon,4,9
ypsilon/4/9/34.jpg,ypsilon,4,9
ypsilon/4/9/35.jpg,ypsilon,4,9
ypsilon/4/9/36.jpg,ypsilon,4,9
ypsilon/4/9/37.jpg,ypsilon,4,9
ypsilon/4/9/38.jpg,ypsilon,4,9
ypsilon/4/9/39.jpg,ypsilon,4,9
ypsilon/4/9/4.jpg,ypsilon,4,9
ypsilon/4/9/40.jpg,ypsilon,4,9
ypsilon/4/9/41.jpg,ypsilon,4,9
ypsilon/4/9/42.jpg,ypsilon,4,9
ypsilon/4/9/43.jpg,ypsilon,4,9
ypsilon/4/9/44.jpg,ypsilon,4,9
ypsilon/4/9/45.jpg,ypsilon,4,9
ypsilon/4/9/46.jpg,ypsilon,4,9
ypsilon/4/9/47.jpg,ypsilon,4,9
ypsilon/4/9/48.jpg,ypsilon,4,9
ypsilon/4/9/49.jpg,ypsilon,4,9
ypsilon/4/9/5.jpg,ypsilon,4,9
ypsilon/4/9/50.jpg,ypsilon,4,9
ypsilon/4/9/51.jpg,ypsilon,4,9
ypsilon/4/9/52.jpg,ypsilon,4,9
ypsilon/4/9/53.jpg,ypsilon,4,9
ypsilon/4/9/54.jpg,ypsilon,4,9
ypsilon/4/9/55.jpg,ypsilon,4,9
ypsilon/4/9/56.jpg,ypsilon,4,9
ypsilon/4/9/57.jpg,ypsilon,4,9
ypsilon/4/9/58.jpg,ypsilon,4,9
ypsilon/4/9/59.jpg,ypsilon,4,9
ypsilon/4/9/6.jpg,ypsilon,4,9
ypsilon/4/9/60.jpg,ypsilon,4,9
ypsilon/4/9/61.jpg,ypsilon,4,9
ypsilon/4/9/62.jpg,ypsilon,4,9
ypsilon/4/9/63.jpg,ypsilon,4,9
ypsilon/4/9/64.jpg,ypsilon,4,9
ypsilon/4/9/65.jpg,ypsilon,4,9
ypsilon/4/9/66.jpg,ypsilon,4,9
ypsilon/4/9/67.jpg,ypsilon,4,9
ypsilon/4/9/68.jpg,ypsilon,4,9
ypsilon/4/9/69.jpg,ypsilon,4,9
ypsilon/4/9/7.jpg,ypsilon,4,9
ypsilon/4/9/70.jpg,ypsilon,4,9
ypsilon/4/9/71.jpg,ypsilon,4,9
ypsilon/4/9/72.jpg,ypsilon,4,9
ypsilon/4/9/73.jpg,ypsilon,4,9
ypsilon/4/9/74.jpg,ypsilon,4,9
ypsilon/4/9/75.jpg,ypsilon,4,9
ypsilon/4/9/76.jpg,ypsilon,4,9
ypsilon/4/9/77.jpg,ypsilon,4,9
ypsilon/4/9/78.jpg,ypsilon,4,9
ypsilon/4/9/79.jpg,ypsilon,4,9
ypsilon/4/9/8.jpg,ypsilon,4,9
ypsilon/4/9/80.jpg,ypsilon,4,9
ypsilon/4/9/81.jpg,ypsilon,4,9
ypsilon/4/9/82.jpg,ypsilon,4,9
ypsilon/4/9/83.jpg,ypsilon,4,9
ypsilon/4/9/84.jpg,ypsilon,4,9
ypsilon/4/9/85.jpg,ypsilon,4,9
ypsilon/4/9/86.jpg,ypsilon,4,9
ypsilon/4/9/87.jpg,ypsilon,4,9
ypsilon/4/9/88.jpg,ypsilon,4,9
ypsilon/4/9/89.jpg,ypsilon,4,9
ypsilon/4/9/9.jpg,ypsilon,4,9
ypsilon/4/9/90.jpg,ypsilon,4,9
ypsilon/4/9/91.jpg,ypsilon,4,9
ypsilon/4/9/92.jpg,ypsilon,4,9
ypsilon/4/9/93.jpg,ypsilon,4,9
ypsilon/4/9/94.jpg,ypsilon,4,9
ypsilon/4/9/95.jpg,ypsilon,4,9
ypsilon/4/9/96.jpg,ypsilon,4,9
ypsilon/4/9/97.jpg,ypsilon,4,9
ypsilon/4/9/98.jpg,ypsilon,4,9
ypsilon/4/9/99.jpg,ypsilon,4,9
ypsilon/5/13/1.jpg,ypsilon,5,13
ypsilon/5/13/10.jpg,ypsilon,5,13
ypsilon/5/13/100.jpg,ypsilon,5,13
ypsilon/5/13/101.jpg,ypsilon,5,13
ypsilon/5/13/102.jpg,ypsilon,5,13
ypsilon/5/13/103.jpg,ypsilon,5,13
ypsilon/5/13/104.jpg,ypsilon,5,13
ypsilon/5/13/105.jpg,ypsilon,5,13
ypsilon/5/13/106.jpg,ypsilon,5,13
ypsilon/5/13/107.jpg,ypsilon,5,13
ypsilon/5/13/108.jpg,ypsilon,5,13
ypsilon/5/13/109.jpg,ypsilon,5,13
ypsilon/5/13/11.jpg,ypsilon,5,13
ypsilon/5/13/110.jpg,ypsilon,5,13
ypsilon/5/13/111.jpg,ypsilon,5,13
ypsilon/5/13/112.jpg,ypsilon,5,13
ypsilon/5/13/113.jpg,ypsilon,5,13
ypsilon/5/13/114.jpg,ypsilon,5,13
ypsilon/5/13/115.jpg,ypsilon,5,13
ypsilon/5/13/116.jpg,ypsilon,5,13
ypsilon/5/13/117.jpg,ypsilon,5,13
ypsilon/5/13/118.jpg,ypsilon,5,13
ypsilon/5/13/119.jpg,ypsilon,5,13
ypsilon/5/13/12.jpg,ypsilon,5,13
ypsilon/5/13/120.jpg,ypsilon,5,13
ypsilon/5/13/121.jpg,ypsilon,5,13
ypsilon/5/13/122.jpg,ypsilon,5,13
ypsilon/5/13/123.jpg,ypsilon,5,13
ypsilon/5/13/124.jpg,ypsilon,5,13
ypsilon/5/13/125.jpg,ypsilon,5,13
ypsilon/5/13/126.jpg,ypsilon,5,13
ypsilon/5/13/127.jpg,ypsilon,5,13
ypsilon/5/13/128.jpg,ypsilon,5,13
ypsilon/5/13/129.jpg,ypsilon,5,13
ypsilon/5/13/13.jpg,ypsilon,5,13
ypsilon/5/13/130.jpg,ypsilon,5,13
ypsilon/5/13/131.jpg,ypsilon,5,13
ypsilon/5/13/132.jpg,ypsilon,5,13
ypsilon/5/13/133.jpg,ypsilon,5,13
ypsilon/5/13/134.jpg,ypsilon,5,13
ypsilon/5/13/135.jpg,ypsilon,5,13
ypsilon/5/13/136.jpg,ypsilon,5,13
ypsilon/5/13/137.jpg,ypsilon,5,13
ypsilon/5/13/138.jpg,ypsilon,5,13
ypsilon/5/13/139.jpg,ypsilon,5,13
ypsilon/5/13/14.jpg,ypsilon,5,13
ypsilon/5/13/140.jpg,ypsilon,5,13
ypsilon/5/13/141.jpg,ypsilon,5,13
ypsilon/5/13/142.jpg,ypsilon,5,13
ypsilon/5/13/143.jpg,ypsilon,5,13
ypsilon/5/13/144.jpg,ypsilon,5,13
ypsilon/5/13/145.jpg,ypsilon,5,13
ypsilon/5/13/146.jpg,ypsilon,5,13
ypsilon/5/13/147.jpg,ypsilon,5,13
ypsilon/5/13/148.jpg,ypsilon,5,13
ypsilon/5/13/149.jpg,ypsilon,5,13
ypsilon/5/13/15.jpg,ypsilon,5,13
ypsilon/5/13/150.jpg,ypsilon,5,13
ypsilon/5/13/151.jpg,ypsilon,5,13
ypsilon/5/13/152.jpg,ypsilon,5,13
ypsilon/5/13/153.jpg,ypsilon,5,13
ypsilon/5/13/154.jpg,ypsilon,5,13
ypsilon/5/13/155.jpg,ypsilon,5,13
ypsilon/5/13/156.jpg,ypsilon,5,13
ypsilon/5/13/157.jpg,ypsilon,5,13
ypsilon/5/13/158.jpg,ypsilon,5,13
ypsilon/5/13/159.jpg,ypsilon,5,13
ypsilon/5/13/16.jpg,ypsilon,5,13
ypsilon/5/13/160.jpg,ypsilon,5,13
ypsilon/5/13/161.jpg,ypsilon,5,13
ypsilon/5/13/162.jpg,ypsilon,5,13
ypsilon/5/13/163.jpg,ypsilon,5,13
ypsilon/5/13/164.jpg,ypsilon,5,13
ypsilon/5/13/165.jpg,ypsilon,5,13
ypsilon/5/13/166.jpg,ypsilon,5,13
ypsilon/5/13/167.jpg,ypsilon,5,13
ypsilon/5/13/168.jpg,ypsilon,5,13
ypsilon/5/13/169.jpg,ypsilon,5,13
ypsilon/5/13/17.jpg,ypsilon,5,13
ypsilon/5/13/170.jpg,ypsilon,5,13
ypsilon/5/13/171.jpg,ypsilon,5,13
ypsilon/5/13/172.jpg,ypsilon,5,13
ypsilon/5/13/173.jpg,ypsilon,5,13
ypsilon/5/13/174.jpg,ypsilon,5,13
ypsilon/5/13/175.jpg,ypsilon,5,13
ypsilon/5/13/176.jpg,ypsilon,5,13
ypsilon/5/13/177.jpg,ypsilon,5,13
ypsilon/5/13/178.jpg,ypsilon,5,13
ypsilon/5/13/179.jpg,ypsilon,5,13
ypsilon/5/13/18.jpg,ypsilon,5,13
ypsilon/5/13/180.jpg,ypsilon,5,13
ypsilon/5/13/181.jpg,ypsilon,5,13
ypsilon/5/13/182.jpg,ypsilon,5,13
ypsilon/5/13/183.jpg,ypsilon,5,13
ypsilon/5/13/184.jpg,ypsilon,5,13
ypsilon/5/13/185.jpg,ypsilon,5,13
ypsilon/5/13/186.jpg,ypsilon,5,13
ypsilon/5/13/187.jpg,ypsilon,5,13
ypsilon/5/13/188.jpg,ypsilon,5,13
ypsilon/5/13/189.jpg,ypsilon,5,13
ypsilon/5/13/19.jpg,ypsilon,5,13
ypsilon/5/13/190.jpg,ypsilon,5,13
ypsilon/5/13/191.jpg,ypsilon,5,13
ypsilon/5/13/192.jpg,ypsilon,5,13
ypsilon/5/13/193.jpg,ypsilon,5,13
ypsilon/5/13/194.jpg,ypsilon,5,13
ypsilon/5/13/195.jpg,ypsilon,5,13
ypsilon/5/13/196.jpg,ypsilon,5,13
ypsilon/5/13/197.jpg,ypsilon,5,13
ypsilon/5/13/198.jpg,ypsilon,5,13
ypsilon/5/13/199.jpg,ypsilon,5,13
ypsilon/5/13/2.jpg,ypsilon,5,13
ypsilon/5/13/20.jpg,ypsilon,5,13
ypsilon/5/13/200.jpg,ypsilon,5,13
ypsilon/5/13/201.jpg,ypsilon,5,13
ypsilon/5/13/202.jpg,ypsilon,5,13
ypsilon/5/13/203.jpg,ypsilon,5,13
ypsilon/5/13/204.jpg,ypsilon,5,13
ypsilon/5/13/205.jpg,ypsilon,5,13
ypsilon/5/13/206.jpg,ypsilon,5,13
ypsilon/5/13/207.jpg,ypsilon,5,13
ypsilon/5/13/208.jpg,ypsilon,5,13
ypsilon/5/13/209.jpg,ypsilon,5,13
ypsilon/5/13/21.jpg,ypsilon,5,13
ypsilon/5/13/210.jpg,ypsilon,5,13
ypsilon/5/13/211.jpg,ypsilon,5,13
ypsilon/5/13/212.jpg,ypsilon,5,13
ypsilon/5/13/213.jpg,ypsilon,5,13
ypsilon/5/13/214.jpg,ypsilon,5,13
ypsilon/5/13/215.jpg,ypsilon,5,13
ypsilon/5/13/216.jpg,ypsilon,5,13
ypsilon/5/13/22.jpg,ypsilon,5,13
ypsilon/5/13/23.jpg,ypsilon,5,13
ypsilon/5/13/24.jpg,ypsilon,5,13
ypsilon/5/13/25.jpg,ypsilon,5,13
ypsilon/5/13/26.jpg,ypsilon,5,13
ypsilon/5/13/27.jpg,ypsilon,5,13
ypsilon/5/13/28.jpg,ypsilon,5,13
ypsilon/5/13/29.jpg,ypsilon,5,13
ypsilon/5/13/3.jpg,ypsilon,5,13
ypsilon/5/13/30.jpg,ypsilon,5,13
ypsilon/5/13/31.jpg,ypsilon,5,13
ypsilon/5/13/32.jpg,ypsilon,5,13
ypsilon/5/13/33.jpg,ypsilon,5,13
ypsilon/5/13/34.jpg,ypsilon,5,13
ypsilon/5/13/35.jpg,ypsilon,5,13
ypsilon/5/13/36.jpg,ypsilon,5,13
ypsilon/5/13/37.jpg,ypsilon,5,13
ypsilon/5/13/38.jpg,ypsilon,5,13
ypsilon/5/13/39.jpg,ypsilon,5,13
ypsilon/5/13/4.jpg,ypsilon,5,13
ypsilon/5/13/40.jpg,ypsilon,5,13
ypsilon/5/13/41.jpg,ypsilon,5,13
ypsilon/5/13/42.jpg,ypsilon,5,13
ypsilon/5/13/43.jpg,ypsilon,5,13
ypsilon/5/13/44.jpg,ypsilon,5,13
ypsilon/5/13/45.jpg,ypsilon,5,13
ypsilon/5/13/46.jpg,ypsilon,5,13
ypsilon/5/13/47.jpg,ypsilon,5,13
ypsilon/5/13/48.jpg,ypsilon,5,13
ypsilon/5/13/49.jpg,ypsilon,5,13
ypsilon/5/13/5.jpg,ypsilon,5,13
ypsilon/5/13/50.jpg,ypsilon,5,13
ypsilon/5/13/51.jpg,ypsilon,5,13
ypsilon/5/13/52.jpg,ypsilon,5,13
ypsilon/5/13/53.jpg,ypsilon,5,13
ypsilon/5/13/54.jpg,ypsilon,5,13
ypsilon/5/13/55.jpg,ypsilon,5,13
ypsilon/5/13/56.jpg,ypsilon,5,13
ypsilon/5/13/57.jpg,ypsilon,5,13
ypsilon/5/13/58.jpg,ypsilon,5,13
ypsilon/5/13/59.jpg,ypsilon,5,13
ypsilon/5/13/6.jpg,ypsilon,5,13
ypsilon/5/13/60.jpg,ypsilon,5,13
ypsilon/5/13/61.jpg,ypsilon,5,13
ypsilon/5/13/62.jpg,ypsilon,5,13
ypsilon/5/13/63.jpg,ypsilon,5,13
ypsilon/5/13/64.jpg,ypsilon,5,13
ypsilon/5/13/65.jpg,ypsilon,5,13
ypsilon/5/13/66.jpg,ypsilon,5,13
ypsilon/5/13/67.jpg,ypsilon,5,13
ypsilon/5/13/68.jpg,ypsilon,5,13
ypsilon/5/13/69.jpg,ypsilon,5,13
ypsilon/5/13/7.jpg,ypsilon,5,13
ypsilon/5/13/70.jpg,ypsilon,5,13
ypsilon/5/13/71.jpg,ypsilon,5,13
ypsilon/5/13/72.jpg,ypsilon,5,13
ypsilon/5/13/73.jpg,ypsilon,5,13
ypsilon/5/13/74.jpg,ypsilon,5,13
ypsilon/5/13/75.jpg,ypsilon,5,13
ypsilon/5/13/76.jpg,ypsilon,5,13
ypsilon/5/13/77.jpg,ypsilon,5,13
ypsilon/5/13/78.jpg,ypsilon,5,13
ypsilon/5/13/79.jpg,ypsilon,5,13
ypsilon/5/13/8.jpg,ypsilon,5,13
ypsilon/5/13/80.jpg,ypsilon,5,13
ypsilon/5/13/81.jpg,ypsilon,5,13
ypsilon/5/13/82.jpg,ypsilon,5,13
ypsilon/5/13/83.jpg,ypsilon,5,13
ypsilon/5/13/84.jpg,ypsilon,5,13
ypsilon/5/13/85.jpg,ypsilon,5,13
ypsilon/5/13/86.jpg,ypsilon,5,13
ypsilon/5/13/87.jpg,ypsilon,5,13
ypsilon/5/13/88.jpg,ypsilon,5,13
ypsilon/5/13/89.jpg,ypsilon,5,13
ypsilon/5/13/9.jpg,ypsilon,5,13
ypsilon/5/13/90.jpg,ypsilon,5,13
ypsilon/5/13/91.jpg,ypsilon,5,13
ypsilon/5/13/92.jpg,ypsilon,5,13
ypsilon/5/13/93.jpg,ypsilon,5,13
ypsilon/5/13/94.jpg,ypsilon,5,13
ypsilon/5/13/95.jpg,ypsilon,5,13
ypsilon/5/13/96.jpg,ypsilon,5,13
ypsilon/5/13/97.jpg,ypsilon,5,13
ypsilon/5/13/98.jpg,ypsilon,5,13
ypsilon/5/13/99.jpg,ypsilon,5,13
ypsilon/5/14/1.jpg,ypsilon,5,14
ypsilon/5/14/10.jpg,ypsilon,5,14
ypsilon/5/14/100.jpg,ypsilon,5,14
ypsilon/5/14/101.jpg,ypsilon,5,14
ypsilon/5/14/102.jpg,ypsilon,5,14
ypsilon/5/14/103.jpg,ypsilon,5,14
ypsilon/5/14/104.jpg,ypsilon,5,14
ypsilon/5/14/105.jpg,ypsilon,5,14
ypsilon/5/14/106.jpg,ypsilon,5,14
ypsilon/5/14/107.jpg,ypsilon,5,14
ypsilon/5/14/108.jpg,ypsilon,5,14
ypsilon/5/14/109.jpg,ypsilon,5,14
ypsilon/5/14/11.jpg,ypsilon,5,14
ypsilon/5/14/110.jpg,ypsilon,5,14
ypsilon/5/14/111.jpg,ypsilon,5,14
ypsilon/5/14/112.jpg,ypsilon,5,14
ypsilon/5/14/113.jpg,ypsilon,5,14
ypsilon/5/14/114.jpg,ypsilon,5,14
ypsilon/5/14/115.jpg,ypsilon,5,14
ypsilon/5/14/116.jpg,ypsilon,5,14
ypsilon/5/14/117.jpg,ypsilon,5,14
ypsilon/5/14/118.jpg,ypsilon,5,14
ypsilon/5/14/119.jpg,ypsilon,5,14
ypsilon/5/14/12.jpg,ypsilon,5,14
ypsilon/5/14/120.jpg,ypsilon,5,14
ypsilon/5/14/121.jpg,ypsilon,5,14
ypsilon/5/14/122.jpg,ypsilon,5,14
ypsilon/5/14/123.jpg,ypsilon,5,14
ypsilon/5/14/124.jpg,ypsilon,5,14
ypsilon/5/14/125.jpg,ypsilon,5,14
ypsilon/5/14/126.jpg,ypsilon,5,14
ypsilon/5/14/127.jpg,ypsilon,5,14
ypsilon/5/14/128.jpg,ypsilon,5,14
ypsilon/5/14/129.jpg,ypsilon,5,14
ypsilon/5/14/13.jpg,ypsilon,5,14
ypsilon/5/14/130.jpg,ypsilon,5,14
ypsilon/5/14/131.jpg,ypsilon,5,14
ypsilon/5/14/132.jpg,ypsilon,5,14
ypsilon/5/14/133.jpg,ypsilon,5,14
ypsilon/5/14/134.jpg,ypsilon,5,14
ypsilon/5/14/135.jpg,ypsilon,5,14
ypsilon/5/14/136.jpg,ypsilon,5,14
ypsilon/5/14/137.jpg,ypsilon,5,14
ypsilon/5/14/138.jpg,ypsilon,5,14
ypsilon/5/14/139.jpg,ypsilon,5,14
ypsilon/5/14/14.jpg,ypsilon,5,14
ypsilon/5/14/140.jpg,ypsilon,5,14
ypsilon/5/14/141.jpg,ypsilon,5,14
ypsilon/5/14/142.jpg,ypsilon,5,14
ypsilon/5/14/143.jpg,ypsilon,5,14
ypsilon/5/14/144.jpg,ypsilon,5,14
ypsilon/5/14/145.jpg,ypsilon,5,14
ypsilon/5/14/146.jpg,ypsilon,5,14
ypsilon/5/14/147.jpg,ypsilon,5,14
ypsilon/5/14/148.jpg,ypsilon,5,14
ypsilon/5/14/149.jpg,ypsilon,5,14
ypsilon/5/14/15.jpg,ypsilon,5,14
ypsilon/5/14/150.jpg,ypsilon,5,14
ypsilon/5/14/151.jpg,ypsilon,5,14
ypsilon/5/14/152.jpg,ypsilon,5,14
ypsilon/5/14/153.jpg,ypsilon,5,14
ypsilon/5/14/154.jpg,ypsilon,5,14
ypsilon/5/14/155.jpg,ypsilon,5,14
ypsilon/5/14/156.jpg,ypsilon,5,14
ypsilon/5/14/157.jpg,ypsilon,5,14
ypsilon/5/14/158.jpg,ypsilon,5,14
ypsilon/5/14/159.jpg,ypsilon,5,14
ypsilon/5/14/16.jpg,ypsilon,5,14
ypsilon/5/14/160.jpg,ypsilon,5,14
ypsilon/5/14/161.jpg,ypsilon,5,14
ypsilon/5/14/162.jpg,ypsilon,5,14
ypsilon/5/14/163.jpg,ypsilon,5,14
ypsilon/5/14/164.jpg,ypsilon,5,14
ypsilon/5/14/165.jpg,ypsilon,5,14
ypsilon/5/14/166.jpg,ypsilon,5,14
ypsilon/5/14/167.jpg,ypsilon,5,14
ypsilon/5/14/168.jpg,ypsilon,5,14
ypsilon/5/14/169.jpg,ypsilon,5,14
ypsilon/5/14/17.jpg,ypsilon,5,14
ypsilon/5/14/170.jpg,ypsilon,5,14
ypsilon/5/14/171.jpg,ypsilon,5,14
ypsilon/5/14/172.jpg,ypsilon,5,14
ypsilon/5/14/173.jpg,ypsilon,5,14
ypsilon/5/14/174.jpg,ypsilon,5,14
ypsilon/5/14/175.jpg,ypsilon,5,14
ypsilon/5/14/176.jpg,ypsilon,5,14
ypsilon/5/14/177.jpg,ypsilon,5,14
ypsilon/5/14/178.jpg,ypsilon,5,14
ypsilon/5/14/179.jpg,ypsilon,5,14
ypsilon/5/14/18.jpg,ypsilon,5,14
ypsilon/5/14/180.jpg,ypsilon,5,14
ypsilon/5/14/181.jpg,ypsilon,5,14
ypsilon/5/14/182.jpg,ypsilon,5,14
ypsilon/5/14/183.jpg,ypsilon,5,14
ypsilon/5/14/184.jpg,ypsilon,5,14
ypsilon/5/14/185.jpg,ypsilon,5,14
ypsilon/5/14/186.jpg,ypsilon,5,14
ypsilon/5/14/187.jpg,ypsilon,5,14
ypsilon/5/14/188.jpg,ypsilon,5,14
ypsilon/5/14/189.jpg,ypsilon,5,14
ypsilon/5/14/19.jpg,ypsilon,5,14
ypsilon/5/14/190.jpg,ypsilon,5,14
ypsilon/5/14/191.jpg,ypsilon,5,14
ypsilon/5/14/192.jpg,ypsilon,5,14
ypsilon/5/14/193.jpg,ypsilon,5,14
ypsilon/5/14/194.jpg,ypsilon,5,14
ypsilon/5/14/195.jpg,ypsilon,5,14
ypsilon/5/14/196.jpg,ypsilon,5,14
ypsilon/5/14/197.jpg,ypsilon,5,14
ypsilon/5/14/198.jpg,ypsilon,5,14
ypsilon/5/14/199.jpg,ypsilon,5,14
ypsilon/5/14/2.jpg,ypsilon,5,14
ypsilon/5/14/20.jpg,ypsilon,5,14
ypsilon/5/14/200.jpg,ypsilon,5,14
ypsilon/5/14/201.jpg,ypsilon,5,14
ypsilon/5/14/202.jpg,ypsilon,5,14
ypsilon/5/14/203.jpg,ypsilon,5,14
ypsilon/5/14/21.jpg,ypsilon,5,14
ypsilon/5/14/22.jpg,ypsilon,5,14
ypsilon/5/14/23.jpg,ypsilon,5,14
ypsilon/5/14/24.jpg,ypsilon,5,14
ypsilon/5/14/25.jpg,ypsilon,5,14
ypsilon/5/14/26.jpg,ypsilon,5,14
ypsilon/5/14/27.jpg,ypsilon,5,14
ypsilon/5/14/28.jpg,ypsilon,5,14
ypsilon/5/14/29.jpg,ypsilon,5,14
ypsilon/5/14/3.jpg,ypsilon,5,14
ypsilon/5/14/30.jpg,ypsilon,5,14
ypsilon/5/14/31.jpg,ypsilon,5,14
ypsilon/5/14/32.jpg,ypsilon,5,14
ypsilon/5/14/33.jpg,ypsilon,5,14
ypsilon/5/14/34.jpg,ypsilon,5,14
ypsilon/5/14/35.jpg,ypsilon,5,14
ypsilon/5/14/36.jpg,ypsilon,5,14
ypsilon/5/14/37.jpg,ypsilon,5,14
ypsilon/5/14/38.jpg,ypsilon,5,14
ypsilon/5/14/39.jpg,ypsilon,5,14
ypsilon/5/14/4.jpg,ypsilon,5,14
ypsilon/5/14/40.jpg,ypsilon,5,14
ypsilon/5/14/41.jpg,ypsilon,5,14
ypsilon/5/14/42.jpg,ypsilon,5,14
ypsilon/5/14/43.jpg,ypsilon,5,14
ypsilon/5/14/44.jpg,ypsilon,5,14
ypsilon/5/14/45.jpg,ypsilon,5,14
ypsilon/5/14/46.jpg,ypsilon,5,14
ypsilon/5/14/47.jpg,ypsilon,5,14
ypsilon/5/14/48.jpg,ypsilon,5,14
ypsilon/5/14/49.jpg,ypsilon,5,14
ypsilon/5/14/5.jpg,ypsilon,5,14
ypsilon/5/14/50.jpg,ypsilon,5,14
ypsilon/5/14/51.jpg,ypsilon,5,14
ypsilon/5/14/52.jpg,ypsilon,5,14
ypsilon/5/14/53.jpg,ypsilon,5,14
ypsilon/5/14/54.jpg,ypsilon,5,14
ypsilon/5/14/55.jpg,ypsilon,5,14
ypsilon/5/14/56.jpg,ypsilon,5,14
ypsilon/5/14/57.jpg,ypsilon,5,14
ypsilon/5/14/58.jpg,ypsilon,5,14
ypsilon/5/14/59.jpg,ypsilon,5,14
ypsilon/5/14/6.jpg,ypsilon,5,14
ypsilon/5/14/60.jpg,ypsilon,5,14
ypsilon/5/14/61.jpg,ypsilon,5,14
ypsilon/5/14/62.jpg,ypsilon,5,14
ypsilon/5/14/63.jpg,ypsilon,5,14
ypsilon/5/14/64.jpg,ypsilon,5,14
ypsilon/5/14/65.jpg,ypsilon,5,14
ypsilon/5/14/66.jpg,ypsilon,5,14
ypsilon/5/14/67.jpg,ypsilon,5,14
ypsilon/5/14/68.jpg,ypsilon,5,14
ypsilon/5/14/69.jpg,ypsilon,5,14
ypsilon/5/14/7.jpg,ypsilon,5,14
ypsilon/5/14/70.jpg,ypsilon,5,14
ypsilon/5/14/71.jpg,ypsilon,5,14
ypsilon/5/14/72.jpg,ypsilon,5,14
ypsilon/5/14/73.jpg,ypsilon,5,14
ypsilon/5/14/74.jpg,ypsilon,5,14
ypsilon/5/14/75.jpg,ypsilon,5,14
ypsilon/5/14/76.jpg,ypsilon,5,14
ypsilon/5/14/77.jpg,ypsilon,5,14
ypsilon/5/14/78.jpg,ypsilon,5,14
ypsilon/5/14/79.jpg,ypsilon,5,14
ypsilon/5/14/8.jpg,ypsilon,5,14
ypsilon/5/14/80.jpg,ypsilon,5,14
ypsilon/5/14/81.jpg,ypsilon,5,14
ypsilon/5/14/82.jpg,ypsilon,5,14
ypsilon/5/14/83.jpg,ypsilon,5,14
ypsilon/5/14/84.jpg,ypsilon,5,14
ypsilon/5/14/85.jpg,ypsilon,5,14
ypsilon/5/14/86.jpg,ypsilon,5,14
ypsilon/5/14/87.jpg,ypsilon,5,14
ypsilon/5/14/88.jpg,ypsilon,5,14
ypsilon/5/14/89.jpg,ypsilon,5,14
ypsilon/5/14/9.jpg,ypsilon,5,14
ypsilon/5/14/90.jpg,ypsilon,5,14
ypsilon/5/14/91.jpg,ypsilon,5,14
ypsilon/5/14/92.jpg,ypsilon,5,14
ypsilon/5/14/93.jpg,ypsilon,5,14
ypsilon/5/14/94.jpg,ypsilon,5,14
ypsilon/5/14/95.jpg,ypsilon,5,14
ypsilon/5/14/96.jpg,ypsilon,5,14
ypsilon/5/14/97.jpg,ypsilon,5,14
ypsilon/5/14/98.jpg,ypsilon,5,14
ypsilon/5/14/99.jpg,ypsilon,5,14
ypsilon/5/15/1.jpg,ypsilon,5,15
ypsilon/5/15/10.jpg,ypsilon,5,15
ypsilon/5/15/100.jpg,ypsilon,5,15
ypsilon/5/15/101.jpg,ypsilon,5,15
ypsilon/5/15/102.jpg,ypsilon,5,15
ypsilon/5/15/103.jpg,ypsilon,5,15
ypsilon/5/15/104.jpg,ypsilon,5,15
ypsilon/5/15/105.jpg,ypsilon,5,15
ypsilon/5/15/106.jpg,ypsilon,5,15
ypsilon/5/15/107.jpg,ypsilon,5,15
ypsilon/5/15/108.jpg,ypsilon,5,15
ypsilon/5/15/109.jpg,ypsilon,5,15
ypsilon/5/15/11.jpg,ypsilon,5,15
ypsilon/5/15/110.jpg,ypsilon,5,15
ypsilon/5/15/111.jpg,ypsilon,5,15
ypsilon/5/15/112.jpg,ypsilon,5,15
ypsilon/5/15/113.jpg,ypsilon,5,15
ypsilon/5/15/114.jpg,ypsilon,5,15
ypsilon/5/15/115.jpg,ypsilon,5,15
ypsilon/5/15/116.jpg,ypsilon,5,15
ypsilon/5/15/117.jpg,ypsilon,5,15
ypsilon/5/15/118.jpg,ypsilon,5,15
ypsilon/5/15/119.jpg,ypsilon,5,15
ypsilon/5/15/12.jpg,ypsilon,5,15
ypsilon/5/15/120.jpg,ypsilon,5,15
ypsilon/5/15/121.jpg,ypsilon,5,15
ypsilon/5/15/122.jpg,ypsilon,5,15
ypsilon/5/15/123.jpg,ypsilon,5,15
ypsilon/5/15/124.jpg,ypsilon,5,15
ypsilon/5/15/125.jpg,ypsilon,5,15
ypsilon/5/15/126.jpg,ypsilon,5,15
ypsilon/5/15/127.jpg,ypsilon,5,15
ypsilon/5/15/128.jpg,ypsilon,5,15
ypsilon/5/15/129.jpg,ypsilon,5,15
ypsilon/5/15/13.jpg,ypsilon,5,15
ypsilon/5/15/130.jpg,ypsilon,5,15
ypsilon/5/15/131.jpg,ypsilon,5,15
ypsilon/5/15/132.jpg,ypsilon,5,15
ypsilon/5/15/133.jpg,ypsilon,5,15
ypsilon/5/15/134.jpg,ypsilon,5,15
ypsilon/5/15/135.jpg,ypsilon,5,15
ypsilon/5/15/136.jpg,ypsilon,5,15
ypsilon/5/15/137.jpg,ypsilon,5,15
ypsilon/5/15/138.jpg,ypsilon,5,15
ypsilon/5/15/139.jpg,ypsilon,5,15
ypsilon/5/15/14.jpg,ypsilon,5,15
ypsilon/5/15/140.jpg,ypsilon,5,15
ypsilon/5/15/141.jpg,ypsilon,5,15
ypsilon/5/15/142.jpg,ypsilon,5,15
ypsilon/5/15/143.jpg,ypsilon,5,15
ypsilon/5/15/144.jpg,ypsilon,5,15
ypsilon/5/15/145.jpg,ypsilon,5,15
ypsilon/5/15/146.jpg,ypsilon,5,15
ypsilon/5/15/147.jpg,ypsilon,5,15
ypsilon/5/15/148.jpg,ypsilon,5,15
ypsilon/5/15/149.jpg,ypsilon,5,15
ypsilon/5/15/15.jpg,ypsilon,5,15
ypsilon/5/15/150.jpg,ypsilon,5,15
ypsilon/5/15/151.jpg,ypsilon,5,15
ypsilon/5/15/152.jpg,ypsilon,5,15
ypsilon/5/15/153.jpg,ypsilon,5,15
ypsilon/5/15/154.jpg,ypsilon,5,15
ypsilon/5/15/155.jpg,ypsilon,5,15
ypsilon/5/15/156.jpg,ypsilon,5,15
ypsilon/5/15/157.jpg,ypsilon,5,15
ypsilon/5/15/158.jpg,ypsilon,5,15
ypsilon/5/15/159.jpg,ypsilon,5,15
ypsilon/5/15/16.jpg,ypsilon,5,15
ypsilon/5/15/160.jpg,ypsilon,5,15
ypsilon/5/15/161.jpg,ypsilon,5,15
ypsilon/5/15/162.jpg,ypsilon,5,15
ypsilon/5/15/163.jpg,ypsilon,5,15
ypsilon/5/15/164.jpg,ypsilon,5,15
ypsilon/5/15/165.jpg,ypsilon,5,15
ypsilon/5/15/166.jpg,ypsilon,5,15
ypsilon/5/15/167.jpg,ypsilon,5,15
ypsilon/5/15/168.jpg,ypsilon,5,15
ypsilon/5/15/169.jpg,ypsilon,5,15
ypsilon/5/15/17.jpg,ypsilon,5,15
ypsilon/5/15/170.jpg,ypsilon,5,15
ypsilon/5/15/171.jpg,ypsilon,5,15
ypsilon/5/15/172.jpg,ypsilon,5,15
ypsilon/5/15/173.jpg,ypsilon,5,15
ypsilon/5/15/174.jpg,ypsilon,5,15
ypsilon/5/15/175.jpg,ypsilon,5,15
ypsilon/5/15/176.jpg,ypsilon,5,15
ypsilon/5/15/177.jpg,ypsilon,5,15
ypsilon/5/15/178.jpg,ypsilon,5,15
ypsilon/5/15/179.jpg,ypsilon,5,15
ypsilon/5/15/18.jpg,ypsilon,5,15
ypsilon/5/15/180.jpg,ypsilon,5,15
ypsilon/5/15/181.jpg,ypsilon,5,15
ypsilon/5/15/182.jpg,ypsilon,5,15
ypsilon/5/15/183.jpg,ypsilon,5,15
ypsilon/5/15/184.jpg,ypsilon,5,15
ypsilon/5/15/185.jpg,ypsilon,5,15
ypsilon/5/15/186.jpg,ypsilon,5,15
ypsilon/5/15/187.jpg,ypsilon,5,15
ypsilon/5/15/188.jpg,ypsilon,5,15
ypsilon/5/15/189.jpg,ypsilon,5,15
ypsilon/5/15/19.jpg,ypsilon,5,15
ypsilon/5/15/190.jpg,ypsilon,5,15
ypsilon/5/15/191.jpg,ypsilon,5,15
ypsilon/5/15/192.jpg,ypsilon,5,15
ypsilon/5/15/193.jpg,ypsilon,5,15
ypsilon/5/15/194.jpg,ypsilon,5,15
ypsilon/5/15/195.jpg,ypsilon,5,15
ypsilon/5/15/196.jpg,ypsilon,5,15
ypsilon/5/15/197.jpg,ypsilon,5,15
ypsilon/5/15/198.jpg,ypsilon,5,15
ypsilon/5/15/199.jpg,ypsilon,5,15
ypsilon/5/15/2.jpg,ypsilon,5,15
ypsilon/5/15/20.jpg,ypsilon,5,15
ypsilon/5/15/200.jpg,ypsilon,5,15
ypsilon/5/15/21.jpg,ypsilon,5,15
ypsilon/5/15/22.jpg,ypsilon,5,15
ypsilon/5/15/23.jpg,ypsilon,5,15
ypsilon/5/15/24.jpg,ypsilon,5,15
ypsilon/5/15/25.jpg,ypsilon,5,15
ypsilon/5/15/26.jpg,ypsilon,5,15
ypsilon/5/15/27.jpg,ypsilon,5,15
ypsilon/5/15/28.jpg,ypsilon,5,15
ypsilon/5/15/29.jpg,ypsilon,5,15
ypsilon/5/15/3.jpg,ypsilon,5,15
ypsilon/5/15/30.jpg,ypsilon,5,15
ypsilon/5/15/31.jpg,ypsilon,5,15
ypsilon/5/15/32.jpg,ypsilon,5,15
ypsilon/5/15/33.jpg,ypsilon,5,15
ypsilon/5/15/34.jpg,ypsilon,5,15
ypsilon/5/15/35.jpg,ypsilon,5,15
ypsilon/5/15/36.jpg,ypsilon,5,15
ypsilon/5/15/37.jpg,ypsilon,5,15
ypsilon/5/15/38.jpg,ypsilon,5,15
ypsilon/5/15/39.jpg,ypsilon,5,15
ypsilon/5/15/4.jpg,ypsilon,5,15
ypsilon/5/15/40.jpg,ypsilon,5,15
ypsilon/5/15/41.jpg,ypsilon,5,15
ypsilon/5/15/42.jpg,ypsilon,5,15
ypsilon/5/15/43.jpg,ypsilon,5,15
ypsilon/5/15/44.jpg,ypsilon,5,15
ypsilon/5/15/45.jpg,ypsilon,5,15
ypsilon/5/15/46.jpg,ypsilon,5,15
ypsilon/5/15/47.jpg,ypsilon,5,15
ypsilon/5/15/48.jpg,ypsilon,5,15
ypsilon/5/15/49.jpg,ypsilon,5,15
ypsilon/5/15/5.jpg,ypsilon,5,15
ypsilon/5/15/50.jpg,ypsilon,5,15
ypsilon/5/15/51.jpg,ypsilon,5,15
ypsilon/5/15/52.jpg,ypsilon,5,15
ypsilon/5/15/53.jpg,ypsilon,5,15
ypsilon/5/15/54.jpg,ypsilon,5,15
ypsilon/5/15/55.jpg,ypsilon,5,15
ypsilon/5/15/56.jpg,ypsilon,5,15
ypsilon/5/15/57.jpg,ypsilon,5,15
ypsilon/5/15/58.jpg,ypsilon,5,15
ypsilon/5/15/59.jpg,ypsilon,5,15
ypsilon/5/15/6.jpg,ypsilon,5,15
ypsilon/5/15/60.jpg,ypsilon,5,15
ypsilon/5/15/61.jpg,ypsilon,5,15
ypsilon/5/15/62.jpg,ypsilon,5,15
ypsilon/5/15/63.jpg,ypsilon,5,15
ypsilon/5/15/64.jpg,ypsilon,5,15
ypsilon/5/15/65.jpg,ypsilon,5,15
ypsilon/5/15/66.jpg,ypsilon,5,15
ypsilon/5/15/67.jpg,ypsilon,5,15
ypsilon/5/15/68.jpg,ypsilon,5,15
ypsilon/5/15/69.jpg,ypsilon,5,15
ypsilon/5/15/7.jpg,ypsilon,5,15
ypsilon/5/15/70.jpg,ypsilon,5,15
ypsilon/5/15/71.jpg,ypsilon,5,15
ypsilon/5/15/72.jpg,ypsilon,5,15
ypsilon/5/15/73.jpg,ypsilon,5,15
ypsilon/5/15/74.jpg,ypsilon,5,15
ypsilon/5/15/75.jpg,ypsilon,5,15
ypsilon/5/15/76.jpg,ypsilon,5,15
ypsilon/5/15/77.jpg,ypsilon,5,15
ypsilon/5/15/78.jpg,ypsilon,5,15
ypsilon/5/15/79.jpg,ypsilon,5,15
ypsilon/5/15/8.jpg,ypsilon,5,15
ypsilon/5/15/80.jpg,ypsilon,5,15
ypsilon/5/15/81.jpg,ypsilon,5,15
ypsilon/5/15/82.jpg,ypsilon,5,15
ypsilon/5/15/83.jpg,ypsilon,5,15
ypsilon/5/15/84.jpg,ypsilon,5,15
ypsilon/5/15/85.jpg,ypsilon,5,15
ypsilon/5/15/86.jpg,ypsilon,5,15
ypsilon/5/15/87.jpg,ypsilon,5,15
ypsilon/5/15/88.jpg,ypsilon,5,15
ypsilon/5/15/89.jpg,ypsilon,5,15
ypsilon/5/15/9.jpg,ypsilon,5,15
ypsilon/5/15/90.jpg,ypsilon,5,15
ypsilon/5/15/91.jpg,ypsilon,5,15
ypsilon/5/15/92.jpg,ypsilon,5,15
ypsilon/5/15/93.jpg,ypsilon,5,15
ypsilon/5/15/94.jpg,ypsilon,5,15
ypsilon/5/15/95.jpg,ypsilon,5,15
ypsilon/5/15/96.jpg,ypsilon,5,15
ypsilon/5/15/97.jpg,ypsilon,5,15
ypsilon/5/15/98.jpg,ypsilon,5,15
ypsilon/5/15/99.jpg,ypsilon,5,15
ypsilon/5/16/1.jpg,ypsilon,5,16
ypsilon/5/16/10.jpg,ypsilon,5,16
ypsilon/5/16/100.jpg,ypsilon,5,16
ypsilon/5/16/101.jpg,ypsilon,5,16
ypsilon/5/16/102.jpg,ypsilon,5,16
ypsilon/5/16/103.jpg,ypsilon,5,16
ypsilon/5/16/104.jpg,ypsilon,5,16
ypsilon/5/16/105.jpg,ypsilon,5,16
ypsilon/5/16/106.jpg,ypsilon,5,16
ypsilon/5/16/107.jpg,ypsilon,5,16
ypsilon/5/16/108.jpg,ypsilon,5,16
ypsilon/5/16/109.jpg,ypsilon,5,16
ypsilon/5/16/11.jpg,ypsilon,5,16
ypsilon/5/16/110.jpg,ypsilon,5,16
ypsilon/5/16/111.jpg,ypsilon,5,16
ypsilon/5/16/112.jpg,ypsilon,5,16
ypsilon/5/16/113.jpg,ypsilon,5,16
ypsilon/5/16/114.jpg,ypsilon,5,16
ypsilon/5/16/115.jpg,ypsilon,5,16
ypsilon/5/16/116.jpg,ypsilon,5,16
ypsilon/5/16/117.jpg,ypsilon,5,16
ypsilon/5/16/118.jpg,ypsilon,5,16
ypsilon/5/16/119.jpg,ypsilon,5,16
ypsilon/5/16/12.jpg,ypsilon,5,16
ypsilon/5/16/120.jpg,ypsilon,5,16
ypsilon/5/16/121.jpg,ypsilon,5,16
ypsilon/5/16/122.jpg,ypsilon,5,16
ypsilon/5/16/123.jpg,ypsilon,5,16
ypsilon/5/16/124.jpg,ypsilon,5,16
ypsilon/5/16/125.jpg,ypsilon,5,16
ypsilon/5/16/126.jpg,ypsilon,5,16
ypsilon/5/16/127.jpg,ypsilon,5,16
ypsilon/5/16/128.jpg,ypsilon,5,16
ypsilon/5/16/129.jpg,ypsilon,5,16
ypsilon/5/16/13.jpg,ypsilon,5,16
ypsilon/5/16/130.jpg,ypsilon,5,16
ypsilon/5/16/131.jpg,ypsilon,5,16
ypsilon/5/16/132.jpg,ypsilon,5,16
ypsilon/5/16/133.jpg,ypsilon,5,16
ypsilon/5/16/134.jpg,ypsilon,5,16
ypsilon/5/16/135.jpg,ypsilon,5,16
ypsilon/5/16/136.jpg,ypsilon,5,16
ypsilon/5/16/137.jpg,ypsilon,5,16
ypsilon/5/16/138.jpg,ypsilon,5,16
ypsilon/5/16/139.jpg,ypsilon,5,16
ypsilon/5/16/14.jpg,ypsilon,5,16
ypsilon/5/16/140.jpg,ypsilon,5,16
ypsilon/5/16/141.jpg,ypsilon,5,16
ypsilon/5/16/142.jpg,ypsilon,5,16
ypsilon/5/16/143.jpg,ypsilon,5,16
ypsilon/5/16/144.jpg,ypsilon,5,16
ypsilon/5/16/145.jpg,ypsilon,5,16
ypsilon/5/16/146.jpg,ypsilon,5,16
ypsilon/5/16/147.jpg,ypsilon,5,16
ypsilon/5/16/148.jpg,ypsilon,5,16
ypsilon/5/16/149.jpg,ypsilon,5,16
ypsilon/5/16/15.jpg,ypsilon,5,16
ypsilon/5/16/150.jpg,ypsilon,5,16
ypsilon/5/16/151.jpg,ypsilon,5,16
ypsilon/5/16/152.jpg,ypsilon,5,16
ypsilon/5/16/153.jpg,ypsilon,5,16
ypsilon/5/16/154.jpg,ypsilon,5,16
ypsilon/5/16/155.jpg,ypsilon,5,16
ypsilon/5/16/156.jpg,ypsilon,5,16
ypsilon/5/16/157.jpg,ypsilon,5,16
ypsilon/5/16/158.jpg,ypsilon,5,16
ypsilon/5/16/159.jpg,ypsilon,5,16
ypsilon/5/16/16.jpg,ypsilon,5,16
ypsilon/5/16/160.jpg,ypsilon,5,16
ypsilon/5/16/161.jpg,ypsilon,5,16
ypsilon/5/16/162.jpg,ypsilon,5,16
ypsilon/5/16/163.jpg,ypsilon,5,16
ypsilon/5/16/164.jpg,ypsilon,5,16
ypsilon/5/16/165.jpg,ypsilon,5,16
ypsilon/5/16/166.jpg,ypsilon,5,16
ypsilon/5/16/167.jpg,ypsilon,5,16
ypsilon/5/16/168.jpg,ypsilon,5,16
ypsilon/5/16/169.jpg,ypsilon,5,16
ypsilon/5/16/17.jpg,ypsilon,5,16
ypsilon/5/16/170.jpg,ypsilon,5,16
ypsilon/5/16/171.jpg,ypsilon,5,16
ypsilon/5/16/172.jpg,ypsilon,5,16
ypsilon/5/16/173.jpg,ypsilon,5,16
ypsilon/5/16/174.jpg,ypsilon,5,16
ypsilon/5/16/175.jpg,ypsilon,5,16
ypsilon/5/16/176.jpg,ypsilon,5,16
ypsilon/5/16/177.jpg,ypsilon,5,16
ypsilon/5/16/178.jpg,ypsilon,5,16
ypsilon/5/16/179.jpg,ypsilon,5,16
ypsilon/5/16/18.jpg,ypsilon,5,16
ypsilon/5/16/180.jpg,ypsilon,5,16
ypsilon/5/16/181.jpg,ypsilon,5,16
ypsilon/5/16/182.jpg,ypsilon,5,16
ypsilon/5/16/183.jpg,ypsilon,5,16
ypsilon/5/16/184.jpg,ypsilon,5,16
ypsilon/5/16/185.jpg,ypsilon,5,16
ypsilon/5/16/186.jpg,ypsilon,5,16
ypsilon/5/16/187.jpg,ypsilon,5,16
ypsilon/5/16/188.jpg,ypsilon,5,16
ypsilon/5/16/189.jpg,ypsilon,5,16
ypsilon/5/16/19.jpg,ypsilon,5,16
ypsilon/5/16/190.jpg,ypsilon,5,16
ypsilon/5/16/191.jpg,ypsilon,5,16
ypsilon/5/16/192.jpg,ypsilon,5,16
ypsilon/5/16/193.jpg,ypsilon,5,16
ypsilon/5/16/194.jpg,ypsilon,5,16
ypsilon/5/16/195.jpg,ypsilon,5,16
ypsilon/5/16/196.jpg,ypsilon,5,16
ypsilon/5/16/197.jpg,ypsilon,5,16
ypsilon/5/16/198.jpg,ypsilon,5,16
ypsilon/5/16/199.jpg,ypsilon,5,16
ypsilon/5/16/2.jpg,ypsilon,5,16
ypsilon/5/16/20.jpg,ypsilon,5,16
ypsilon/5/16/200.jpg,ypsilon,5,16
ypsilon/5/16/201.jpg,ypsilon,5,16
ypsilon/5/16/202.jpg,ypsilon,5,16
ypsilon/5/16/203.jpg,ypsilon,5,16
ypsilon/5/16/204.jpg,ypsilon,5,16
ypsilon/5/16/205.jpg,ypsilon,5,16
ypsilon/5/16/206.jpg,ypsilon,5,16
ypsilon/5/16/207.jpg,ypsilon,5,16
ypsilon/5/16/208.jpg,ypsilon,5,16
ypsilon/5/16/209.jpg,ypsilon,5,16
ypsilon/5/16/21.jpg,ypsilon,5,16
ypsilon/5/16/210.jpg,ypsilon,5,16
ypsilon/5/16/211.jpg,ypsilon,5,16
ypsilon/5/16/212.jpg,ypsilon,5,16
ypsilon/5/16/213.jpg,ypsilon,5,16
ypsilon/5/16/214.jpg,ypsilon,5,16
ypsilon/5/16/215.jpg,ypsilon,5,16
ypsilon/5/16/216.jpg,ypsilon,5,16
ypsilon/5/16/217.jpg,ypsilon,5,16
ypsilon/5/16/218.jpg,ypsilon,5,16
ypsilon/5/16/219.jpg,ypsilon,5,16
ypsilon/5/16/22.jpg,ypsilon,5,16
ypsilon/5/16/23.jpg,ypsilon,5,16
ypsilon/5/16/24.jpg,ypsilon,5,16
ypsilon/5/16/25.jpg,ypsilon,5,16
ypsilon/5/16/26.jpg,ypsilon,5,16
ypsilon/5/16/27.jpg,ypsilon,5,16
ypsilon/5/16/28.jpg,ypsilon,5,16
ypsilon/5/16/29.jpg,ypsilon,5,16
ypsilon/5/16/3.jpg,ypsilon,5,16
ypsilon/5/16/30.jpg,ypsilon,5,16
ypsilon/5/16/31.jpg,ypsilon,5,16
ypsilon/5/16/32.jpg,ypsilon,5,16
ypsilon/5/16/33.jpg,ypsilon,5,16
ypsilon/5/16/34.jpg,ypsilon,5,16
ypsilon/5/16/35.jpg,ypsilon,5,16
ypsilon/5/16/36.jpg,ypsilon,5,16
ypsilon/5/16/37.jpg,ypsilon,5,16
ypsilon/5/16/38.jpg,ypsilon,5,16
ypsilon/5/16/39.jpg,ypsilon,5,16
ypsilon/5/16/4.jpg,ypsilon,5,16
ypsilon/5/16/40.jpg,ypsilon,5,16
ypsilon/5/16/41.jpg,ypsilon,5,16
ypsilon/5/16/42.jpg,ypsilon,5,16
ypsilon/5/16/43.jpg,ypsilon,5,16
ypsilon/5/16/44.jpg,ypsilon,5,16
ypsilon/5/16/45.jpg,ypsilon,5,16
ypsilon/5/16/46.jpg,ypsilon,5,16
ypsilon/5/16/47.jpg,ypsilon,5,16
ypsilon/5/16/48.jpg,ypsilon,5,16
ypsilon/5/16/49.jpg,ypsilon,5,16
ypsilon/5/16/5.jpg,ypsilon,5,16
ypsilon/5/16/50.jpg,ypsilon,5,16
ypsilon/5/16/51.jpg,ypsilon,5,16
ypsilon/5/16/52.jpg,ypsilon,5,16
ypsilon/5/16/53.jpg,ypsilon,5,16
ypsilon/5/16/54.jpg,ypsilon,5,16
ypsilon/5/16/55.jpg,ypsilon,5,16
ypsilon/5/16/56.jpg,ypsilon,5,16
ypsilon/5/16/57.jpg,ypsilon,5,16
ypsilon/5/16/58.jpg,ypsilon,5,16
ypsilon/5/16/59.jpg,ypsilon,5,16
ypsilon/5/16/6.jpg,ypsilon,5,16
ypsilon/5/16/60.jpg,ypsilon,5,16
ypsilon/5/16/61.jpg,ypsilon,5,16
ypsilon/5/16/62.jpg,ypsilon,5,16
ypsilon/5/16/63.jpg,ypsilon,5,16
ypsilon/5/16/64.jpg,ypsilon,5,16
ypsilon/5/16/65.jpg,ypsilon,5,16
ypsilon/5/16/66.jpg,ypsilon,5,16
ypsilon/5/16/67.jpg,ypsilon,5,16
ypsilon/5/16/68.jpg,ypsilon,5,16
ypsilon/5/16/69.jpg,ypsilon,5,16
ypsilon/5/16/7.jpg,ypsilon,5,16
ypsilon/5/16/70.jpg,ypsilon,5,16
ypsilon/5/16/71.jpg,ypsilon,5,16
ypsilon/5/16/72.jpg,ypsilon,5,16
ypsilon/5/16/73.jpg,ypsilon,5,16
ypsilon/5/16/74.jpg,ypsilon,5,16
ypsilon/5/16/75.jpg,ypsilon,5,16
ypsilon/5/16/76.jpg,ypsilon,5,16
ypsilon/5/16/77.jpg,ypsilon,5,16
ypsilon/5/16/78.jpg,ypsilon,5,16
ypsilon/5/16/79.jpg,ypsilon,5,16
ypsilon/5/16/8.jpg,ypsilon,5,16
ypsilon/5/16/80.jpg,ypsilon,5,16
ypsilon/5/16/81.jpg,ypsilon,5,16
ypsilon/5/16/82.jpg,ypsilon,5,16
ypsilon/5/16/83.jpg,ypsilon,5,16
ypsilon/5/16/84.jpg,ypsilon,5,16
ypsilon/5/16/85.jpg,ypsilon,5,16
ypsilon/5/16/86.jpg,ypsilon,5,16
ypsilon/5/16/87.jpg,ypsilon,5,16
ypsilon/5/16/88.jpg,ypsilon,5,16
ypsilon/5/16/89.jpg,ypsilon,5,16
ypsilon/5/16/9.jpg,ypsilon,5,16
ypsilon/5/16/90.jpg,ypsilon,5,16
ypsilon/5/16/91.jpg,ypsilon,5,16
ypsilon/5/16/92.jpg,ypsilon,5,16
ypsilon/5/16/93.jpg,ypsilon,5,16
ypsilon/5/16/94.jpg,ypsilon,5,16
ypsilon/5/16/95.jpg,ypsilon,5,16
ypsilon/5/16/96.jpg,ypsilon,5,16
ypsilon/5/16/97.jpg,ypsilon,5,16
ypsilon/5/16/98.jpg,ypsilon,5,16
ypsilon/5/16/99.jpg,ypsilon,5,16
ypsilon/5/17/1.jpg,ypsilon,5,17
ypsilon/5/17/10.jpg,ypsilon,5,17
ypsilon/5/17/100.jpg,ypsilon,5,17
ypsilon/5/17/101.jpg,ypsilon,5,17
ypsilon/5/17/102.jpg,ypsilon,5,17
ypsilon/5/17/103.jpg,ypsilon,5,17
ypsilon/5/17/104.jpg,ypsilon,5,17
ypsilon/5/17/105.jpg,ypsilon,5,17
ypsilon/5/17/106.jpg,ypsilon,5,17
ypsilon/5/17/107.jpg,ypsilon,5,17
ypsilon/5/17/108.jpg,ypsilon,5,17
ypsilon/5/17/109.jpg,ypsilon,5,17
ypsilon/5/17/11.jpg,ypsilon,5,17
ypsilon/5/17/110.jpg,ypsilon,5,17
ypsilon/5/17/111.jpg,ypsilon,5,17
ypsilon/5/17/112.jpg,ypsilon,5,17
ypsilon/5/17/113.jpg,ypsilon,5,17
ypsilon/5/17/114.jpg,ypsilon,5,17
ypsilon/5/17/115.jpg,ypsilon,5,17
ypsilon/5/17/116.jpg,ypsilon,5,17
ypsilon/5/17/117.jpg,ypsilon,5,17
ypsilon/5/17/118.jpg,ypsilon,5,17
ypsilon/5/17/119.jpg,ypsilon,5,17
ypsilon/5/17/12.jpg,ypsilon,5,17
ypsilon/5/17/120.jpg,ypsilon,5,17
ypsilon/5/17/121.jpg,ypsilon,5,17
ypsilon/5/17/122.jpg,ypsilon,5,17
ypsilon/5/17/123.jpg,ypsilon,5,17
ypsilon/5/17/124.jpg,ypsilon,5,17
ypsilon/5/17/125.jpg,ypsilon,5,17
ypsilon/5/17/126.jpg,ypsilon,5,17
ypsilon/5/17/127.jpg,ypsilon,5,17
ypsilon/5/17/128.jpg,ypsilon,5,17
ypsilon/5/17/129.jpg,ypsilon,5,17
ypsilon/5/17/13.jpg,ypsilon,5,17
ypsilon/5/17/130.jpg,ypsilon,5,17
ypsilon/5/17/131.jpg,ypsilon,5,17
ypsilon/5/17/132.jpg,ypsilon,5,17
ypsilon/5/17/133.jpg,ypsilon,5,17
ypsilon/5/17/134.jpg,ypsilon,5,17
ypsilon/5/17/135.jpg,ypsilon,5,17
ypsilon/5/17/136.jpg,ypsilon,5,17
ypsilon/5/17/137.jpg,ypsilon,5,17
ypsilon/5/17/138.jpg,ypsilon,5,17
ypsilon/5/17/139.jpg,ypsilon,5,17
ypsilon/5/17/14.jpg,ypsilon,5,17
ypsilon/5/17/140.jpg,ypsilon,5,17
ypsilon/5/17/141.jpg,ypsilon,5,17
ypsilon/5/17/142.jpg,ypsilon,5,17
ypsilon/5/17/143.jpg,ypsilon,5,17
ypsilon/5/17/144.jpg,ypsilon,5,17
ypsilon/5/17/145.jpg,ypsilon,5,17
ypsilon/5/17/146.jpg,ypsilon,5,17
ypsilon/5/17/147.jpg,ypsilon,5,17
ypsilon/5/17/148.jpg,ypsilon,5,17
ypsilon/5/17/149.jpg,ypsilon,5,17
ypsilon/5/17/15.jpg,ypsilon,5,17
ypsilon/5/17/150.jpg,ypsilon,5,17
ypsilon/5/17/151.jpg,ypsilon,5,17
ypsilon/5/17/152.jpg,ypsilon,5,17
ypsilon/5/17/153.jpg,ypsilon,5,17
ypsilon/5/17/154.jpg,ypsilon,5,17
ypsilon/5/17/155.jpg,ypsilon,5,17
ypsilon/5/17/156.jpg,ypsilon,5,17
ypsilon/5/17/157.jpg,ypsilon,5,17
ypsilon/5/17/158.jpg,ypsilon,5,17
ypsilon/5/17/159.jpg,ypsilon,5,17
ypsilon/5/17/16.jpg,ypsilon,5,17
ypsilon/5/17/160.jpg,ypsilon,5,17
ypsilon/5/17/161.jpg,ypsilon,5,17
ypsilon/5/17/162.jpg,ypsilon,5,17
ypsilon/5/17/163.jpg,ypsilon,5,17
ypsilon/5/17/164.jpg,ypsilon,5,17
ypsilon/5/17/165.jpg,ypsilon,5,17
ypsilon/5/17/166.jpg,ypsilon,5,17
ypsilon/5/17/167.jpg,ypsilon,5,17
ypsilon/5/17/168.jpg,ypsilon,5,17
ypsilon/5/17/169.jpg,ypsilon,5,17
ypsilon/5/17/17.jpg,ypsilon,5,17
ypsilon/5/17/170.jpg,ypsilon,5,17
ypsilon/5/17/171.jpg,ypsilon,5,17
ypsilon/5/17/172.jpg,ypsilon,5,17
ypsilon/5/17/173.jpg,ypsilon,5,17
ypsilon/5/17/174.jpg,ypsilon,5,17
ypsilon/5/17/175.jpg,ypsilon,5,17
ypsilon/5/17/176.jpg,ypsilon,5,17
ypsilon/5/17/177.jpg,ypsilon,5,17
ypsilon/5/17/178.jpg,ypsilon,5,17
ypsilon/5/17/179.jpg,ypsilon,5,17
ypsilon/5/17/18.jpg,ypsilon,5,17
ypsilon/5/17/180.jpg,ypsilon,5,17
ypsilon/5/17/181.jpg,ypsilon,5,17
ypsilon/5/17/182.jpg,ypsilon,5,17
ypsilon/5/17/183.jpg,ypsilon,5,17
ypsilon/5/17/184.jpg,ypsilon,5,17
ypsilon/5/17/185.jpg,ypsilon,5,17
ypsilon/5/17/186.jpg,ypsilon,5,17
ypsilon/5/17/187.jpg,ypsilon,5,17
ypsilon/5/17/188.jpg,ypsilon,5,17
ypsilon/5/17/189.jpg,ypsilon,5,17
ypsilon/5/17/19.jpg,ypsilon,5,17
ypsilon/5/17/190.jpg,ypsilon,5,17
ypsilon/5/17/191.jpg,ypsilon,5,17
ypsilon/5/17/192.jpg,ypsilon,5,17
ypsilon/5/17/193.jpg,ypsilon,5,17
ypsilon/5/17/194.jpg,ypsilon,5,17
ypsilon/5/17/195.jpg,ypsilon,5,17
ypsilon/5/17/196.jpg,ypsilon,5,17
ypsilon/5/17/197.jpg,ypsilon,5,17
ypsilon/5/17/198.jpg,ypsilon,5,17
ypsilon/5/17/199.jpg,ypsilon,5,17
ypsilon/5/17/2.jpg,ypsilon,5,17
ypsilon/5/17/20.jpg,ypsilon,5,17
ypsilon/5/17/200.jpg,ypsilon,5,17
ypsilon/5/17/201.jpg,ypsilon,5,17
ypsilon/5/17/202.jpg,ypsilon,5,17
ypsilon/5/17/203.jpg,ypsilon,5,17
ypsilon/5/17/204.jpg,ypsilon,5,17
ypsilon/5/17/205.jpg,ypsilon,5,17
ypsilon/5/17/21.jpg,ypsilon,5,17
ypsilon/5/17/22.jpg,ypsilon,5,17
ypsilon/5/17/23.jpg,ypsilon,5,17
ypsilon/5/17/24.jpg,ypsilon,5,17
ypsilon/5/17/25.jpg,ypsilon,5,17
ypsilon/5/17/26.jpg,ypsilon,5,17
ypsilon/5/17/27.jpg,ypsilon,5,17
ypsilon/5/17/28.jpg,ypsilon,5,17
ypsilon/5/17/29.jpg,ypsilon,5,17
ypsilon/5/17/3.jpg,ypsilon,5,17
ypsilon/5/17/30.jpg,ypsilon,5,17
ypsilon/5/17/31.jpg,ypsilon,5,17
ypsilon/5/17/32.jpg,ypsilon,5,17
ypsilon/5/17/33.jpg,ypsilon,5,17
ypsilon/5/17/34.jpg,ypsilon,5,17
ypsilon/5/17/35.jpg,ypsilon,5,17
ypsilon/5/17/36.jpg,ypsilon,5,17
ypsilon/5/17/37.jpg,ypsilon,5,17
ypsilon/5/17/38.jpg,ypsilon,5,17
ypsilon/5/17/39.jpg,ypsilon,5,17
ypsilon/5/17/4.jpg,ypsilon,5,17
ypsilon/5/17/40.jpg,ypsilon,5,17
ypsilon/5/17/41.jpg,ypsilon,5,17
ypsilon/5/17/42.jpg,ypsilon,5,17
ypsilon/5/17/43.jpg,ypsilon,5,17
ypsilon/5/17/44.jpg,ypsilon,5,17
ypsilon/5/17/45.jpg,ypsilon,5,17
ypsilon/5/17/46.jpg,ypsilon,5,17
ypsilon/5/17/47.jpg,ypsilon,5,17
ypsilon/5/17/48.jpg,ypsilon,5,17
ypsilon/5/17/49.jpg,ypsilon,5,17
ypsilon/5/17/5.jpg,ypsilon,5,17
ypsilon/5/17/50.jpg,ypsilon,5,17
ypsilon/5/17/51.jpg,ypsilon,5,17
ypsilon/5/17/52.jpg,ypsilon,5,17
ypsilon/5/17/53.jpg,ypsilon,5,17
ypsilon/5/17/54.jpg,ypsilon,5,17
ypsilon/5/17/55.jpg,ypsilon,5,17
ypsilon/5/17/56.jpg,ypsilon,5,17
ypsilon/5/17/57.jpg,ypsilon,5,17
ypsilon/5/17/58.jpg,ypsilon,5,17
ypsilon/5/17/59.jpg,ypsilon,5,17
ypsilon/5/17/6.jpg,ypsilon,5,17
ypsilon/5/17/60.jpg,ypsilon,5,17
ypsilon/5/17/61.jpg,ypsilon,5,17
ypsilon/5/17/62.jpg,ypsilon,5,17
ypsilon/5/17/63.jpg,ypsilon,5,17
ypsilon/5/17/64.jpg,ypsilon,5,17
ypsilon/5/17/65.jpg,ypsilon,5,17
ypsilon/5/17/66.jpg,ypsilon,5,17
ypsilon/5/17/67.jpg,ypsilon,5,17
ypsilon/5/17/68.jpg,ypsilon,5,17
ypsilon/5/17/69.jpg,ypsilon,5,17
ypsilon/5/17/7.jpg,ypsilon,5,17
ypsilon/5/17/70.jpg,ypsilon,5,17
ypsilon/5/17/71.jpg,ypsilon,5,17
ypsilon/5/17/72.jpg,ypsilon,5,17
ypsilon/5/17/73.jpg,ypsilon,5,17
ypsilon/5/17/74.jpg,ypsilon,5,17
ypsilon/5/17/75.jpg,ypsilon,5,17
ypsilon/5/17/76.jpg,ypsilon,5,17
ypsilon/5/17/77.jpg,ypsilon,5,17
ypsilon/5/17/78.jpg,ypsilon,5,17
ypsilon/5/17/79.jpg,ypsilon,5,17
ypsilon/5/17/8.jpg,ypsilon,5,17
ypsilon/5/17/80.jpg,ypsilon,5,17
ypsilon/5/17/81.jpg,ypsilon,5,17
ypsilon/5/17/82.jpg,ypsilon,5,17
ypsilon/5/17/83.jpg,ypsilon,5,17
ypsilon/5/17/84.jpg,ypsilon,5,17
ypsilon/5/17/85.jpg,ypsilon,5,17
ypsilon/5/17/86.jpg,ypsilon,5,17
ypsilon/5/17/87.jpg,ypsilon,5,17
ypsilon/5/17/88.jpg,ypsilon,5,17
ypsilon/5/17/89.jpg,ypsilon,5,17
ypsilon/5/17/9.jpg,ypsilon,5,17
ypsilon/5/17/90.jpg,ypsilon,5,17
ypsilon/5/17/91.jpg,ypsilon,5,17
ypsilon/5/17/92.jpg,ypsilon,5,17
ypsilon/5/17/93.jpg,ypsilon,5,17
ypsilon/5/17/94.jpg,ypsilon,5,17
ypsilon/5/17/95.jpg,ypsilon,5,17
ypsilon/5/17/96.jpg,ypsilon,5,17
ypsilon/5/17/97.jpg,ypsilon,5,17
ypsilon/5/17/98.jpg,ypsilon,5,17
ypsilon/5/17/99.jpg,ypsilon,5,17
ypsilon/6/18/1.jpg,ypsilon,6,18
ypsilon/6/18/10.jpg,ypsilon,6,18
ypsilon/6/18/100.jpg,ypsilon,6,18
ypsilon/6/18/101.jpg,ypsilon,6,18
ypsilon/6/18/102.jpg,ypsilon,6,18
ypsilon/6/18/103.jpg,ypsilon,6,18
ypsilon/6/18/104.jpg,ypsilon,6,18
ypsilon/6/18/105.jpg,ypsilon,6,18
ypsilon/6/18/106.jpg,ypsilon,6,18
ypsilon/6/18/107.jpg,ypsilon,6,18
ypsilon/6/18/108.jpg,ypsilon,6,18
ypsilon/6/18/109.jpg,ypsilon,6,18
ypsilon/6/18/11.jpg,ypsilon,6,18
ypsilon/6/18/110.jpg,ypsilon,6,18
ypsilon/6/18/111.jpg,ypsilon,6,18
ypsilon/6/18/112.jpg,ypsilon,6,18
ypsilon/6/18/113.jpg,ypsilon,6,18
ypsilon/6/18/114.jpg,ypsilon,6,18
ypsilon/6/18/115.jpg,ypsilon,6,18
ypsilon/6/18/116.jpg,ypsilon,6,18
ypsilon/6/18/117.jpg,ypsilon,6,18
ypsilon/6/18/118.jpg,ypsilon,6,18
ypsilon/6/18/119.jpg,ypsilon,6,18
ypsilon/6/18/12.jpg,ypsilon,6,18
ypsilon/6/18/120.jpg,ypsilon,6,18
ypsilon/6/18/121.jpg,ypsilon,6,18
ypsilon/6/18/122.jpg,ypsilon,6,18
ypsilon/6/18/123.jpg,ypsilon,6,18
ypsilon/6/18/124.jpg,ypsilon,6,18
ypsilon/6/18/125.jpg,ypsilon,6,18
ypsilon/6/18/126.jpg,ypsilon,6,18
ypsilon/6/18/127.jpg,ypsilon,6,18
ypsilon/6/18/128.jpg,ypsilon,6,18
ypsilon/6/18/129.jpg,ypsilon,6,18
ypsilon/6/18/13.jpg,ypsilon,6,18
ypsilon/6/18/130.jpg,ypsilon,6,18
ypsilon/6/18/131.jpg,ypsilon,6,18
ypsilon/6/18/132.jpg,ypsilon,6,18
ypsilon/6/18/133.jpg,ypsilon,6,18
ypsilon/6/18/134.jpg,ypsilon,6,18
ypsilon/6/18/135.jpg,ypsilon,6,18
ypsilon/6/18/136.jpg,ypsilon,6,18
ypsilon/6/18/137.jpg,ypsilon,6,18
ypsilon/6/18/138.jpg,ypsilon,6,18
ypsilon/6/18/139.jpg,ypsilon,6,18
ypsilon/6/18/14.jpg,ypsilon,6,18
ypsilon/6/18/140.jpg,ypsilon,6,18
ypsilon/6/18/141.jpg,ypsilon,6,18
ypsilon/6/18/142.jpg,ypsilon,6,18
ypsilon/6/18/143.jpg,ypsilon,6,18
ypsilon/6/18/144.jpg,ypsilon,6,18
ypsilon/6/18/145.jpg,ypsilon,6,18
ypsilon/6/18/146.jpg,ypsilon,6,18
ypsilon/6/18/147.jpg,ypsilon,6,18
ypsilon/6/18/148.jpg,ypsilon,6,18
ypsilon/6/18/149.jpg,ypsilon,6,18
ypsilon/6/18/15.jpg,ypsilon,6,18
ypsilon/6/18/150.jpg,ypsilon,6,18
ypsilon/6/18/151.jpg,ypsilon,6,18
ypsilon/6/18/152.jpg,ypsilon,6,18
ypsilon/6/18/153.jpg,ypsilon,6,18
ypsilon/6/18/154.jpg,ypsilon,6,18
ypsilon/6/18/155.jpg,ypsilon,6,18
ypsilon/6/18/156.jpg,ypsilon,6,18
ypsilon/6/18/157.jpg,ypsilon,6,18
ypsilon/6/18/158.jpg,ypsilon,6,18
ypsilon/6/18/159.jpg,ypsilon,6,18
ypsilon/6/18/16.jpg,ypsilon,6,18
ypsilon/6/18/160.jpg,ypsilon,6,18
ypsilon/6/18/161.jpg,ypsilon,6,18
ypsilon/6/18/162.jpg,ypsilon,6,18
ypsilon/6/18/163.jpg,ypsilon,6,18
ypsilon/6/18/164.jpg,ypsilon,6,18
ypsilon/6/18/165.jpg,ypsilon,6,18
ypsilon/6/18/166.jpg,ypsilon,6,18
ypsilon/6/18/167.jpg,ypsilon,6,18
ypsilon/6/18/168.jpg,ypsilon,6,18
ypsilon/6/18/169.jpg,ypsilon,6,18
ypsilon/6/18/17.jpg,ypsilon,6,18
ypsilon/6/18/170.jpg,ypsilon,6,18
ypsilon/6/18/171.jpg,ypsilon,6,18
ypsilon/6/18/172.jpg,ypsilon,6,18
ypsilon/6/18/173.jpg,ypsilon,6,18
ypsilon/6/18/174.jpg,ypsilon,6,18
ypsilon/6/18/175.jpg,ypsilon,6,18
ypsilon/6/18/176.jpg,ypsilon,6,18
ypsilon/6/18/177.jpg,ypsilon,6,18
ypsilon/6/18/178.jpg,ypsilon,6,18
ypsilon/6/18/179.jpg,ypsilon,6,18
ypsilon/6/18/18.jpg,ypsilon,6,18
ypsilon/6/18/180.jpg,ypsilon,6,18
ypsilon/6/18/181.jpg,ypsilon,6,18
ypsilon/6/18/182.jpg,ypsilon,6,18
ypsilon/6/18/183.jpg,ypsilon,6,18
ypsilon/6/18/184.jpg,ypsilon,6,18
ypsilon/6/18/185.jpg,ypsilon,6,18
ypsilon/6/18/186.jpg,ypsilon,6,18
ypsilon/6/18/187.jpg,ypsilon,6,18
ypsilon/6/18/188.jpg,ypsilon,6,18
ypsilon/6/18/189.jpg,ypsilon,6,18
ypsilon/6/18/19.jpg,ypsilon,6,18
ypsilon/6/18/190.jpg,ypsilon,6,18
ypsilon/6/18/191.jpg,ypsilon,6,18
ypsilon/6/18/192.jpg,ypsilon,6,18
ypsilon/6/18/193.jpg,ypsilon,6,18
ypsilon/6/18/194.jpg,ypsilon,6,18
ypsilon/6/18/195.jpg,ypsilon,6,18
ypsilon/6/18/196.jpg,ypsilon,6,18
ypsilon/6/18/197.jpg,ypsilon,6,18
ypsilon/6/18/198.jpg,ypsilon,6,18
ypsilon/6/18/199.jpg,ypsilon,6,18
ypsilon/6/18/2.jpg,ypsilon,6,18
ypsilon/6/18/20.jpg,ypsilon,6,18
ypsilon/6/18/200.jpg,ypsilon,6,18
ypsilon/6/18/201.jpg,ypsilon,6,18
ypsilon/6/18/202.jpg,ypsilon,6,18
ypsilon/6/18/203.jpg,ypsilon,6,18
ypsilon/6/18/21.jpg,ypsilon,6,18
ypsilon/6/18/22.jpg,ypsilon,6,18
ypsilon/6/18/23.jpg,ypsilon,6,18
ypsilon/6/18/24.jpg,ypsilon,6,18
ypsilon/6/18/25.jpg,ypsilon,6,18
ypsilon/6/18/26.jpg,ypsilon,6,18
ypsilon/6/18/27.jpg,ypsilon,6,18
ypsilon/6/18/28.jpg,ypsilon,6,18
ypsilon/6/18/29.jpg,ypsilon,6,18
ypsilon/6/18/3.jpg,ypsilon,6,18
ypsilon/6/18/30.jpg,ypsilon,6,18
ypsilon/6/18/31.jpg,ypsilon,6,18
ypsilon/6/18/32.jpg,ypsilon,6,18
ypsilon/6/18/33.jpg,ypsilon,6,18
ypsilon/6/18/34.jpg,ypsilon,6,18
ypsilon/6/18/35.jpg,ypsilon,6,18
ypsilon/6/18/36.jpg,ypsilon,6,18
ypsilon/6/18/37.jpg,ypsilon,6,18
ypsilon/6/18/38.jpg,ypsilon,6,18
ypsilon/6/18/39.jpg,ypsilon,6,18
ypsilon/6/18/4.jpg,ypsilon,6,18
ypsilon/6/18/40.jpg,ypsilon,6,18
ypsilon/6/18/41.jpg,ypsilon,6,18
ypsilon/6/18/42.jpg,ypsilon,6,18
ypsilon/6/18/43.jpg,ypsilon,6,18
ypsilon/6/18/44.jpg,ypsilon,6,18
ypsilon/6/18/45.jpg,ypsilon,6,18
ypsilon/6/18/46.jpg,ypsilon,6,18
ypsilon/6/18/47.jpg,ypsilon,6,18
ypsilon/6/18/48.jpg,ypsilon,6,18
ypsilon/6/18/49.jpg,ypsilon,6,18
ypsilon/6/18/5.jpg,ypsilon,6,18
ypsilon/6/18/50.jpg,ypsilon,6,18
ypsilon/6/18/51.jpg,ypsilon,6,18
ypsilon/6/18/52.jpg,ypsilon,6,18
ypsilon/6/18/53.jpg,ypsilon,6,18
ypsilon/6/18/54.jpg,ypsilon,6,18
ypsilon/6/18/55.jpg,ypsilon,6,18
ypsilon/6/18/56.jpg,ypsilon,6,18
ypsilon/6/18/57.jpg,ypsilon,6,18
ypsilon/6/18/58.jpg,ypsilon,6,18
ypsilon/6/18/59.jpg,ypsilon,6,18
ypsilon/6/18/6.jpg,ypsilon,6,18
ypsilon/6/18/60.jpg,ypsilon,6,18
ypsilon/6/18/61.jpg,ypsilon,6,18
ypsilon/6/18/62.jpg,ypsilon,6,18
ypsilon/6/18/63.jpg,ypsilon,6,18
ypsilon/6/18/64.jpg,ypsilon,6,18
ypsilon/6/18/65.jpg,ypsilon,6,18
ypsilon/6/18/66.jpg,ypsilon,6,18
ypsilon/6/18/67.jpg,ypsilon,6,18
ypsilon/6/18/68.jpg,ypsilon,6,18
ypsilon/6/18/69.jpg,ypsilon,6,18
ypsilon/6/18/7.jpg,ypsilon,6,18
ypsilon/6/18/70.jpg,ypsilon,6,18
ypsilon/6/18/71.jpg,ypsilon,6,18
ypsilon/6/18/72.jpg,ypsilon,6,18
ypsilon/6/18/73.jpg,ypsilon,6,18
ypsilon/6/18/74.jpg,ypsilon,6,18
ypsilon/6/18/75.jpg,ypsilon,6,18
ypsilon/6/18/76.jpg,ypsilon,6,18
ypsilon/6/18/77.jpg,ypsilon,6,18
ypsilon/6/18/78.jpg,ypsilon,6,18
ypsilon/6/18/79.jpg,ypsilon,6,18
ypsilon/6/18/8.jpg,ypsilon,6,18
ypsilon/6/18/80.jpg,ypsilon,6,18
ypsilon/6/18/81.jpg,ypsilon,6,18
ypsilon/6/18/82.jpg,ypsilon,6,18
ypsilon/6/18/83.jpg,ypsilon,6,18
ypsilon/6/18/84.jpg,ypsilon,6,18
ypsilon/6/18/85.jpg,ypsilon,6,18
ypsilon/6/18/86.jpg,ypsilon,6,18
ypsilon/6/18/87.jpg,ypsilon,6,18
ypsilon/6/18/88.jpg,ypsilon,6,18
ypsilon/6/18/89.jpg,ypsilon,6,18
ypsilon/6/18/9.jpg,ypsilon,6,18
ypsilon/6/18/90.jpg,ypsilon,6,18
ypsilon/6/18/91.jpg,ypsilon,6,18
ypsilon/6/18/92.jpg,ypsilon,6,18
ypsilon/6/18/93.jpg,ypsilon,6,18
ypsilon/6/18/94.jpg,ypsilon,6,18
ypsilon/6/18/95.jpg,ypsilon,6,18
ypsilon/6/18/96.jpg,ypsilon,6,18
ypsilon/6/18/97.jpg,ypsilon,6,18
ypsilon/6/18/98.jpg,ypsilon,6,18
ypsilon/6/18/99.jpg,ypsilon,6,18
ypsilon/6/19/1.jpg,ypsilon,6,19
ypsilon/6/19/10.jpg,ypsilon,6,19
ypsilon/6/19/100.jpg,ypsilon,6,19
ypsilon/6/19/101.jpg,ypsilon,6,19
ypsilon/6/19/102.jpg,ypsilon,6,19
ypsilon/6/19/103.jpg,ypsilon,6,19
ypsilon/6/19/104.jpg,ypsilon,6,19
ypsilon/6/19/105.jpg,ypsilon,6,19
ypsilon/6/19/106.jpg,ypsilon,6,19
ypsilon/6/19/107.jpg,ypsilon,6,19
ypsilon/6/19/108.jpg,ypsilon,6,19
ypsilon/6/19/109.jpg,ypsilon,6,19
ypsilon/6/19/11.jpg,ypsilon,6,19
ypsilon/6/19/110.jpg,ypsilon,6,19
ypsilon/6/19/111.jpg,ypsilon,6,19
ypsilon/6/19/112.jpg,ypsilon,6,19
ypsilon/6/19/113.jpg,ypsilon,6,19
ypsilon/6/19/114.jpg,ypsilon,6,19
ypsilon/6/19/115.jpg,ypsilon,6,19
ypsilon/6/19/116.jpg,ypsilon,6,19
ypsilon/6/19/117.jpg,ypsilon,6,19
ypsilon/6/19/118.jpg,ypsilon,6,19
ypsilon/6/19/119.jpg,ypsilon,6,19
ypsilon/6/19/12.jpg,ypsilon,6,19
ypsilon/6/19/120.jpg,ypsilon,6,19
ypsilon/6/19/121.jpg,ypsilon,6,19
ypsilon/6/19/122.jpg,ypsilon,6,19
ypsilon/6/19/123.jpg,ypsilon,6,19
ypsilon/6/19/124.jpg,ypsilon,6,19
ypsilon/6/19/125.jpg,ypsilon,6,19
ypsilon/6/19/126.jpg,ypsilon,6,19
ypsilon/6/19/127.jpg,ypsilon,6,19
ypsilon/6/19/128.jpg,ypsilon,6,19
ypsilon/6/19/129.jpg,ypsilon,6,19
ypsilon/6/19/13.jpg,ypsilon,6,19
ypsilon/6/19/130.jpg,ypsilon,6,19
ypsilon/6/19/131.jpg,ypsilon,6,19
ypsilon/6/19/132.jpg,ypsilon,6,19
ypsilon/6/19/133.jpg,ypsilon,6,19
ypsilon/6/19/134.jpg,ypsilon,6,19
ypsilon/6/19/135.jpg,ypsilon,6,19
ypsilon/6/19/136.jpg,ypsilon,6,19
ypsilon/6/19/137.jpg,ypsilon,6,19
ypsilon/6/19/138.jpg,ypsilon,6,19
ypsilon/6/19/139.jpg,ypsilon,6,19
ypsilon/6/19/14.jpg,ypsilon,6,19
ypsilon/6/19/140.jpg,ypsilon,6,19
ypsilon/6/19/141.jpg,ypsilon,6,19
ypsilon/6/19/142.jpg,ypsilon,6,19
ypsilon/6/19/143.jpg,ypsilon,6,19
ypsilon/6/19/144.jpg,ypsilon,6,19
ypsilon/6/19/145.jpg,ypsilon,6,19
ypsilon/6/19/146.jpg,ypsilon,6,19
ypsilon/6/19/147.jpg,ypsilon,6,19
ypsilon/6/19/148.jpg,ypsilon,6,19
ypsilon/6/19/149.jpg,ypsilon,6,19
ypsilon/6/19/15.jpg,ypsilon,6,19
ypsilon/6/19/150.jpg,ypsilon,6,19
ypsilon/6/19/151.jpg,ypsilon,6,19
ypsilon/6/19/152.jpg,ypsilon,6,19
ypsilon/6/19/153.jpg,ypsilon,6,19
ypsilon/6/19/154.jpg,ypsilon,6,19
ypsilon/6/19/155.jpg,ypsilon,6,19
ypsilon/6/19/156.jpg,ypsilon,6,19
ypsilon/6/19/157.jpg,ypsilon,6,19
ypsilon/6/19/158.jpg,ypsilon,6,19
ypsilon/6/19/159.jpg,ypsilon,6,19
ypsilon/6/19/16.jpg,ypsilon,6,19
ypsilon/6/19/160.jpg,ypsilon,6,19
ypsilon/6/19/161.jpg,ypsilon,6,19
ypsilon/6/19/162.jpg,ypsilon,6,19
ypsilon/6/19/163.jpg,ypsilon,6,19
ypsilon/6/19/164.jpg,ypsilon,6,19
ypsilon/6/19/165.jpg,ypsilon,6,19
ypsilon/6/19/166.jpg,ypsilon,6,19
ypsilon/6/19/167.jpg,ypsilon,6,19
ypsilon/6/19/168.jpg,ypsilon,6,19
ypsilon/6/19/169.jpg,ypsilon,6,19
ypsilon/6/19/17.jpg,ypsilon,6,19
ypsilon/6/19/170.jpg,ypsilon,6,19
ypsilon/6/19/171.jpg,ypsilon,6,19
ypsilon/6/19/172.jpg,ypsilon,6,19
ypsilon/6/19/173.jpg,ypsilon,6,19
ypsilon/6/19/174.jpg,ypsilon,6,19
ypsilon/6/19/175.jpg,ypsilon,6,19
ypsilon/6/19/176.jpg,ypsilon,6,19
ypsilon/6/19/177.jpg,ypsilon,6,19
ypsilon/6/19/178.jpg,ypsilon,6,19
ypsilon/6/19/179.jpg,ypsilon,6,19
ypsilon/6/19/18.jpg,ypsilon,6,19
ypsilon/6/19/180.jpg,ypsilon,6,19
ypsilon/6/19/181.jpg,ypsilon,6,19
ypsilon/6/19/182.jpg,ypsilon,6,19
ypsilon/6/19/183.jpg,ypsilon,6,19
ypsilon/6/19/184.jpg,ypsilon,6,19
ypsilon/6/19/185.jpg,ypsilon,6,19
ypsilon/6/19/186.jpg,ypsilon,6,19
ypsilon/6/19/187.jpg,ypsilon,6,19
ypsilon/6/19/188.jpg,ypsilon,6,19
ypsilon/6/19/189.jpg,ypsilon,6,19
ypsilon/6/19/19.jpg,ypsilon,6,19
ypsilon/6/19/190.jpg,ypsilon,6,19
ypsilon/6/19/191.jpg,ypsilon,6,19
ypsilon/6/19/192.jpg,ypsilon,6,19
ypsilon/6/19/193.jpg,ypsilon,6,19
ypsilon/6/19/194.jpg,ypsilon,6,19
ypsilon/6/19/195.jpg,ypsilon,6,19
ypsilon/6/19/196.jpg,ypsilon,6,19
ypsilon/6/19/197.jpg,ypsilon,6,19
ypsilon/6/19/198.jpg,ypsilon,6,19
ypsilon/6/19/199.jpg,ypsilon,6,19
ypsilon/6/19/2.jpg,ypsilon,6,19
ypsilon/6/19/20.jpg,ypsilon,6,19
ypsilon/6/19/200.jpg,ypsilon,6,19
ypsilon/6/19/21.jpg,ypsilon,6,19
ypsilon/6/19/22.jpg,ypsilon,6,19
ypsilon/6/19/23.jpg,ypsilon,6,19
ypsilon/6/19/24.jpg,ypsilon,6,19
ypsilon/6/19/25.jpg,ypsilon,6,19
ypsilon/6/19/26.jpg,ypsilon,6,19
ypsilon/6/19/27.jpg,ypsilon,6,19
ypsilon/6/19/28.jpg,ypsilon,6,19
ypsilon/6/19/29.jpg,ypsilon,6,19
ypsilon/6/19/3.jpg,ypsilon,6,19
ypsilon/6/19/30.jpg,ypsilon,6,19
ypsilon/6/19/31.jpg,ypsilon,6,19
ypsilon/6/19/32.jpg,ypsilon,6,19
ypsilon/6/19/33.jpg,ypsilon,6,19
ypsilon/6/19/34.jpg,ypsilon,6,19
ypsilon/6/19/35.jpg,ypsilon,6,19
ypsilon/6/19/36.jpg,ypsilon,6,19
ypsilon/6/19/37.jpg,ypsilon,6,19
ypsilon/6/19/38.jpg,ypsilon,6,19
ypsilon/6/19/39.jpg,ypsilon,6,19
ypsilon/6/19/4.jpg,ypsilon,6,19
ypsilon/6/19/40.jpg,ypsilon,6,19
ypsilon/6/19/41.jpg,ypsilon,6,19
ypsilon/6/19/42.jpg,ypsilon,6,19
ypsilon/6/19/43.jpg,ypsilon,6,19
ypsilon/6/19/44.jpg,ypsilon,6,19
ypsilon/6/19/45.jpg,ypsilon,6,19
ypsilon/6/19/46.jpg,ypsilon,6,19
ypsilon/6/19/47.jpg,ypsilon,6,19
ypsilon/6/19/48.jpg,ypsilon,6,19
ypsilon/6/19/49.jpg,ypsilon,6,19
ypsilon/6/19/5.jpg,ypsilon,6,19
ypsilon/6/19/50.jpg,ypsilon,6,19
ypsilon/6/19/51.jpg,ypsilon,6,19
ypsilon/6/19/52.jpg,ypsilon,6,19
ypsilon/6/19/53.jpg,ypsilon,6,19
ypsilon/6/19/54.jpg,ypsilon,6,19
ypsilon/6/19/55.jpg,ypsilon,6,19
ypsilon/6/19/56.jpg,ypsilon,6,19
ypsilon/6/19/57.jpg,ypsilon,6,19
ypsilon/6/19/58.jpg,ypsilon,6,19
ypsilon/6/19/59.jpg,ypsilon,6,19
ypsilon/6/19/6.jpg,ypsilon,6,19
ypsilon/6/19/60.jpg,ypsilon,6,19
ypsilon/6/19/61.jpg,ypsilon,6,19
ypsilon/6/19/62.jpg,ypsilon,6,19
ypsilon/6/19/63.jpg,ypsilon,6,19
ypsilon/6/19/64.jpg,ypsilon,6,19
ypsilon/6/19/65.jpg,ypsilon,6,19
ypsilon/6/19/66.jpg,ypsilon,6,19
ypsilon/6/19/67.jpg,ypsilon,6,19
ypsilon/6/19/68.jpg,ypsilon,6,19
ypsilon/6/19/69.jpg,ypsilon,6,19
ypsilon/6/19/7.jpg,ypsilon,6,19
ypsilon/6/19/70.jpg,ypsilon,6,19
ypsilon/6/19/71.jpg,ypsilon,6,19
ypsilon/6/19/72.jpg,ypsilon,6,19
ypsilon/6/19/73.jpg,ypsilon,6,19
ypsilon/6/19/74.jpg,ypsilon,6,19
ypsilon/6/19/75.jpg,ypsilon,6,19
ypsilon/6/19/76.jpg,ypsilon,6,19
ypsilon/6/19/77.jpg,ypsilon,6,19
ypsilon/6/19/78.jpg,ypsilon,6,19
ypsilon/6/19/79.jpg,ypsilon,6,19
ypsilon/6/19/8.jpg,ypsilon,6,19
ypsilon/6/19/80.jpg,ypsilon,6,19
ypsilon/6/19/81.jpg,ypsilon,6,19
ypsilon/6/19/82.jpg,ypsilon,6,19
ypsilon/6/19/83.jpg,ypsilon,6,19
ypsilon/6/19/84.jpg,ypsilon,6,19
ypsilon/6/19/85.jpg,ypsilon,6,19
ypsilon/6/19/86.jpg,ypsilon,6,19
ypsilon/6/19/87.jpg,ypsilon,6,19
ypsilon/6/19/88.jpg,ypsilon,6,19
ypsilon/6/19/89.jpg,ypsilon,6,19
ypsilon/6/19/9.jpg,ypsilon,6,19
ypsilon/6/19/90.jpg,ypsilon,6,19
ypsilon/6/19/91.jpg,ypsilon,6,19
ypsilon/6/19/92.jpg,ypsilon,6,19
ypsilon/6/19/93.jpg,ypsilon,6,19
ypsilon/6/19/94.jpg,ypsilon,6,19
ypsilon/6/19/95.jpg,ypsilon,6,19
ypsilon/6/19/96.jpg,ypsilon,6,19
ypsilon/6/19/97.jpg,ypsilon,6,19
ypsilon/6/19/98.jpg,ypsilon,6,19
ypsilon/6/19/99.jpg,ypsilon,6,19
ypsilon/6/20/1.jpg,ypsilon,6,20
ypsilon/6/20/10.jpg,ypsilon,6,20
ypsilon/6/20/100.jpg,ypsilon,6,20
ypsilon/6/20/101.jpg,ypsilon,6,20
ypsilon/6/20/102.jpg,ypsilon,6,20
ypsilon/6/20/103.jpg,ypsilon,6,20
ypsilon/6/20/104.jpg,ypsilon,6,20
ypsilon/6/20/105.jpg,ypsilon,6,20
ypsilon/6/20/106.jpg,ypsilon,6,20
ypsilon/6/20/107.jpg,ypsilon,6,20
ypsilon/6/20/108.jpg,ypsilon,6,20
ypsilon/6/20/109.jpg,ypsilon,6,20
ypsilon/6/20/11.jpg,ypsilon,6,20
ypsilon/6/20/110.jpg,ypsilon,6,20
ypsilon/6/20/111.jpg,ypsilon,6,20
ypsilon/6/20/112.jpg,ypsilon,6,20
ypsilon/6/20/113.jpg,ypsilon,6,20
ypsilon/6/20/114.jpg,ypsilon,6,20
ypsilon/6/20/115.jpg,ypsilon,6,20
ypsilon/6/20/116.jpg,ypsilon,6,20
ypsilon/6/20/117.jpg,ypsilon,6,20
ypsilon/6/20/118.jpg,ypsilon,6,20
ypsilon/6/20/119.jpg,ypsilon,6,20
ypsilon/6/20/12.jpg,ypsilon,6,20
ypsilon/6/20/120.jpg,ypsilon,6,20
ypsilon/6/20/121.jpg,ypsilon,6,20
ypsilon/6/20/122.jpg,ypsilon,6,20
ypsilon/6/20/123.jpg,ypsilon,6,20
ypsilon/6/20/124.jpg,ypsilon,6,20
ypsilon/6/20/125.jpg,ypsilon,6,20
ypsilon/6/20/126.jpg,ypsilon,6,20
ypsilon/6/20/127.jpg,ypsilon,6,20
ypsilon/6/20/128.jpg,ypsilon,6,20
ypsilon/6/20/129.jpg,ypsilon,6,20
ypsilon/6/20/13.jpg,ypsilon,6,20
ypsilon/6/20/130.jpg,ypsilon,6,20
ypsilon/6/20/131.jpg,ypsilon,6,20
ypsilon/6/20/132.jpg,ypsilon,6,20
ypsilon/6/20/133.jpg,ypsilon,6,20
ypsilon/6/20/134.jpg,ypsilon,6,20
ypsilon/6/20/135.jpg,ypsilon,6,20
ypsilon/6/20/136.jpg,ypsilon,6,20
ypsilon/6/20/137.jpg,ypsilon,6,20
ypsilon/6/20/138.jpg,ypsilon,6,20
ypsilon/6/20/139.jpg,ypsilon,6,20
ypsilon/6/20/14.jpg,ypsilon,6,20
ypsilon/6/20/140.jpg,ypsilon,6,20
ypsilon/6/20/141.jpg,ypsilon,6,20
ypsilon/6/20/142.jpg,ypsilon,6,20
ypsilon/6/20/143.jpg,ypsilon,6,20
ypsilon/6/20/144.jpg,ypsilon,6,20
ypsilon/6/20/145.jpg,ypsilon,6,20
ypsilon/6/20/146.jpg,ypsilon,6,20
ypsilon/6/20/147.jpg,ypsilon,6,20
ypsilon/6/20/148.jpg,ypsilon,6,20
ypsilon/6/20/149.jpg,ypsilon,6,20
ypsilon/6/20/15.jpg,ypsilon,6,20
ypsilon/6/20/150.jpg,ypsilon,6,20
ypsilon/6/20/151.jpg,ypsilon,6,20
ypsilon/6/20/152.jpg,ypsilon,6,20
ypsilon/6/20/153.jpg,ypsilon,6,20
ypsilon/6/20/154.jpg,ypsilon,6,20
ypsilon/6/20/155.jpg,ypsilon,6,20
ypsilon/6/20/156.jpg,ypsilon,6,20
ypsilon/6/20/157.jpg,ypsilon,6,20
ypsilon/6/20/158.jpg,ypsilon,6,20
ypsilon/6/20/159.jpg,ypsilon,6,20
ypsilon/6/20/16.jpg,ypsilon,6,20
ypsilon/6/20/160.jpg,ypsilon,6,20
ypsilon/6/20/161.jpg,ypsilon,6,20
ypsilon/6/20/162.jpg,ypsilon,6,20
ypsilon/6/20/163.jpg,ypsilon,6,20
ypsilon/6/20/164.jpg,ypsilon,6,20
ypsilon/6/20/165.jpg,ypsilon,6,20
ypsilon/6/20/166.jpg,ypsilon,6,20
ypsilon/6/20/167.jpg,ypsilon,6,20
ypsilon/6/20/168.jpg,ypsilon,6,20
ypsilon/6/20/169.jpg,ypsilon,6,20
ypsilon/6/20/17.jpg,ypsilon,6,20
ypsilon/6/20/170.jpg,ypsilon,6,20
ypsilon/6/20/171.jpg,ypsilon,6,20
ypsilon/6/20/172.jpg,ypsilon,6,20
ypsilon/6/20/173.jpg,ypsilon,6,20
ypsilon/6/20/174.jpg,ypsilon,6,20
ypsilon/6/20/175.jpg,ypsilon,6,20
ypsilon/6/20/176.jpg,ypsilon,6,20
ypsilon/6/20/177.jpg,ypsilon,6,20
ypsilon/6/20/178.jpg,ypsilon,6,20
ypsilon/6/20/179.jpg,ypsilon,6,20
ypsilon/6/20/18.jpg,ypsilon,6,20
ypsilon/6/20/180.jpg,ypsilon,6,20
ypsilon/6/20/181.jpg,ypsilon,6,20
ypsilon/6/20/182.jpg,ypsilon,6,20
ypsilon/6/20/183.jpg,ypsilon,6,20
ypsilon/6/20/184.jpg,ypsilon,6,20
ypsilon/6/20/185.jpg,ypsilon,6,20
ypsilon/6/20/186.jpg,ypsilon,6,20
ypsilon/6/20/187.jpg,ypsilon,6,20
ypsilon/6/20/188.jpg,ypsilon,6,20
ypsilon/6/20/189.jpg,ypsilon,6,20
ypsilon/6/20/19.jpg,ypsilon,6,20
ypsilon/6/20/190.jpg,ypsilon,6,20
ypsilon/6/20/191.jpg,ypsilon,6,20
ypsilon/6/20/192.jpg,ypsilon,6,20
ypsilon/6/20/193.jpg,ypsilon,6,20
ypsilon/6/20/194.jpg,ypsilon,6,20
ypsilon/6/20/195.jpg,ypsilon,6,20
ypsilon/6/20/196.jpg,ypsilon,6,20
ypsilon/6/20/197.jpg,ypsilon,6,20
ypsilon/6/20/198.jpg,ypsilon,6,20
ypsilon/6/20/199.jpg,ypsilon,6,20
ypsilon/6/20/2.jpg,ypsilon,6,20
ypsilon/6/20/20.jpg,ypsilon,6,20
ypsilon/6/20/200.jpg,ypsilon,6,20
ypsilon/6/20/21.jpg,ypsilon,6,20
ypsilon/6/20/22.jpg,ypsilon,6,20
ypsilon/6/20/23.jpg,ypsilon,6,20
ypsilon/6/20/24.jpg,ypsilon,6,20
ypsilon/6/20/25.jpg,ypsilon,6,20
ypsilon/6/20/26.jpg,ypsilon,6,20
ypsilon/6/20/27.jpg,ypsilon,6,20
ypsilon/6/20/28.jpg,ypsilon,6,20
ypsilon/6/20/29.jpg,ypsilon,6,20
ypsilon/6/20/3.jpg,ypsilon,6,20
ypsilon/6/20/30.jpg,ypsilon,6,20
ypsilon/6/20/31.jpg,ypsilon,6,20
ypsilon/6/20/32.jpg,ypsilon,6,20
ypsilon/6/20/33.jpg,ypsilon,6,20
ypsilon/6/20/34.jpg,ypsilon,6,20
ypsilon/6/20/35.jpg,ypsilon,6,20
ypsilon/6/20/36.jpg,ypsilon,6,20
ypsilon/6/20/37.jpg,ypsilon,6,20
ypsilon/6/20/38.jpg,ypsilon,6,20
ypsilon/6/20/39.jpg,ypsilon,6,20
ypsilon/6/20/4.jpg,ypsilon,6,20
ypsilon/6/20/40.jpg,ypsilon,6,20
ypsilon/6/20/41.jpg,ypsilon,6,20
ypsilon/6/20/42.jpg,ypsilon,6,20
ypsilon/6/20/43.jpg,ypsilon,6,20
ypsilon/6/20/44.jpg,ypsilon,6,20
ypsilon/6/20/45.jpg,ypsilon,6,20
ypsilon/6/20/46.jpg,ypsilon,6,20
ypsilon/6/20/47.jpg,ypsilon,6,20
ypsilon/6/20/48.jpg,ypsilon,6,20
ypsilon/6/20/49.jpg,ypsilon,6,20
ypsilon/6/20/5.jpg,ypsilon,6,20
ypsilon/6/20/50.jpg,ypsilon,6,20
ypsilon/6/20/51.jpg,ypsilon,6,20
ypsilon/6/20/52.jpg,ypsilon,6,20
ypsilon/6/20/53.jpg,ypsilon,6,20
ypsilon/6/20/54.jpg,ypsilon,6,20
ypsilon/6/20/55.jpg,ypsilon,6,20
ypsilon/6/20/56.jpg,ypsilon,6,20
ypsilon/6/20/57.jpg,ypsilon,6,20
ypsilon/6/20/58.jpg,ypsilon,6,20
ypsilon/6/20/59.jpg,ypsilon,6,20
ypsilon/6/20/6.jpg,ypsilon,6,20
ypsilon/6/20/60.jpg,ypsilon,6,20
ypsilon/6/20/61.jpg,ypsilon,6,20
ypsilon/6/20/62.jpg,ypsilon,6,20
ypsilon/6/20/63.jpg,ypsilon,6,20
ypsilon/6/20/64.jpg,ypsilon,6,20
ypsilon/6/20/65.jpg,ypsilon,6,20
ypsilon/6/20/66.jpg,ypsilon,6,20
ypsilon/6/20/67.jpg,ypsilon,6,20
ypsilon/6/20/68.jpg,ypsilon,6,20
ypsilon/6/20/69.jpg,ypsilon,6,20
ypsilon/6/20/7.jpg,ypsilon,6,20
ypsilon/6/20/70.jpg,ypsilon,6,20
ypsilon/6/20/71.jpg,ypsilon,6,20
ypsilon/6/20/72.jpg,ypsilon,6,20
ypsilon/6/20/73.jpg,ypsilon,6,20
ypsilon/6/20/74.jpg,ypsilon,6,20
ypsilon/6/20/75.jpg,ypsilon,6,20
ypsilon/6/20/76.jpg,ypsilon,6,20
ypsilon/6/20/77.jpg,ypsilon,6,20
ypsilon/6/20/78.jpg,ypsilon,6,20
ypsilon/6/20/79.jpg,ypsilon,6,20
ypsilon/6/20/8.jpg,ypsilon,6,20
ypsilon/6/20/80.jpg,ypsilon,6,20
ypsilon/6/20/81.jpg,ypsilon,6,20
ypsilon/6/20/82.jpg,ypsilon,6,20
ypsilon/6/20/83.jpg,ypsilon,6,20
ypsilon/6/20/84.jpg,ypsilon,6,20
ypsilon/6/20/85.jpg,ypsilon,6,20
ypsilon/6/20/86.jpg,ypsilon,6,20
ypsilon/6/20/87.jpg,ypsilon,6,20
ypsilon/6/20/88.jpg,ypsilon,6,20
ypsilon/6/20/89.jpg,ypsilon,6,20
ypsilon/6/20/9.jpg,ypsilon,6,20
ypsilon/6/20/90.jpg,ypsilon,6,20
ypsilon/6/20/91.jpg,ypsilon,6,20
ypsilon/6/20/92.jpg,ypsilon,6,20
ypsilon/6/20/93.jpg,ypsilon,6,20
ypsilon/6/20/94.jpg,ypsilon,6,20
ypsilon/6/20/95.jpg,ypsilon,6,20
ypsilon/6/20/96.jpg,ypsilon,6,20
ypsilon/6/20/97.jpg,ypsilon,6,20
ypsilon/6/20/98.jpg,ypsilon,6,20
ypsilon/6/20/99.jpg,ypsilon,6,20
